date,location,total_cases,new_cases,total_deaths,new_deaths,total_cases_per_million,total_deaths_per_million,people_vaccinated,people_fully_vaccinated,population
2020-02-24,Afghanistan,5.0,5.0,0.0,0.0,0.126,0.0,0.0,0.0,39835428.0
2020-02-25,Afghanistan,5.0,0.0,0.0,0.0,0.126,0.0,0.0,0.0,39835428.0
2020-02-26,Afghanistan,5.0,0.0,0.0,0.0,0.126,0.0,0.0,0.0,39835428.0
2020-02-27,Afghanistan,5.0,0.0,0.0,0.0,0.126,0.0,0.0,0.0,39835428.0
2020-02-28,Afghanistan,5.0,0.0,0.0,0.0,0.126,0.0,0.0,0.0,39835428.0
2020-02-29,Afghanistan,5.0,0.0,0.0,0.0,0.126,0.0,0.0,0.0,39835428.0
2020-03-01,Afghanistan,5.0,0.0,0.0,0.0,0.126,0.0,0.0,0.0,39835428.0
2020-03-02,Afghanistan,5.0,0.0,0.0,0.0,0.126,0.0,0.0,0.0,39835428.0
2020-03-03,Afghanistan,5.0,0.0,0.0,0.0,0.126,0.0,0.0,0.0,39835428.0
2020-03-04,Afghanistan,5.0,0.0,0.0,0.0,0.126,0.0,0.0,0.0,39835428.0
2020-03-05,Afghanistan,5.0,0.0,0.0,0.0,0.126,0.0,0.0,0.0,39835428.0
2020-03-06,Afghanistan,5.0,0.0,0.0,0.0,0.126,0.0,0.0,0.0,39835428.0
2020-03-07,Afghanistan,8.0,3.0,0.0,0.0,0.201,0.0,0.0,0.0,39835428.0
2020-03-08,Afghanistan,8.0,0.0,0.0,0.0,0.201,0.0,0.0,0.0,39835428.0
2020-03-09,Afghanistan,8.0,0.0,0.0,0.0,0.201,0.0,0.0,0.0,39835428.0
2020-03-10,Afghanistan,8.0,0.0,0.0,0.0,0.201,0.0,0.0,0.0,39835428.0
2020-03-11,Afghanistan,11.0,3.0,0.0,0.0,0.276,0.0,0.0,0.0,39835428.0
2020-03-12,Afghanistan,11.0,0.0,0.0,0.0,0.276,0.0,0.0,0.0,39835428.0
2020-03-13,Afghanistan,11.0,0.0,0.0,0.0,0.276,0.0,0.0,0.0,39835428.0
2020-03-14,Afghanistan,14.0,3.0,0.0,0.0,0.351,0.0,0.0,0.0,39835428.0
2020-03-15,Afghanistan,20.0,6.0,0.0,0.0,0.502,0.0,0.0,0.0,39835428.0
2020-03-16,Afghanistan,25.0,5.0,0.0,0.0,0.628,0.0,0.0,0.0,39835428.0
2020-03-17,Afghanistan,26.0,1.0,0.0,0.0,0.653,0.0,0.0,0.0,39835428.0
2020-03-18,Afghanistan,26.0,0.0,0.0,0.0,0.653,0.0,0.0,0.0,39835428.0
2020-03-19,Afghanistan,26.0,0.0,0.0,0.0,0.653,0.0,0.0,0.0,39835428.0
2020-03-20,Afghanistan,24.0,0.0,0.0,0.0,0.602,0.0,0.0,0.0,39835428.0
2020-03-21,Afghanistan,24.0,0.0,0.0,0.0,0.602,0.0,0.0,0.0,39835428.0
2020-03-22,Afghanistan,34.0,10.0,0.0,0.0,0.854,0.0,0.0,0.0,39835428.0
2020-03-23,Afghanistan,40.0,6.0,1.0,1.0,1.004,0.025,0.0,0.0,39835428.0
2020-03-24,Afghanistan,42.0,2.0,1.0,0.0,1.054,0.025,0.0,0.0,39835428.0
2020-03-25,Afghanistan,74.0,32.0,1.0,0.0,1.858,0.025,0.0,0.0,39835428.0
2020-03-26,Afghanistan,80.0,6.0,2.0,1.0,2.008,0.05,0.0,0.0,39835428.0
2020-03-27,Afghanistan,91.0,11.0,2.0,0.0,2.284,0.05,0.0,0.0,39835428.0
2020-03-28,Afghanistan,106.0,15.0,2.0,0.0,2.661,0.05,0.0,0.0,39835428.0
2020-03-29,Afghanistan,114.0,8.0,4.0,2.0,2.862,0.1,0.0,0.0,39835428.0
2020-03-30,Afghanistan,114.0,0.0,4.0,0.0,2.862,0.1,0.0,0.0,39835428.0
2020-03-31,Afghanistan,166.0,52.0,4.0,0.0,4.167,0.1,0.0,0.0,39835428.0
2020-04-01,Afghanistan,192.0,26.0,4.0,0.0,4.82,0.1,0.0,0.0,39835428.0
2020-04-02,Afghanistan,235.0,43.0,4.0,0.0,5.899,0.1,0.0,0.0,39835428.0
2020-04-03,Afghanistan,269.0,34.0,5.0,1.0,6.753,0.126,0.0,0.0,39835428.0
2020-04-04,Afghanistan,270.0,1.0,5.0,0.0,6.778,0.126,0.0,0.0,39835428.0
2020-04-05,Afghanistan,299.0,29.0,7.0,2.0,7.506,0.176,0.0,0.0,39835428.0
2020-04-06,Afghanistan,337.0,38.0,7.0,0.0,8.46,0.176,0.0,0.0,39835428.0
2020-04-07,Afghanistan,367.0,30.0,11.0,4.0,9.213,0.276,0.0,0.0,39835428.0
2020-04-08,Afghanistan,423.0,56.0,14.0,3.0,10.619,0.351,0.0,0.0,39835428.0
2020-04-09,Afghanistan,444.0,21.0,15.0,1.0,11.146,0.377,0.0,0.0,39835428.0
2020-04-10,Afghanistan,521.0,77.0,15.0,0.0,13.079,0.377,0.0,0.0,39835428.0
2020-04-11,Afghanistan,521.0,0.0,15.0,0.0,13.079,0.377,0.0,0.0,39835428.0
2020-04-12,Afghanistan,555.0,34.0,18.0,3.0,13.932,0.452,0.0,0.0,39835428.0
2020-04-13,Afghanistan,607.0,52.0,19.0,1.0,15.238,0.477,0.0,0.0,39835428.0
2020-04-14,Afghanistan,665.0,58.0,22.0,3.0,16.694,0.552,0.0,0.0,39835428.0
2020-04-15,Afghanistan,770.0,105.0,25.0,3.0,19.33,0.628,0.0,0.0,39835428.0
2020-04-16,Afghanistan,794.0,24.0,29.0,4.0,19.932,0.728,0.0,0.0,39835428.0
2020-04-17,Afghanistan,845.0,51.0,30.0,1.0,21.212,0.753,0.0,0.0,39835428.0
2020-04-18,Afghanistan,908.0,63.0,30.0,0.0,22.794,0.753,0.0,0.0,39835428.0
2020-04-19,Afghanistan,933.0,25.0,30.0,0.0,23.421,0.753,0.0,0.0,39835428.0
2020-04-20,Afghanistan,996.0,63.0,33.0,3.0,25.003,0.828,0.0,0.0,39835428.0
2020-04-21,Afghanistan,1026.0,30.0,36.0,3.0,25.756,0.904,0.0,0.0,39835428.0
2020-04-22,Afghanistan,1092.0,66.0,36.0,0.0,27.413,0.904,0.0,0.0,39835428.0
2020-04-23,Afghanistan,1176.0,84.0,40.0,4.0,29.521,1.004,0.0,0.0,39835428.0
2020-04-24,Afghanistan,1226.0,50.0,40.0,0.0,30.777,1.004,0.0,0.0,39835428.0
2020-04-25,Afghanistan,1330.0,104.0,43.0,3.0,33.387,1.079,0.0,0.0,39835428.0
2020-04-26,Afghanistan,1463.0,133.0,49.0,6.0,36.726,1.23,0.0,0.0,39835428.0
2020-04-27,Afghanistan,1531.0,68.0,50.0,1.0,38.433,1.255,0.0,0.0,39835428.0
2020-04-28,Afghanistan,1703.0,172.0,60.0,10.0,42.751,1.506,0.0,0.0,39835428.0
2020-04-29,Afghanistan,1827.0,124.0,60.0,0.0,45.864,1.506,0.0,0.0,39835428.0
2020-04-30,Afghanistan,1827.0,0.0,60.0,0.0,45.864,1.506,0.0,0.0,39835428.0
2020-05-01,Afghanistan,2171.0,344.0,64.0,4.0,54.499,1.607,0.0,0.0,39835428.0
2020-05-02,Afghanistan,2469.0,298.0,72.0,8.0,61.98,1.807,0.0,0.0,39835428.0
2020-05-03,Afghanistan,2469.0,0.0,72.0,0.0,61.98,1.807,0.0,0.0,39835428.0
2020-05-04,Afghanistan,2469.0,0.0,72.0,0.0,61.98,1.807,0.0,0.0,39835428.0
2020-05-05,Afghanistan,2469.0,0.0,72.0,0.0,61.98,1.807,0.0,0.0,39835428.0
2020-05-06,Afghanistan,3224.0,755.0,95.0,23.0,80.933,2.385,0.0,0.0,39835428.0
2020-05-07,Afghanistan,3392.0,168.0,104.0,9.0,85.15,2.611,0.0,0.0,39835428.0
2020-05-08,Afghanistan,3563.0,171.0,105.0,1.0,89.443,2.636,0.0,0.0,39835428.0
2020-05-09,Afghanistan,3563.0,0.0,105.0,0.0,89.443,2.636,0.0,0.0,39835428.0
2020-05-10,Afghanistan,4402.0,839.0,119.0,14.0,110.505,2.987,0.0,0.0,39835428.0
2020-05-11,Afghanistan,4664.0,262.0,120.0,1.0,117.082,3.012,0.0,0.0,39835428.0
2020-05-12,Afghanistan,4967.0,303.0,127.0,7.0,124.688,3.188,0.0,0.0,39835428.0
2020-05-13,Afghanistan,4967.0,0.0,127.0,0.0,124.688,3.188,0.0,0.0,39835428.0
2020-05-14,Afghanistan,5339.0,372.0,136.0,9.0,134.026,3.414,0.0,0.0,39835428.0
2020-05-15,Afghanistan,6053.0,714.0,153.0,17.0,151.95,3.841,0.0,0.0,39835428.0
2020-05-16,Afghanistan,6402.0,349.0,168.0,15.0,160.711,4.217,0.0,0.0,39835428.0
2020-05-17,Afghanistan,6635.0,233.0,169.0,1.0,166.56,4.242,0.0,0.0,39835428.0
2020-05-18,Afghanistan,7072.0,437.0,173.0,4.0,177.53,4.343,0.0,0.0,39835428.0
2020-05-19,Afghanistan,7655.0,583.0,177.0,4.0,192.166,4.443,0.0,0.0,39835428.0
2020-05-20,Afghanistan,8145.0,490.0,187.0,10.0,204.466,4.694,0.0,0.0,39835428.0
2020-05-21,Afghanistan,8676.0,531.0,193.0,6.0,217.796,4.845,0.0,0.0,39835428.0
2020-05-22,Afghanistan,9216.0,540.0,205.0,12.0,231.352,5.146,0.0,0.0,39835428.0
2020-05-23,Afghanistan,9952.0,736.0,215.0,10.0,249.828,5.397,0.0,0.0,39835428.0
2020-05-24,Afghanistan,10668.0,716.0,222.0,7.0,267.802,5.573,0.0,0.0,39835428.0
2020-05-25,Afghanistan,11180.0,512.0,223.0,1.0,280.655,5.598,0.0,0.0,39835428.0
2020-05-26,Afghanistan,11917.0,737.0,224.0,1.0,299.156,5.623,0.0,0.0,39835428.0
2020-05-27,Afghanistan,12465.0,548.0,230.0,6.0,312.912,5.774,0.0,0.0,39835428.0
2020-05-28,Afghanistan,13102.0,637.0,239.0,9.0,328.903,6.0,0.0,0.0,39835428.0
2020-05-29,Afghanistan,13745.0,643.0,250.0,11.0,345.045,6.276,0.0,0.0,39835428.0
2020-05-30,Afghanistan,14529.0,784.0,252.0,2.0,364.726,6.326,0.0,0.0,39835428.0
2020-05-31,Afghanistan,15180.0,651.0,254.0,2.0,381.068,6.376,0.0,0.0,39835428.0
2020-06-01,Afghanistan,15836.0,656.0,269.0,15.0,397.536,6.753,0.0,0.0,39835428.0
2020-06-02,Afghanistan,16578.0,742.0,274.0,5.0,416.162,6.878,0.0,0.0,39835428.0
2020-06-03,Afghanistan,17353.0,775.0,298.0,24.0,435.617,7.481,0.0,0.0,39835428.0
2020-06-04,Afghanistan,17977.0,624.0,303.0,5.0,451.282,7.606,0.0,0.0,39835428.0
2020-06-05,Afghanistan,19055.0,1078.0,313.0,10.0,478.343,7.857,0.0,0.0,39835428.0
2020-06-06,Afghanistan,19637.0,582.0,331.0,18.0,492.953,8.309,0.0,0.0,39835428.0
2020-06-07,Afghanistan,20428.0,791.0,361.0,30.0,512.81,9.062,0.0,0.0,39835428.0
2020-06-08,Afghanistan,21003.0,575.0,373.0,12.0,527.244,9.364,0.0,0.0,39835428.0
2020-06-09,Afghanistan,21308.0,305.0,380.0,7.0,534.901,9.539,0.0,0.0,39835428.0
2020-06-10,Afghanistan,22228.0,920.0,409.0,29.0,557.996,10.267,0.0,0.0,39835428.0
2020-06-11,Afghanistan,22976.0,748.0,430.0,21.0,576.773,10.794,0.0,0.0,39835428.0
2020-06-12,Afghanistan,23632.0,656.0,450.0,20.0,593.241,11.296,0.0,0.0,39835428.0
2020-06-13,Afghanistan,24188.0,556.0,455.0,5.0,607.198,11.422,0.0,0.0,39835428.0
2020-06-14,Afghanistan,24852.0,664.0,475.0,20.0,623.867,11.924,0.0,0.0,39835428.0
2020-06-15,Afghanistan,25613.0,761.0,480.0,5.0,642.97,12.05,0.0,0.0,39835428.0
2020-06-16,Afghanistan,25719.0,106.0,488.0,8.0,645.631,12.25,0.0,0.0,39835428.0
2020-06-17,Afghanistan,26960.0,1241.0,508.0,20.0,676.784,12.752,0.0,0.0,39835428.0
2020-06-18,Afghanistan,27423.0,463.0,550.0,42.0,688.407,13.807,0.0,0.0,39835428.0
2020-06-19,Afghanistan,27964.0,541.0,552.0,2.0,701.988,13.857,0.0,0.0,39835428.0
2020-06-20,Afghanistan,28383.0,419.0,552.0,0.0,712.506,13.857,0.0,0.0,39835428.0
2020-06-21,Afghanistan,28919.0,536.0,585.0,33.0,725.962,14.685,0.0,0.0,39835428.0
2020-06-22,Afghanistan,29229.0,310.0,602.0,17.0,733.744,15.112,0.0,0.0,39835428.0
2020-06-23,Afghanistan,29567.0,338.0,622.0,20.0,742.229,15.614,0.0,0.0,39835428.0
2020-06-24,Afghanistan,29726.0,159.0,643.0,21.0,746.22,16.141,0.0,0.0,39835428.0
2020-06-25,Afghanistan,30261.0,535.0,679.0,36.0,759.65,17.045,0.0,0.0,39835428.0
2020-06-26,Afghanistan,30346.0,85.0,684.0,5.0,761.784,17.171,0.0,0.0,39835428.0
2020-06-27,Afghanistan,30702.0,356.0,707.0,23.0,770.721,17.748,0.0,0.0,39835428.0
2020-06-28,Afghanistan,31053.0,351.0,733.0,26.0,779.532,18.401,0.0,0.0,39835428.0
2020-06-29,Afghanistan,31324.0,271.0,737.0,4.0,786.335,18.501,0.0,0.0,39835428.0
2020-06-30,Afghanistan,31445.0,121.0,739.0,2.0,789.373,18.551,0.0,0.0,39835428.0
2020-07-01,Afghanistan,31848.0,403.0,778.0,39.0,799.489,19.53,0.0,0.0,39835428.0
2020-07-02,Afghanistan,32108.0,260.0,811.0,33.0,806.016,20.359,0.0,0.0,39835428.0
2020-07-03,Afghanistan,32410.0,302.0,823.0,12.0,813.597,20.66,0.0,0.0,39835428.0
2020-07-04,Afghanistan,32758.0,348.0,830.0,7.0,822.333,20.836,0.0,0.0,39835428.0
2020-07-05,Afghanistan,33037.0,279.0,868.0,38.0,829.337,21.79,0.0,0.0,39835428.0
2020-07-06,Afghanistan,33150.0,113.0,891.0,23.0,832.174,22.367,0.0,0.0,39835428.0
2020-07-07,Afghanistan,33470.0,320.0,924.0,33.0,840.207,23.195,0.0,0.0,39835428.0
2020-07-08,Afghanistan,33680.0,210.0,940.0,16.0,845.479,23.597,0.0,0.0,39835428.0
2020-07-09,Afghanistan,33739.0,59.0,941.0,1.0,846.96,23.622,0.0,0.0,39835428.0
2020-07-10,Afghanistan,34280.0,541.0,975.0,34.0,860.541,24.476,0.0,0.0,39835428.0
2020-07-11,Afghanistan,34437.0,157.0,979.0,4.0,864.482,24.576,0.0,0.0,39835428.0
2020-07-12,Afghanistan,34537.0,100.0,1014.0,35.0,866.992,25.455,0.0,0.0,39835428.0
2020-07-13,Afghanistan,34541.0,4.0,1016.0,2.0,867.092,25.505,0.0,0.0,39835428.0
2020-07-14,Afghanistan,34826.0,285.0,1049.0,33.0,874.247,26.333,0.0,0.0,39835428.0
2020-07-15,Afghanistan,35026.0,200.0,1098.0,49.0,879.268,27.563,0.0,0.0,39835428.0
2020-07-16,Afghanistan,35156.0,130.0,1117.0,19.0,882.531,28.04,0.0,0.0,39835428.0
2020-07-17,Afghanistan,35315.0,159.0,1151.0,34.0,886.522,28.894,0.0,0.0,39835428.0
2020-07-18,Afghanistan,35375.0,60.0,1151.0,0.0,888.029,28.894,0.0,0.0,39835428.0
2020-07-19,Afghanistan,35561.0,186.0,1185.0,34.0,892.698,29.747,0.0,0.0,39835428.0
2020-07-20,Afghanistan,35595.0,34.0,1187.0,2.0,893.551,29.798,0.0,0.0,39835428.0
2020-07-21,Afghanistan,35701.0,106.0,1188.0,1.0,896.212,29.823,0.0,0.0,39835428.0
2020-07-22,Afghanistan,35813.0,112.0,1194.0,6.0,899.024,29.973,0.0,0.0,39835428.0
2020-07-23,Afghanistan,36001.0,188.0,1215.0,21.0,903.743,30.5,0.0,0.0,39835428.0
2020-07-24,Afghanistan,36067.0,66.0,1229.0,14.0,905.4,30.852,0.0,0.0,39835428.0
2020-07-25,Afghanistan,36122.0,55.0,1250.0,21.0,906.781,31.379,0.0,0.0,39835428.0
2020-07-26,Afghanistan,36243.0,121.0,1263.0,13.0,909.818,31.705,0.0,0.0,39835428.0
2020-07-27,Afghanistan,36349.0,106.0,1273.0,10.0,912.479,31.956,0.0,0.0,39835428.0
2020-07-28,Afghanistan,36454.0,105.0,1274.0,1.0,915.115,31.982,0.0,0.0,39835428.0
2020-07-29,Afghanistan,36557.0,103.0,1275.0,1.0,917.701,32.007,0.0,0.0,39835428.0
2020-07-30,Afghanistan,36628.0,71.0,1275.0,0.0,919.483,32.007,0.0,0.0,39835428.0
2020-07-31,Afghanistan,36628.0,0.0,1275.0,0.0,919.483,32.007,0.0,0.0,39835428.0
2020-08-01,Afghanistan,36796.0,168.0,1287.0,12.0,923.7,32.308,0.0,0.0,39835428.0
2020-08-02,Afghanistan,36796.0,0.0,1287.0,0.0,923.7,32.308,0.0,0.0,39835428.0
2020-08-03,Afghanistan,36796.0,0.0,1287.0,0.0,923.7,32.308,0.0,0.0,39835428.0
2020-08-04,Afghanistan,36833.0,37.0,1292.0,5.0,924.629,32.433,0.0,0.0,39835428.0
2020-08-05,Afghanistan,36915.0,82.0,1298.0,6.0,926.688,32.584,0.0,0.0,39835428.0
2020-08-06,Afghanistan,36982.0,67.0,1302.0,4.0,928.37,32.684,0.0,0.0,39835428.0
2020-08-07,Afghanistan,37023.0,41.0,1302.0,0.0,929.399,32.684,0.0,0.0,39835428.0
2020-08-08,Afghanistan,37101.0,78.0,1311.0,9.0,931.357,32.91,0.0,0.0,39835428.0
2020-08-09,Afghanistan,37140.0,39.0,1316.0,5.0,932.336,33.036,0.0,0.0,39835428.0
2020-08-10,Afghanistan,37140.0,0.0,1316.0,0.0,932.336,33.036,0.0,0.0,39835428.0
2020-08-11,Afghanistan,37355.0,215.0,1348.0,32.0,937.733,33.839,0.0,0.0,39835428.0
2020-08-12,Afghanistan,37431.0,76.0,1358.0,10.0,939.641,34.09,0.0,0.0,39835428.0
2020-08-13,Afghanistan,37510.0,79.0,1367.0,9.0,941.624,34.316,0.0,0.0,39835428.0
2020-08-14,Afghanistan,37517.0,7.0,1367.0,0.0,941.8,34.316,0.0,0.0,39835428.0
2020-08-15,Afghanistan,37637.0,120.0,1374.0,7.0,944.812,34.492,0.0,0.0,39835428.0
2020-08-16,Afghanistan,37682.0,45.0,1379.0,5.0,945.942,34.617,0.0,0.0,39835428.0
2020-08-17,Afghanistan,37682.0,0.0,1379.0,0.0,945.942,34.617,0.0,0.0,39835428.0
2020-08-18,Afghanistan,37685.0,3.0,1379.0,0.0,946.017,34.617,0.0,0.0,39835428.0
2020-08-19,Afghanistan,37685.0,0.0,1379.0,0.0,946.017,34.617,0.0,0.0,39835428.0
2020-08-20,Afghanistan,37845.0,160.0,1387.0,8.0,950.034,34.818,0.0,0.0,39835428.0
2020-08-21,Afghanistan,37942.0,97.0,1389.0,2.0,952.469,34.868,0.0,0.0,39835428.0
2020-08-22,Afghanistan,37980.0,38.0,1389.0,0.0,953.423,34.868,0.0,0.0,39835428.0
2020-08-23,Afghanistan,38039.0,59.0,1389.0,0.0,954.904,34.868,0.0,0.0,39835428.0
2020-08-24,Afghanistan,38085.0,46.0,1391.0,2.0,956.059,34.919,0.0,0.0,39835428.0
2020-08-25,Afghanistan,38156.0,71.0,1401.0,10.0,957.841,35.17,0.0,0.0,39835428.0
2020-08-26,Afghanistan,38199.0,43.0,1405.0,4.0,958.92,35.27,0.0,0.0,39835428.0
2020-08-27,Afghanistan,38215.0,16.0,1405.0,0.0,959.322,35.27,0.0,0.0,39835428.0
2020-08-28,Afghanistan,38226.0,11.0,1406.0,1.0,959.598,35.295,0.0,0.0,39835428.0
2020-08-29,Afghanistan,38229.0,3.0,1406.0,0.0,959.673,35.295,0.0,0.0,39835428.0
2020-08-30,Afghanistan,38229.0,0.0,1406.0,0.0,959.673,35.295,0.0,0.0,39835428.0
2020-08-31,Afghanistan,38248.0,19.0,1406.0,0.0,960.15,35.295,0.0,0.0,39835428.0
2020-09-01,Afghanistan,38282.0,34.0,1410.0,4.0,961.004,35.396,0.0,0.0,39835428.0
2020-09-02,Afghanistan,38329.0,47.0,1413.0,3.0,962.184,35.471,0.0,0.0,39835428.0
2020-09-03,Afghanistan,38374.0,45.0,1413.0,0.0,963.313,35.471,0.0,0.0,39835428.0
2020-09-04,Afghanistan,38374.0,0.0,1413.0,0.0,963.313,35.471,0.0,0.0,39835428.0
2020-09-05,Afghanistan,38390.0,16.0,1413.0,0.0,963.715,35.471,0.0,0.0,39835428.0
2020-09-06,Afghanistan,38484.0,94.0,1416.0,3.0,966.075,35.546,0.0,0.0,39835428.0
2020-09-07,Afghanistan,38580.0,96.0,1419.0,3.0,968.485,35.622,0.0,0.0,39835428.0
2020-09-08,Afghanistan,38606.0,26.0,1422.0,3.0,969.137,35.697,0.0,0.0,39835428.0
2020-09-09,Afghanistan,38630.0,24.0,1424.0,2.0,969.74,35.747,0.0,0.0,39835428.0
2020-09-10,Afghanistan,38658.0,28.0,1424.0,0.0,970.443,35.747,0.0,0.0,39835428.0
2020-09-11,Afghanistan,38692.0,34.0,1424.0,0.0,971.296,35.747,0.0,0.0,39835428.0
2020-09-12,Afghanistan,38727.0,35.0,1424.0,0.0,972.175,35.747,0.0,0.0,39835428.0
2020-09-13,Afghanistan,38802.0,75.0,1424.0,0.0,974.058,35.747,0.0,0.0,39835428.0
2020-09-14,Afghanistan,38858.0,56.0,1429.0,5.0,975.463,35.873,0.0,0.0,39835428.0
2020-09-15,Afghanistan,38901.0,43.0,1430.0,1.0,976.543,35.898,0.0,0.0,39835428.0
2020-09-16,Afghanistan,38941.0,40.0,1440.0,10.0,977.547,36.149,0.0,0.0,39835428.0
2020-09-17,Afghanistan,38958.0,17.0,1440.0,0.0,977.974,36.149,0.0,0.0,39835428.0
2020-09-18,Afghanistan,38969.0,11.0,1441.0,1.0,978.25,36.174,0.0,0.0,39835428.0
2020-09-19,Afghanistan,39005.0,36.0,1441.0,0.0,979.154,36.174,0.0,0.0,39835428.0
2020-09-20,Afghanistan,39130.0,125.0,1445.0,4.0,982.291,36.274,0.0,0.0,39835428.0
2020-09-21,Afghanistan,39160.0,30.0,1448.0,3.0,983.045,36.35,0.0,0.0,39835428.0
2020-09-22,Afghanistan,39182.0,22.0,1449.0,1.0,983.597,36.375,0.0,0.0,39835428.0
2020-09-23,Afghanistan,39231.0,49.0,1450.0,1.0,984.827,36.4,0.0,0.0,39835428.0
2020-09-24,Afghanistan,39256.0,25.0,1455.0,5.0,985.454,36.525,0.0,0.0,39835428.0
2020-09-25,Afghanistan,39272.0,16.0,1455.0,0.0,985.856,36.525,0.0,0.0,39835428.0
2020-09-26,Afghanistan,39278.0,6.0,1457.0,2.0,986.007,36.575,0.0,0.0,39835428.0
2020-09-27,Afghanistan,39313.0,35.0,1457.0,0.0,986.885,36.575,0.0,0.0,39835428.0
2020-09-28,Afghanistan,39325.0,12.0,1460.0,3.0,987.187,36.651,0.0,0.0,39835428.0
2020-09-29,Afghanistan,39340.0,15.0,1462.0,2.0,987.563,36.701,0.0,0.0,39835428.0
2020-09-30,Afghanistan,39354.0,14.0,1462.0,0.0,987.915,36.701,0.0,0.0,39835428.0
2020-10-01,Afghanistan,39371.0,17.0,1462.0,0.0,988.341,36.701,0.0,0.0,39835428.0
2020-10-02,Afghanistan,39376.0,5.0,1462.0,0.0,988.467,36.701,0.0,0.0,39835428.0
2020-10-03,Afghanistan,39383.0,7.0,1466.0,4.0,988.643,36.801,0.0,0.0,39835428.0
2020-10-04,Afghanistan,39427.0,44.0,1466.0,0.0,989.747,36.801,0.0,0.0,39835428.0
2020-10-05,Afghanistan,39508.0,81.0,1470.0,4.0,991.78,36.902,0.0,0.0,39835428.0
2020-10-06,Afghanistan,39572.0,64.0,1471.0,1.0,993.387,36.927,0.0,0.0,39835428.0
2020-10-07,Afghanistan,39634.0,62.0,1473.0,2.0,994.943,36.977,0.0,0.0,39835428.0
2020-10-08,Afghanistan,39702.0,68.0,1474.0,1.0,996.651,37.002,0.0,0.0,39835428.0
2020-10-09,Afghanistan,39779.0,77.0,1476.0,2.0,998.583,37.052,0.0,0.0,39835428.0
2020-10-10,Afghanistan,39789.0,10.0,1477.0,1.0,998.835,37.078,0.0,0.0,39835428.0
2020-10-11,Afghanistan,39885.0,96.0,1481.0,4.0,1001.244,37.178,0.0,0.0,39835428.0
2020-10-12,Afghanistan,39956.0,71.0,1483.0,2.0,1003.027,37.228,0.0,0.0,39835428.0
2020-10-13,Afghanistan,40014.0,58.0,1484.0,1.0,1004.483,37.253,0.0,0.0,39835428.0
2020-10-14,Afghanistan,40080.0,66.0,1485.0,1.0,1006.14,37.278,0.0,0.0,39835428.0
2020-10-15,Afghanistan,40112.0,32.0,1485.0,0.0,1006.943,37.278,0.0,0.0,39835428.0
2020-10-16,Afghanistan,40159.0,47.0,1489.0,4.0,1008.123,37.379,0.0,0.0,39835428.0
2020-10-17,Afghanistan,40227.0,68.0,1492.0,3.0,1009.83,37.454,0.0,0.0,39835428.0
2020-10-18,Afghanistan,40286.0,59.0,1496.0,4.0,1011.311,37.555,0.0,0.0,39835428.0
2020-10-19,Afghanistan,40373.0,87.0,1501.0,5.0,1013.495,37.68,0.0,0.0,39835428.0
2020-10-20,Afghanistan,40461.0,88.0,1503.0,2.0,1015.704,37.73,0.0,0.0,39835428.0
2020-10-21,Afghanistan,40461.0,0.0,1503.0,0.0,1015.704,37.73,0.0,0.0,39835428.0
2020-10-22,Afghanistan,40510.0,49.0,1503.0,0.0,1016.934,37.73,0.0,0.0,39835428.0
2020-10-23,Afghanistan,40626.0,116.0,1505.0,2.0,1019.846,37.78,0.0,0.0,39835428.0
2020-10-24,Afghanistan,40687.0,61.0,1507.0,2.0,1021.377,37.831,0.0,0.0,39835428.0
2020-10-25,Afghanistan,40768.0,81.0,1511.0,4.0,1023.411,37.931,0.0,0.0,39835428.0
2020-10-26,Afghanistan,40833.0,65.0,1514.0,3.0,1025.042,38.006,0.0,0.0,39835428.0
2020-10-27,Afghanistan,40937.0,104.0,1518.0,4.0,1027.653,38.107,0.0,0.0,39835428.0
2020-10-28,Afghanistan,41032.0,95.0,1523.0,5.0,1030.038,38.232,0.0,0.0,39835428.0
2020-10-29,Afghanistan,41145.0,113.0,1529.0,6.0,1032.875,38.383,0.0,0.0,39835428.0
2020-10-30,Afghanistan,41268.0,123.0,1532.0,3.0,1035.962,38.458,0.0,0.0,39835428.0
2020-10-31,Afghanistan,41334.0,66.0,1533.0,1.0,1037.619,38.483,0.0,0.0,39835428.0
2020-11-01,Afghanistan,41425.0,91.0,1536.0,3.0,1039.903,38.559,0.0,0.0,39835428.0
2020-11-02,Afghanistan,41501.0,76.0,1536.0,0.0,1041.811,38.559,0.0,0.0,39835428.0
2020-11-03,Afghanistan,41633.0,132.0,1541.0,5.0,1045.125,38.684,0.0,0.0,39835428.0
2020-11-04,Afghanistan,41728.0,95.0,1544.0,3.0,1047.51,38.759,0.0,0.0,39835428.0
2020-11-05,Afghanistan,41814.0,86.0,1548.0,4.0,1049.669,38.86,0.0,0.0,39835428.0
2020-11-06,Afghanistan,41935.0,121.0,1554.0,6.0,1052.706,39.011,0.0,0.0,39835428.0
2020-11-07,Afghanistan,41975.0,40.0,1554.0,0.0,1053.71,39.011,0.0,0.0,39835428.0
2020-11-08,Afghanistan,42033.0,58.0,1556.0,2.0,1055.166,39.061,0.0,0.0,39835428.0
2020-11-09,Afghanistan,42159.0,126.0,1562.0,6.0,1058.329,39.211,0.0,0.0,39835428.0
2020-11-10,Afghanistan,42297.0,138.0,1574.0,12.0,1061.794,39.513,0.0,0.0,39835428.0
2020-11-11,Afghanistan,42463.0,166.0,1577.0,3.0,1065.961,39.588,0.0,0.0,39835428.0
2020-11-12,Afghanistan,42609.0,146.0,1581.0,4.0,1069.626,39.688,0.0,0.0,39835428.0
2020-11-13,Afghanistan,42795.0,186.0,1591.0,10.0,1074.295,39.939,0.0,0.0,39835428.0
2020-11-14,Afghanistan,42969.0,174.0,1595.0,4.0,1078.663,40.04,0.0,0.0,39835428.0
2020-11-15,Afghanistan,43035.0,66.0,1605.0,10.0,1080.32,40.291,0.0,0.0,39835428.0
2020-11-16,Afghanistan,43240.0,205.0,1617.0,12.0,1085.466,40.592,0.0,0.0,39835428.0
2020-11-17,Afghanistan,43403.0,163.0,1626.0,9.0,1089.558,40.818,0.0,0.0,39835428.0
2020-11-18,Afghanistan,43628.0,225.0,1638.0,12.0,1095.206,41.119,0.0,0.0,39835428.0
2020-11-19,Afghanistan,43851.0,223.0,1645.0,7.0,1100.804,41.295,0.0,0.0,39835428.0
2020-11-20,Afghanistan,44228.0,377.0,1650.0,5.0,1110.268,41.42,0.0,0.0,39835428.0
2020-11-21,Afghanistan,44443.0,215.0,1661.0,11.0,1115.665,41.697,0.0,0.0,39835428.0
2020-11-22,Afghanistan,44503.0,60.0,1675.0,14.0,1117.171,42.048,0.0,0.0,39835428.0
2020-11-23,Afghanistan,44706.0,203.0,1687.0,12.0,1122.267,42.349,0.0,0.0,39835428.0
2020-11-24,Afghanistan,44988.0,282.0,1695.0,8.0,1129.346,42.55,0.0,0.0,39835428.0
2020-11-25,Afghanistan,45278.0,290.0,1712.0,17.0,1136.626,42.977,0.0,0.0,39835428.0
2020-11-26,Afghanistan,45490.0,212.0,1725.0,13.0,1141.948,43.303,0.0,0.0,39835428.0
2020-11-27,Afghanistan,45716.0,226.0,1737.0,12.0,1147.622,43.604,0.0,0.0,39835428.0
2020-11-28,Afghanistan,45839.0,123.0,1740.0,3.0,1150.709,43.68,0.0,0.0,39835428.0
2020-11-29,Afghanistan,45966.0,127.0,1752.0,12.0,1153.897,43.981,0.0,0.0,39835428.0
2020-11-30,Afghanistan,46215.0,249.0,1763.0,11.0,1160.148,44.257,0.0,0.0,39835428.0
2020-12-01,Afghanistan,46498.0,283.0,1774.0,11.0,1167.252,44.533,0.0,0.0,39835428.0
2020-12-02,Afghanistan,46717.0,219.0,1795.0,21.0,1172.75,45.06,0.0,0.0,39835428.0
2020-12-03,Afghanistan,46980.0,263.0,1822.0,27.0,1179.352,45.738,0.0,0.0,39835428.0
2020-12-04,Afghanistan,47258.0,278.0,1841.0,19.0,1186.331,46.215,0.0,0.0,39835428.0
2020-12-05,Afghanistan,47388.0,130.0,1847.0,6.0,1189.594,46.366,0.0,0.0,39835428.0
2020-12-06,Afghanistan,47641.0,253.0,1865.0,18.0,1195.945,46.818,0.0,0.0,39835428.0
2020-12-07,Afghanistan,47901.0,260.0,1875.0,10.0,1202.472,47.069,0.0,0.0,39835428.0
2020-12-08,Afghanistan,48136.0,235.0,1902.0,27.0,1208.372,47.746,0.0,0.0,39835428.0
2020-12-09,Afghanistan,48366.0,230.0,1908.0,6.0,1214.145,47.897,0.0,0.0,39835428.0
2020-12-10,Afghanistan,48540.0,174.0,1921.0,13.0,1218.513,48.223,0.0,0.0,39835428.0
2020-12-11,Afghanistan,48753.0,213.0,1939.0,18.0,1223.86,48.675,0.0,0.0,39835428.0
2020-12-12,Afghanistan,48826.0,73.0,1949.0,10.0,1225.693,48.926,0.0,0.0,39835428.0
2020-12-13,Afghanistan,48952.0,126.0,1960.0,11.0,1228.856,49.202,0.0,0.0,39835428.0
2020-12-14,Afghanistan,49273.0,321.0,1971.0,11.0,1236.914,49.479,0.0,0.0,39835428.0
2020-12-15,Afghanistan,49484.0,211.0,1975.0,4.0,1242.211,49.579,0.0,0.0,39835428.0
2020-12-16,Afghanistan,49703.0,219.0,2001.0,26.0,1247.708,50.232,0.0,0.0,39835428.0
2020-12-17,Afghanistan,49927.0,224.0,2017.0,16.0,1253.332,50.633,0.0,0.0,39835428.0
2020-12-18,Afghanistan,50202.0,275.0,2032.0,15.0,1260.235,51.01,0.0,0.0,39835428.0
2020-12-19,Afghanistan,50456.0,254.0,2037.0,5.0,1266.611,51.135,0.0,0.0,39835428.0
2020-12-20,Afghanistan,50536.0,80.0,2054.0,17.0,1268.619,51.562,0.0,0.0,39835428.0
2020-12-21,Afghanistan,50678.0,142.0,2074.0,20.0,1272.184,52.064,0.0,0.0,39835428.0
2020-12-22,Afghanistan,50888.0,210.0,2089.0,15.0,1277.456,52.441,0.0,0.0,39835428.0
2020-12-23,Afghanistan,51070.0,182.0,2105.0,16.0,1282.025,52.842,0.0,0.0,39835428.0
2020-12-24,Afghanistan,51357.0,287.0,2126.0,21.0,1289.229,53.37,0.0,0.0,39835428.0
2020-12-25,Afghanistan,51595.0,238.0,2135.0,9.0,1295.204,53.596,0.0,0.0,39835428.0
2020-12-26,Afghanistan,51764.0,169.0,2148.0,13.0,1299.446,53.922,0.0,0.0,39835428.0
2020-12-27,Afghanistan,51848.0,84.0,2158.0,10.0,1301.555,54.173,0.0,0.0,39835428.0
2020-12-28,Afghanistan,52007.0,159.0,2170.0,12.0,1305.546,54.474,0.0,0.0,39835428.0
2020-12-29,Afghanistan,52147.0,140.0,2182.0,12.0,1309.061,54.775,0.0,0.0,39835428.0
2020-12-30,Afghanistan,52330.0,183.0,2189.0,7.0,1313.655,54.951,0.0,0.0,39835428.0
2020-12-31,Afghanistan,52330.0,0.0,2189.0,0.0,1313.655,54.951,0.0,0.0,39835428.0
2021-01-01,Afghanistan,52513.0,183.0,2201.0,12.0,1318.249,55.252,0.0,0.0,39835428.0
2021-01-02,Afghanistan,52586.0,73.0,2211.0,10.0,1320.081,55.503,0.0,0.0,39835428.0
2021-01-03,Afghanistan,52709.0,123.0,2221.0,10.0,1323.169,55.754,0.0,0.0,39835428.0
2021-01-04,Afghanistan,52909.0,200.0,2230.0,9.0,1328.19,55.98,0.0,0.0,39835428.0
2021-01-05,Afghanistan,53011.0,102.0,2237.0,7.0,1330.75,56.156,0.0,0.0,39835428.0
2021-01-06,Afghanistan,53105.0,94.0,2244.0,7.0,1333.11,56.332,0.0,0.0,39835428.0
2021-01-07,Afghanistan,53207.0,102.0,2253.0,9.0,1335.67,56.558,0.0,0.0,39835428.0
2021-01-08,Afghanistan,53332.0,125.0,2257.0,4.0,1338.808,56.658,0.0,0.0,39835428.0
2021-01-09,Afghanistan,53400.0,68.0,2264.0,7.0,1340.515,56.834,0.0,0.0,39835428.0
2021-01-10,Afghanistan,53489.0,89.0,2277.0,13.0,1342.749,57.16,0.0,0.0,39835428.0
2021-01-11,Afghanistan,53538.0,49.0,2288.0,11.0,1343.98,57.436,0.0,0.0,39835428.0
2021-01-12,Afghanistan,53584.0,46.0,2301.0,13.0,1345.134,57.763,0.0,0.0,39835428.0
2021-01-13,Afghanistan,53690.0,106.0,2308.0,7.0,1347.795,57.938,0.0,0.0,39835428.0
2021-01-14,Afghanistan,53775.0,85.0,2314.0,6.0,1349.929,58.089,0.0,0.0,39835428.0
2021-01-15,Afghanistan,53831.0,56.0,2324.0,10.0,1351.335,58.34,0.0,0.0,39835428.0
2021-01-16,Afghanistan,53938.0,107.0,2336.0,12.0,1354.021,58.641,0.0,0.0,39835428.0
2021-01-17,Afghanistan,53984.0,46.0,2339.0,3.0,1355.176,58.717,0.0,0.0,39835428.0
2021-01-18,Afghanistan,54062.0,78.0,2343.0,4.0,1357.134,58.817,0.0,0.0,39835428.0
2021-01-19,Afghanistan,54141.0,79.0,2346.0,3.0,1359.117,58.892,0.0,0.0,39835428.0
2021-01-20,Afghanistan,54278.0,137.0,2354.0,8.0,1362.556,59.093,0.0,0.0,39835428.0
2021-01-21,Afghanistan,54403.0,125.0,2363.0,9.0,1365.694,59.319,0.0,0.0,39835428.0
2021-01-22,Afghanistan,54483.0,80.0,2370.0,7.0,1367.702,59.495,0.0,0.0,39835428.0
2021-01-23,Afghanistan,54559.0,76.0,2373.0,3.0,1369.61,59.57,0.0,0.0,39835428.0
2021-01-24,Afghanistan,54595.0,36.0,2378.0,5.0,1370.514,59.696,0.0,0.0,39835428.0
2021-01-25,Afghanistan,54672.0,77.0,2385.0,7.0,1372.447,59.871,0.0,0.0,39835428.0
2021-01-26,Afghanistan,54750.0,78.0,2389.0,4.0,1374.405,59.972,0.0,0.0,39835428.0
2021-01-27,Afghanistan,54854.0,104.0,2389.0,0.0,1377.015,59.972,0.0,0.0,39835428.0
2021-01-28,Afghanistan,54891.0,37.0,2397.0,8.0,1377.944,60.173,0.0,0.0,39835428.0
2021-01-29,Afghanistan,54939.0,48.0,2399.0,2.0,1379.149,60.223,0.0,0.0,39835428.0
2021-01-30,Afghanistan,55008.0,69.0,2400.0,1.0,1380.881,60.248,0.0,0.0,39835428.0
2021-01-31,Afghanistan,55023.0,15.0,2400.0,0.0,1381.258,60.248,0.0,0.0,39835428.0
2021-02-01,Afghanistan,55059.0,36.0,2404.0,4.0,1382.162,60.348,0.0,0.0,39835428.0
2021-02-02,Afghanistan,55121.0,62.0,2405.0,1.0,1383.718,60.373,0.0,0.0,39835428.0
2021-02-03,Afghanistan,55174.0,53.0,2406.0,1.0,1385.049,60.398,0.0,0.0,39835428.0
2021-02-04,Afghanistan,55231.0,57.0,2407.0,1.0,1386.479,60.424,0.0,0.0,39835428.0
2021-02-05,Afghanistan,55265.0,34.0,2407.0,0.0,1387.333,60.424,0.0,0.0,39835428.0
2021-02-06,Afghanistan,55330.0,65.0,2408.0,1.0,1388.965,60.449,0.0,0.0,39835428.0
2021-02-07,Afghanistan,55335.0,5.0,2410.0,2.0,1389.09,60.499,0.0,0.0,39835428.0
2021-02-08,Afghanistan,55359.0,24.0,2413.0,3.0,1389.693,60.574,0.0,0.0,39835428.0
2021-02-09,Afghanistan,55384.0,25.0,2414.0,1.0,1390.32,60.599,0.0,0.0,39835428.0
2021-02-10,Afghanistan,55402.0,18.0,2418.0,4.0,1390.772,60.7,0.0,0.0,39835428.0
2021-02-11,Afghanistan,55420.0,18.0,2419.0,1.0,1391.224,60.725,0.0,0.0,39835428.0
2021-02-12,Afghanistan,55445.0,25.0,2424.0,5.0,1391.851,60.85,0.0,0.0,39835428.0
2021-02-13,Afghanistan,55473.0,28.0,2427.0,3.0,1392.554,60.926,0.0,0.0,39835428.0
2021-02-14,Afghanistan,55492.0,19.0,2427.0,0.0,1393.031,60.926,0.0,0.0,39835428.0
2021-02-15,Afghanistan,55514.0,22.0,2427.0,0.0,1393.584,60.926,0.0,0.0,39835428.0
2021-02-16,Afghanistan,55518.0,4.0,2428.0,1.0,1393.684,60.951,0.0,0.0,39835428.0
2021-02-17,Afghanistan,55540.0,22.0,2428.0,0.0,1394.236,60.951,0.0,0.0,39835428.0
2021-02-18,Afghanistan,55557.0,17.0,2430.0,2.0,1394.663,61.001,0.0,0.0,39835428.0
2021-02-19,Afghanistan,55575.0,18.0,2430.0,0.0,1395.115,61.001,0.0,0.0,39835428.0
2021-02-20,Afghanistan,55580.0,5.0,2430.0,0.0,1395.24,61.001,0.0,0.0,39835428.0
2021-02-21,Afghanistan,55604.0,24.0,2432.0,2.0,1395.843,61.051,0.0,0.0,39835428.0
2021-02-22,Afghanistan,55617.0,13.0,2433.0,1.0,1396.169,61.076,0.0,0.0,39835428.0
2021-02-23,Afghanistan,55646.0,29.0,2435.0,2.0,1396.897,61.126,0.0,0.0,39835428.0
2021-02-24,Afghanistan,55664.0,18.0,2436.0,1.0,1397.349,61.152,0.0,0.0,39835428.0
2021-02-25,Afghanistan,55680.0,16.0,2438.0,2.0,1397.751,61.202,0.0,0.0,39835428.0
2021-02-26,Afghanistan,55696.0,16.0,2442.0,4.0,1398.152,61.302,0.0,0.0,39835428.0
2021-02-27,Afghanistan,55707.0,11.0,2443.0,1.0,1398.429,61.327,0.0,0.0,39835428.0
2021-02-28,Afghanistan,55714.0,7.0,2443.0,0.0,1398.604,61.327,8200.0,0.0,39835428.0
2021-03-01,Afghanistan,55733.0,19.0,2444.0,1.0,1399.081,61.352,0.0,0.0,39835428.0
2021-03-02,Afghanistan,55759.0,26.0,2446.0,2.0,1399.734,61.403,0.0,0.0,39835428.0
2021-03-03,Afghanistan,55770.0,11.0,2446.0,0.0,1400.01,61.403,0.0,0.0,39835428.0
2021-03-04,Afghanistan,55775.0,5.0,2446.0,0.0,1400.136,61.403,0.0,0.0,39835428.0
2021-03-05,Afghanistan,55827.0,52.0,2449.0,3.0,1401.441,61.478,0.0,0.0,39835428.0
2021-03-06,Afghanistan,55840.0,13.0,2449.0,0.0,1401.767,61.478,0.0,0.0,39835428.0
2021-03-07,Afghanistan,55847.0,7.0,2449.0,0.0,1401.943,61.478,0.0,0.0,39835428.0
2021-03-08,Afghanistan,55876.0,29.0,2451.0,2.0,1402.671,61.528,0.0,0.0,39835428.0
2021-03-09,Afghanistan,55876.0,0.0,2451.0,0.0,1402.671,61.528,0.0,0.0,39835428.0
2021-03-10,Afghanistan,55894.0,18.0,2451.0,0.0,1403.123,61.528,0.0,0.0,39835428.0
2021-03-11,Afghanistan,55917.0,23.0,2451.0,0.0,1403.7,61.528,0.0,0.0,39835428.0
2021-03-12,Afghanistan,55959.0,42.0,2454.0,3.0,1404.755,61.603,0.0,0.0,39835428.0
2021-03-13,Afghanistan,55959.0,0.0,2454.0,0.0,1404.755,61.603,0.0,0.0,39835428.0
2021-03-14,Afghanistan,55985.0,26.0,2457.0,3.0,1405.407,61.679,0.0,0.0,39835428.0
2021-03-15,Afghanistan,55985.0,0.0,2459.0,2.0,1405.407,61.729,0.0,0.0,39835428.0
2021-03-16,Afghanistan,55995.0,10.0,2460.0,1.0,1405.658,61.754,54000.0,0.0,39835428.0
2021-03-17,Afghanistan,56016.0,21.0,2460.0,0.0,1406.185,61.754,0.0,0.0,39835428.0
2021-03-18,Afghanistan,56044.0,28.0,2462.0,2.0,1406.888,61.804,0.0,0.0,39835428.0
2021-03-19,Afghanistan,56069.0,25.0,2462.0,0.0,1407.516,61.804,0.0,0.0,39835428.0
2021-03-20,Afghanistan,56093.0,24.0,2462.0,0.0,1408.118,61.804,0.0,0.0,39835428.0
2021-03-21,Afghanistan,56103.0,10.0,2463.0,1.0,1408.369,61.829,0.0,0.0,39835428.0
2021-03-22,Afghanistan,56153.0,50.0,2464.0,1.0,1409.625,61.854,0.0,0.0,39835428.0
2021-03-23,Afghanistan,56177.0,24.0,2466.0,2.0,1410.227,61.905,0.0,0.0,39835428.0
2021-03-24,Afghanistan,56192.0,15.0,2466.0,0.0,1410.604,61.905,0.0,0.0,39835428.0
2021-03-25,Afghanistan,56226.0,34.0,2467.0,1.0,1411.457,61.93,0.0,0.0,39835428.0
2021-03-26,Afghanistan,56254.0,28.0,2467.0,0.0,1412.16,61.93,0.0,0.0,39835428.0
2021-03-27,Afghanistan,56290.0,36.0,2469.0,2.0,1413.064,61.98,0.0,0.0,39835428.0
2021-03-28,Afghanistan,56294.0,4.0,2470.0,1.0,1413.164,62.005,0.0,0.0,39835428.0
2021-03-29,Afghanistan,56322.0,28.0,2472.0,2.0,1413.867,62.055,0.0,0.0,39835428.0
2021-03-30,Afghanistan,56384.0,62.0,2476.0,4.0,1415.423,62.156,0.0,0.0,39835428.0
2021-03-31,Afghanistan,56454.0,70.0,2484.0,8.0,1417.181,62.357,0.0,0.0,39835428.0
2021-04-01,Afghanistan,56517.0,63.0,2489.0,5.0,1418.762,62.482,0.0,0.0,39835428.0
2021-04-02,Afghanistan,56572.0,55.0,2495.0,6.0,1420.143,62.633,0.0,0.0,39835428.0
2021-04-03,Afghanistan,56595.0,23.0,2496.0,1.0,1420.72,62.658,0.0,0.0,39835428.0
2021-04-04,Afghanistan,56676.0,81.0,2497.0,1.0,1422.754,62.683,0.0,0.0,39835428.0
2021-04-05,Afghanistan,56717.0,41.0,2508.0,11.0,1423.783,62.959,0.0,0.0,39835428.0
2021-04-06,Afghanistan,56779.0,62.0,2512.0,4.0,1425.339,63.059,0.0,0.0,39835428.0
2021-04-07,Afghanistan,56873.0,94.0,2512.0,0.0,1427.699,63.059,120000.0,0.0,39835428.0
2021-04-08,Afghanistan,56943.0,70.0,2516.0,4.0,1429.456,63.16,0.0,0.0,39835428.0
2021-04-09,Afghanistan,57019.0,76.0,2521.0,5.0,1431.364,63.285,0.0,0.0,39835428.0
2021-04-10,Afghanistan,57144.0,125.0,2521.0,0.0,1434.502,63.285,0.0,0.0,39835428.0
2021-04-11,Afghanistan,57160.0,16.0,2521.0,0.0,1434.904,63.285,0.0,0.0,39835428.0
2021-04-12,Afghanistan,57242.0,82.0,2529.0,8.0,1436.962,63.486,0.0,0.0,39835428.0
2021-04-13,Afghanistan,57364.0,122.0,2529.0,0.0,1440.025,63.486,0.0,0.0,39835428.0
2021-04-14,Afghanistan,57492.0,128.0,2532.0,3.0,1443.238,63.562,0.0,0.0,39835428.0
2021-04-15,Afghanistan,57534.0,42.0,2533.0,1.0,1444.292,63.587,0.0,0.0,39835428.0
2021-04-16,Afghanistan,57612.0,78.0,2535.0,2.0,1446.25,63.637,0.0,0.0,39835428.0
2021-04-17,Afghanistan,57721.0,109.0,2539.0,4.0,1448.987,63.737,0.0,0.0,39835428.0
2021-04-18,Afghanistan,57793.0,72.0,2539.0,0.0,1450.794,63.737,0.0,0.0,39835428.0
2021-04-19,Afghanistan,57898.0,105.0,2546.0,7.0,1453.43,63.913,0.0,0.0,39835428.0
2021-04-20,Afghanistan,58037.0,139.0,2549.0,3.0,1456.919,63.988,0.0,0.0,39835428.0
2021-04-21,Afghanistan,58214.0,177.0,2557.0,8.0,1461.362,64.189,0.0,0.0,39835428.0
2021-04-22,Afghanistan,58312.0,98.0,2561.0,4.0,1463.823,64.29,240000.0,0.0,39835428.0
2021-04-23,Afghanistan,58542.0,230.0,2565.0,4.0,1469.596,64.39,0.0,0.0,39835428.0
2021-04-24,Afghanistan,58730.0,188.0,2572.0,7.0,1474.316,64.566,0.0,0.0,39835428.0
2021-04-25,Afghanistan,58843.0,113.0,2582.0,10.0,1477.152,64.817,0.0,0.0,39835428.0
2021-04-26,Afghanistan,59015.0,172.0,2592.0,10.0,1481.47,65.068,0.0,0.0,39835428.0
2021-04-27,Afghanistan,59225.0,210.0,2598.0,6.0,1486.742,65.218,0.0,0.0,39835428.0
2021-04-28,Afghanistan,59370.0,145.0,2611.0,13.0,1490.382,65.545,0.0,0.0,39835428.0
2021-04-29,Afghanistan,59576.0,206.0,2618.0,7.0,1495.553,65.72,0.0,0.0,39835428.0
2021-04-30,Afghanistan,59745.0,169.0,2625.0,7.0,1499.796,65.896,0.0,0.0,39835428.0
2021-05-01,Afghanistan,59939.0,194.0,2631.0,6.0,1504.666,66.047,0.0,0.0,39835428.0
2021-05-02,Afghanistan,60122.0,183.0,2637.0,6.0,1509.26,66.197,0.0,0.0,39835428.0
2021-05-03,Afghanistan,60300.0,178.0,2642.0,5.0,1513.728,66.323,0.0,0.0,39835428.0
2021-05-04,Afghanistan,60563.0,263.0,2648.0,6.0,1520.33,66.473,0.0,0.0,39835428.0
2021-05-05,Afghanistan,60797.0,234.0,2654.0,6.0,1526.204,66.624,0.0,0.0,39835428.0
2021-05-06,Afghanistan,61162.0,365.0,2664.0,10.0,1535.367,66.875,0.0,0.0,39835428.0
2021-05-07,Afghanistan,61455.0,293.0,2673.0,9.0,1542.722,67.101,0.0,0.0,39835428.0
2021-05-08,Afghanistan,61755.0,300.0,2683.0,10.0,1550.253,67.352,0.0,0.0,39835428.0
2021-05-09,Afghanistan,61842.0,87.0,2686.0,3.0,1552.437,67.427,0.0,0.0,39835428.0
2021-05-10,Afghanistan,62063.0,221.0,2698.0,12.0,1557.985,67.729,0.0,0.0,39835428.0
2021-05-11,Afghanistan,62403.0,340.0,2710.0,12.0,1566.52,68.03,448878.0,55624.0,39835428.0
2021-05-12,Afghanistan,62718.0,315.0,2713.0,3.0,1574.428,68.105,0.0,0.0,39835428.0
2021-05-13,Afghanistan,63045.0,327.0,2721.0,8.0,1582.636,68.306,0.0,0.0,39835428.0
2021-05-14,Afghanistan,63355.0,310.0,2730.0,9.0,1590.418,68.532,0.0,0.0,39835428.0
2021-05-15,Afghanistan,63412.0,57.0,2733.0,3.0,1591.849,68.607,0.0,0.0,39835428.0
2021-05-16,Afghanistan,63484.0,72.0,2742.0,9.0,1593.657,68.833,0.0,0.0,39835428.0
2021-05-17,Afghanistan,63598.0,114.0,2745.0,3.0,1596.519,68.909,0.0,0.0,39835428.0
2021-05-18,Afghanistan,63819.0,221.0,2751.0,6.0,1602.066,69.059,0.0,0.0,39835428.0
2021-05-19,Afghanistan,64122.0,303.0,2762.0,11.0,1609.673,69.335,0.0,0.0,39835428.0
2021-05-20,Afghanistan,64575.0,453.0,2772.0,10.0,1621.044,69.586,470341.0,77560.0,39835428.0
2021-05-21,Afghanistan,65080.0,505.0,2782.0,10.0,1633.722,69.837,0.0,0.0,39835428.0
2021-05-22,Afghanistan,65486.0,406.0,2792.0,10.0,1643.914,70.088,0.0,0.0,39835428.0
2021-05-23,Afghanistan,65728.0,242.0,2802.0,10.0,1649.989,70.339,0.0,0.0,39835428.0
2021-05-24,Afghanistan,66275.0,547.0,2812.0,10.0,1663.72,70.59,476367.0,96910.0,39835428.0
2021-05-25,Afghanistan,66903.0,628.0,2836.0,24.0,1679.485,71.193,0.0,0.0,39835428.0
2021-05-26,Afghanistan,67743.0,840.0,2855.0,19.0,1700.572,71.67,479372.0,111082.0,39835428.0
2021-05-27,Afghanistan,68366.0,623.0,2869.0,14.0,1716.211,72.021,479574.0,113739.0,39835428.0
2021-05-28,Afghanistan,69130.0,764.0,2881.0,12.0,1735.39,72.323,0.0,0.0,39835428.0
2021-05-29,Afghanistan,70111.0,981.0,2899.0,18.0,1760.016,72.774,0.0,0.0,39835428.0
2021-05-30,Afghanistan,70761.0,650.0,2919.0,20.0,1776.333,73.276,480226.0,119926.0,39835428.0
2021-05-31,Afghanistan,71838.0,1077.0,2944.0,25.0,1803.37,73.904,0.0,0.0,39835428.0
2021-06-01,Afghanistan,72977.0,1139.0,2973.0,29.0,1831.962,74.632,0.0,0.0,39835428.0
2021-06-02,Afghanistan,74026.0,1049.0,3007.0,34.0,1858.296,75.486,481690.0,144600.0,39835428.0
2021-06-03,Afghanistan,75119.0,1093.0,3034.0,27.0,1885.733,76.163,481800.0,148505.0,39835428.0
2021-06-04,Afghanistan,76628.0,1509.0,3068.0,34.0,1923.614,77.017,0.0,0.0,39835428.0
2021-06-05,Afghanistan,77963.0,1335.0,3104.0,36.0,1957.127,77.921,0.0,0.0,39835428.0
2021-06-06,Afghanistan,79224.0,1261.0,3145.0,41.0,1988.782,78.95,0.0,0.0,39835428.0
2021-06-07,Afghanistan,80841.0,1617.0,3187.0,42.0,2029.374,80.004,0.0,0.0,39835428.0
2021-06-08,Afghanistan,82326.0,1485.0,3251.0,64.0,2066.653,81.611,482952.0,158343.0,39835428.0
2021-06-09,Afghanistan,84050.0,1724.0,3305.0,54.0,2109.931,82.966,0.0,0.0,39835428.0
2021-06-10,Afghanistan,85892.0,1842.0,3356.0,51.0,2156.171,84.247,0.0,0.0,39835428.0
2021-06-11,Afghanistan,87716.0,1824.0,3412.0,56.0,2201.96,85.652,0.0,0.0,39835428.0
2021-06-12,Afghanistan,88740.0,1024.0,3449.0,37.0,2227.665,86.581,0.0,0.0,39835428.0
2021-06-13,Afghanistan,89861.0,1121.0,3527.0,78.0,2255.806,88.539,0.0,0.0,39835428.0
2021-06-14,Afghanistan,91458.0,1597.0,3612.0,85.0,2295.896,90.673,484737.0,177266.0,39835428.0
2021-06-15,Afghanistan,93272.0,1814.0,3683.0,71.0,2341.433,92.455,0.0,0.0,39835428.0
2021-06-16,Afghanistan,93288.0,16.0,3683.0,0.0,2341.835,92.455,0.0,0.0,39835428.0
2021-06-17,Afghanistan,96531.0,3243.0,3842.0,159.0,2423.245,96.447,0.0,0.0,39835428.0
2021-06-18,Afghanistan,98734.0,2203.0,3934.0,92.0,2478.547,98.756,0.0,0.0,39835428.0
2021-06-19,Afghanistan,100521.0,1787.0,4030.0,96.0,2523.407,101.166,0.0,0.0,39835428.0
2021-06-20,Afghanistan,101906.0,1385.0,4122.0,92.0,2558.175,103.476,0.0,0.0,39835428.0
2021-06-21,Afghanistan,103902.0,1996.0,4215.0,93.0,2608.281,105.81,0.0,0.0,39835428.0
2021-06-22,Afghanistan,105749.0,1847.0,4293.0,78.0,2654.647,107.768,582128.0,183762.0,39835428.0
2021-06-23,Afghanistan,107957.0,2208.0,4366.0,73.0,2710.075,109.601,0.0,0.0,39835428.0
2021-06-24,Afghanistan,109532.0,1575.0,4452.0,86.0,2749.613,111.76,0.0,0.0,39835428.0
2021-06-25,Afghanistan,111592.0,2060.0,4519.0,67.0,2801.325,113.442,0.0,0.0,39835428.0
2021-06-26,Afghanistan,113124.0,1532.0,4594.0,75.0,2839.784,115.324,0.0,0.0,39835428.0
2021-06-27,Afghanistan,114220.0,1096.0,4650.0,56.0,2867.297,116.73,649434.0,186260.0,39835428.0
2021-06-28,Afghanistan,115751.0,1531.0,4730.0,80.0,2905.73,118.739,0.0,0.0,39835428.0
2021-06-29,Afghanistan,117158.0,1407.0,4794.0,64.0,2941.05,120.345,0.0,0.0,39835428.0
2021-06-30,Afghanistan,118659.0,1501.0,4871.0,77.0,2978.73,122.278,699200.0,187654.0,39835428.0
2021-07-01,Afghanistan,120216.0,1557.0,4962.0,91.0,3017.816,124.562,0.0,0.0,39835428.0
2021-07-02,Afghanistan,122156.0,1940.0,5048.0,86.0,3066.517,126.721,0.0,0.0,39835428.0
2021-07-03,Afghanistan,123485.0,1329.0,5107.0,59.0,3099.879,128.202,0.0,0.0,39835428.0
2021-07-04,Afghanistan,124748.0,1263.0,5199.0,92.0,3131.584,130.512,0.0,0.0,39835428.0
2021-07-05,Afghanistan,125937.0,1189.0,5283.0,84.0,3161.432,132.621,726349.0,189322.0,39835428.0
2021-07-06,Afghanistan,127464.0,1527.0,5360.0,77.0,3199.765,134.554,0.0,0.0,39835428.0
2021-07-07,Afghanistan,129021.0,1557.0,5415.0,55.0,3238.851,135.934,735213.0,199250.0,39835428.0
2021-07-08,Afghanistan,130113.0,1092.0,5477.0,62.0,3266.263,137.491,0.0,0.0,39835428.0
2021-07-09,Afghanistan,131586.0,1473.0,5561.0,84.0,3303.241,139.599,0.0,0.0,39835428.0
2021-07-10,Afghanistan,132777.0,1191.0,5638.0,77.0,3333.139,141.532,0.0,0.0,39835428.0
2021-07-11,Afghanistan,133578.0,801.0,5724.0,86.0,3353.246,143.691,742934.0,219159.0,39835428.0
2021-07-12,Afghanistan,134653.0,1075.0,5791.0,67.0,3380.232,145.373,0.0,0.0,39835428.0
2021-07-13,Afghanistan,135889.0,1236.0,5849.0,58.0,3411.26,146.829,0.0,0.0,39835428.0
2021-07-14,Afghanistan,136643.0,754.0,5923.0,74.0,3430.188,148.687,0.0,0.0,39835428.0
2021-07-15,Afghanistan,137853.0,1210.0,5983.0,60.0,3460.563,150.193,0.0,0.0,39835428.0
2021-07-16,Afghanistan,139051.0,1198.0,6072.0,89.0,3490.637,152.427,0.0,0.0,39835428.0
2021-07-17,Afghanistan,140224.0,1173.0,6098.0,26.0,3520.083,153.08,0.0,0.0,39835428.0
2021-07-18,Afghanistan,140602.0,378.0,6147.0,49.0,3529.572,154.31,0.0,0.0,39835428.0
2021-07-19,Afghanistan,141499.0,897.0,6213.0,66.0,3552.089,155.967,0.0,0.0,39835428.0
2021-07-20,Afghanistan,142414.0,915.0,6266.0,53.0,3575.059,157.297,0.0,0.0,39835428.0
2021-07-21,Afghanistan,142762.0,348.0,6293.0,27.0,3583.795,157.975,0.0,0.0,39835428.0
2021-07-22,Afghanistan,143183.0,421.0,6325.0,32.0,3594.363,158.778,0.0,0.0,39835428.0
2021-07-23,Afghanistan,143439.0,256.0,6357.0,32.0,3600.79,159.582,0.0,0.0,39835428.0
2021-07-24,Afghanistan,143666.0,227.0,6393.0,36.0,3606.488,160.485,0.0,0.0,39835428.0
2021-07-25,Afghanistan,143871.0,205.0,6425.0,32.0,3611.634,161.289,0.0,0.0,39835428.0
2021-07-26,Afghanistan,144285.0,414.0,6477.0,52.0,3622.027,162.594,0.0,0.0,39835428.0
2021-07-27,Afghanistan,145008.0,723.0,6515.0,38.0,3640.177,163.548,0.0,0.0,39835428.0
2021-07-28,Afghanistan,145552.0,544.0,6577.0,62.0,3653.833,165.104,0.0,0.0,39835428.0
2021-07-29,Afghanistan,145996.0,444.0,6615.0,38.0,3664.979,166.058,0.0,0.0,39835428.0
2021-07-30,Afghanistan,146523.0,527.0,6677.0,62.0,3678.208,167.615,0.0,0.0,39835428.0
2021-07-31,Afghanistan,147154.0,631.0,6708.0,31.0,3694.048,168.393,0.0,0.0,39835428.0
2021-08-01,Afghanistan,147501.0,347.0,6737.0,29.0,3702.759,169.121,0.0,0.0,39835428.0
2021-08-02,Afghanistan,147985.0,484.0,6774.0,37.0,3714.909,170.05,0.0,0.0,39835428.0
2021-08-03,Afghanistan,148572.0,587.0,6804.0,30.0,3729.645,170.803,0.0,0.0,39835428.0
2021-08-04,Afghanistan,148933.0,361.0,6836.0,32.0,3738.707,171.606,0.0,0.0,39835428.0
2021-08-05,Afghanistan,149361.0,428.0,6864.0,28.0,3749.451,172.309,0.0,0.0,39835428.0
2021-08-06,Afghanistan,149810.0,449.0,6879.0,15.0,3760.723,172.685,0.0,0.0,39835428.0
2021-08-07,Afghanistan,150240.0,430.0,6897.0,18.0,3771.517,173.137,0.0,0.0,39835428.0
2021-08-08,Afghanistan,150458.0,218.0,6908.0,11.0,3776.99,173.413,0.0,0.0,39835428.0
2021-08-09,Afghanistan,150778.0,320.0,6936.0,28.0,3785.023,174.116,0.0,0.0,39835428.0
2021-08-10,Afghanistan,151013.0,235.0,6961.0,25.0,3790.922,174.744,0.0,0.0,39835428.0
2021-08-11,Afghanistan,151291.0,278.0,6978.0,17.0,3797.901,175.171,0.0,0.0,39835428.0
2021-08-12,Afghanistan,151563.0,272.0,6988.0,10.0,3804.729,175.422,0.0,0.0,39835428.0
2021-08-13,Afghanistan,151770.0,207.0,7000.0,12.0,3809.925,175.723,0.0,0.0,39835428.0
2021-08-14,Afghanistan,151941.0,171.0,7010.0,10.0,3814.218,175.974,0.0,0.0,39835428.0
2021-08-15,Afghanistan,152033.0,92.0,7021.0,11.0,3816.527,176.25,0.0,0.0,39835428.0
2021-08-16,Afghanistan,152142.0,109.0,7025.0,4.0,3819.264,176.351,0.0,0.0,39835428.0
2021-08-17,Afghanistan,152243.0,101.0,7031.0,6.0,3821.799,176.501,0.0,0.0,39835428.0
2021-08-18,Afghanistan,152363.0,120.0,7043.0,12.0,3824.811,176.802,0.0,0.0,39835428.0
2021-08-19,Afghanistan,152411.0,48.0,7047.0,4.0,3826.016,176.903,0.0,0.0,39835428.0
2021-08-20,Afghanistan,152448.0,37.0,7054.0,7.0,3826.945,177.079,770542.0,430744.0,39835428.0
2021-08-21,Afghanistan,152497.0,49.0,7065.0,11.0,3828.175,177.355,0.0,0.0,39835428.0
2021-08-22,Afghanistan,152511.0,14.0,7070.0,5.0,3828.527,177.48,0.0,0.0,39835428.0
2021-08-23,Afghanistan,152583.0,72.0,7076.0,6.0,3830.334,177.631,0.0,0.0,39835428.0
2021-08-24,Afghanistan,152660.0,77.0,7083.0,7.0,3832.267,177.807,0.0,0.0,39835428.0
2021-08-25,Afghanistan,152722.0,62.0,7090.0,7.0,3833.824,177.982,0.0,0.0,39835428.0
2021-08-26,Afghanistan,152822.0,100.0,7093.0,3.0,3836.334,178.058,0.0,0.0,39835428.0
2021-08-27,Afghanistan,152960.0,138.0,7101.0,8.0,3839.798,178.258,0.0,0.0,39835428.0
2021-08-28,Afghanistan,153007.0,47.0,7103.0,2.0,3840.978,178.309,0.0,0.0,39835428.0
2021-08-29,Afghanistan,153033.0,26.0,7109.0,6.0,3841.631,178.459,0.0,0.0,39835428.0
2021-08-30,Afghanistan,153148.0,115.0,7116.0,7.0,3844.517,178.635,0.0,0.0,39835428.0
2021-08-31,Afghanistan,153220.0,72.0,7118.0,2.0,3846.325,178.685,773002.0,0.0,39835428.0
2021-09-01,Afghanistan,153260.0,40.0,7123.0,5.0,3847.329,178.811,0.0,0.0,39835428.0
2021-09-02,Afghanistan,153306.0,46.0,7127.0,4.0,3848.484,178.911,0.0,0.0,39835428.0
2021-09-03,Afghanistan,153375.0,69.0,7127.0,0.0,3850.216,178.911,0.0,0.0,39835428.0
2021-09-04,Afghanistan,153395.0,20.0,7128.0,1.0,3850.718,178.936,0.0,0.0,39835428.0
2021-09-05,Afghanistan,153423.0,28.0,7132.0,4.0,3851.421,179.037,0.0,0.0,39835428.0
2021-09-06,Afghanistan,153534.0,111.0,7141.0,9.0,3854.207,179.263,0.0,0.0,39835428.0
2021-09-07,Afghanistan,153626.0,92.0,7144.0,3.0,3856.517,179.338,0.0,0.0,39835428.0
2021-09-08,Afghanistan,153736.0,110.0,7151.0,7.0,3859.278,179.514,0.0,0.0,39835428.0
2021-09-09,Afghanistan,153840.0,104.0,7157.0,6.0,3861.889,179.664,0.0,0.0,39835428.0
2021-09-10,Afghanistan,153962.0,122.0,7164.0,7.0,3864.952,179.84,0.0,0.0,39835428.0
2021-09-11,Afghanistan,153982.0,20.0,7167.0,3.0,3865.454,179.915,0.0,0.0,39835428.0
2021-09-12,Afghanistan,153990.0,8.0,7167.0,0.0,3865.654,179.915,0.0,0.0,39835428.0
2021-09-13,Afghanistan,154094.0,104.0,7169.0,2.0,3868.265,179.965,0.0,0.0,39835428.0
2021-09-14,Afghanistan,154180.0,86.0,7171.0,2.0,3870.424,180.016,0.0,0.0,39835428.0
2021-09-15,Afghanistan,154283.0,103.0,7174.0,3.0,3873.01,180.091,0.0,0.0,39835428.0
2021-09-16,Afghanistan,154361.0,78.0,7183.0,9.0,3874.968,180.317,0.0,0.0,39835428.0
2021-09-17,Afghanistan,154487.0,126.0,7186.0,3.0,3878.131,180.392,0.0,0.0,39835428.0
2021-09-18,Afghanistan,154487.0,0.0,7186.0,0.0,3878.131,180.392,0.0,0.0,39835428.0
2021-09-19,Afghanistan,154487.0,0.0,7186.0,0.0,3878.131,180.392,0.0,0.0,39835428.0
2021-09-20,Afghanistan,154585.0,98.0,7199.0,13.0,3880.591,180.719,0.0,0.0,39835428.0
2021-09-21,Afghanistan,154712.0,127.0,7199.0,0.0,3883.779,180.719,0.0,0.0,39835428.0
2021-09-22,Afghanistan,154757.0,45.0,7199.0,0.0,3884.909,180.719,0.0,0.0,39835428.0
2021-09-23,Afghanistan,154800.0,43.0,7199.0,0.0,3885.988,180.719,0.0,0.0,39835428.0
2021-09-24,Afghanistan,154960.0,160.0,7199.0,0.0,3890.005,180.719,0.0,0.0,39835428.0
2021-09-25,Afghanistan,154960.0,0.0,7199.0,0.0,3890.005,180.719,0.0,0.0,39835428.0
2021-09-26,Afghanistan,154960.0,0.0,7199.0,0.0,3890.005,180.719,0.0,0.0,39835428.0
2021-09-27,Afghanistan,155072.0,112.0,7200.0,1.0,3892.816,180.744,0.0,0.0,39835428.0
2021-09-28,Afghanistan,155093.0,21.0,7201.0,1.0,3893.343,180.769,0.0,0.0,39835428.0
2021-09-29,Afghanistan,155128.0,35.0,7204.0,3.0,3894.222,180.844,0.0,0.0,39835428.0
2021-09-30,Afghanistan,155174.0,46.0,7204.0,0.0,3895.377,180.844,828601.0,0.0,39835428.0
2021-10-01,Afghanistan,155191.0,17.0,7206.0,2.0,3895.804,180.894,0.0,0.0,39835428.0
2021-10-02,Afghanistan,155191.0,0.0,7206.0,0.0,3895.804,180.894,0.0,0.0,39835428.0
2021-10-03,Afghanistan,155191.0,0.0,7206.0,0.0,3895.804,180.894,0.0,0.0,39835428.0
2021-10-04,Afghanistan,155287.0,96.0,7212.0,6.0,3898.213,181.045,0.0,0.0,39835428.0
2021-10-05,Afghanistan,155309.0,22.0,7214.0,2.0,3898.766,181.095,0.0,0.0,39835428.0
2021-10-06,Afghanistan,155380.0,71.0,7220.0,6.0,3900.548,181.246,0.0,0.0,39835428.0
2021-10-07,Afghanistan,155429.0,49.0,7221.0,1.0,3901.778,181.271,0.0,0.0,39835428.0
2021-10-08,Afghanistan,155448.0,19.0,7221.0,0.0,3902.255,181.271,0.0,0.0,39835428.0
2021-10-09,Afghanistan,155466.0,18.0,7221.0,0.0,3902.707,181.271,0.0,0.0,39835428.0
2021-10-10,Afghanistan,155508.0,42.0,7225.0,4.0,3903.761,181.371,0.0,0.0,39835428.0
2021-10-11,Afghanistan,155540.0,32.0,7228.0,3.0,3904.565,181.447,0.0,0.0,39835428.0
2021-10-12,Afghanistan,155599.0,59.0,7230.0,2.0,3906.046,181.497,0.0,0.0,39835428.0
2021-10-13,Afghanistan,155627.0,28.0,7234.0,4.0,3906.749,181.597,0.0,0.0,39835428.0
2021-10-14,Afghanistan,155682.0,55.0,7238.0,4.0,3908.129,181.698,0.0,0.0,39835428.0
2021-10-15,Afghanistan,155688.0,6.0,7238.0,0.0,3908.28,181.698,0.0,0.0,39835428.0
2021-10-16,Afghanistan,155739.0,51.0,7238.0,0.0,3909.56,181.698,0.0,0.0,39835428.0
2021-10-17,Afghanistan,155764.0,25.0,7243.0,5.0,3910.188,181.823,0.0,0.0,39835428.0
2021-10-18,Afghanistan,155776.0,12.0,7246.0,3.0,3910.489,181.898,0.0,0.0,39835428.0
2021-10-19,Afghanistan,155801.0,25.0,7247.0,1.0,3911.117,181.923,0.0,0.0,39835428.0
2021-10-20,Afghanistan,155859.0,58.0,7247.0,0.0,3912.572,181.923,0.0,0.0,39835428.0
2021-10-21,Afghanistan,155891.0,32.0,7249.0,2.0,3913.376,181.974,0.0,0.0,39835428.0
2021-10-22,Afghanistan,155931.0,40.0,7252.0,3.0,3914.38,182.049,0.0,0.0,39835428.0
2021-10-23,Afghanistan,155940.0,9.0,7253.0,1.0,3914.606,182.074,0.0,0.0,39835428.0
2021-10-24,Afghanistan,155944.0,4.0,7255.0,2.0,3914.706,182.124,0.0,0.0,39835428.0
2021-10-25,Afghanistan,156040.0,96.0,7260.0,5.0,3917.116,182.25,0.0,0.0,39835428.0
2021-10-26,Afghanistan,156071.0,31.0,7262.0,2.0,3917.894,182.3,0.0,0.0,39835428.0
2021-10-27,Afghanistan,156124.0,53.0,7266.0,4.0,3919.225,182.4,0.0,0.0,39835428.0
2021-10-28,Afghanistan,156166.0,42.0,7268.0,2.0,3920.279,182.451,0.0,0.0,39835428.0
2021-10-29,Afghanistan,156196.0,30.0,7269.0,1.0,3921.032,182.476,0.0,0.0,39835428.0
2021-10-30,Afghanistan,156210.0,14.0,7272.0,3.0,3921.384,182.551,0.0,0.0,39835428.0
2021-10-31,Afghanistan,156250.0,40.0,7280.0,8.0,3922.388,182.752,0.0,0.0,39835428.0
2021-11-01,Afghanistan,156284.0,34.0,7281.0,1.0,3923.241,182.777,0.0,0.0,39835428.0
2021-11-02,Afghanistan,156307.0,23.0,7281.0,0.0,3923.819,182.777,0.0,0.0,39835428.0
2021-11-03,Afghanistan,156323.0,16.0,7284.0,3.0,3924.22,182.852,0.0,0.0,39835428.0
2021-11-04,Afghanistan,156363.0,40.0,7284.0,0.0,3925.225,182.852,0.0,0.0,39835428.0
2021-11-05,Afghanistan,156392.0,29.0,7284.0,0.0,3925.953,182.852,0.0,0.0,39835428.0
2021-11-06,Afghanistan,156397.0,5.0,7284.0,0.0,3926.078,182.852,0.0,0.0,39835428.0
2021-11-07,Afghanistan,156397.0,0.0,7284.0,0.0,3926.078,182.852,0.0,0.0,39835428.0
2021-11-08,Afghanistan,156397.0,0.0,7288.0,4.0,3926.078,182.953,0.0,0.0,39835428.0
2021-11-09,Afghanistan,156397.0,0.0,7290.0,2.0,3926.078,183.003,0.0,0.0,39835428.0
2021-11-10,Afghanistan,156414.0,17.0,7291.0,1.0,3926.505,183.028,0.0,0.0,39835428.0
2021-11-11,Afghanistan,156456.0,42.0,7292.0,1.0,3927.559,183.053,0.0,0.0,39835428.0
2021-11-12,Afghanistan,156487.0,31.0,7292.0,0.0,3928.337,183.053,0.0,0.0,39835428.0
2021-11-13,Afghanistan,156510.0,23.0,7292.0,0.0,3928.915,183.053,0.0,0.0,39835428.0
2021-11-14,Afghanistan,156552.0,42.0,7293.0,1.0,3929.969,183.078,3530173.0,3188609.0,39835428.0
2021-11-15,Afghanistan,156610.0,58.0,7294.0,1.0,3931.425,183.103,0.0,0.0,39835428.0
2021-11-16,Afghanistan,156649.0,39.0,7295.0,1.0,3932.404,183.128,0.0,0.0,39835428.0
2021-11-17,Afghanistan,156739.0,90.0,7297.0,2.0,3934.663,183.179,0.0,0.0,39835428.0
2021-11-18,Afghanistan,156739.0,0.0,7297.0,0.0,3934.663,183.179,0.0,0.0,39835428.0
2021-11-19,Afghanistan,156812.0,73.0,7299.0,2.0,3936.496,183.229,0.0,0.0,39835428.0
2021-11-20,Afghanistan,156864.0,52.0,7301.0,2.0,3937.801,183.279,0.0,0.0,39835428.0
2021-11-21,Afghanistan,156896.0,32.0,7303.0,2.0,3938.605,183.329,0.0,0.0,39835428.0
2021-11-22,Afghanistan,156911.0,15.0,7303.0,0.0,3938.981,183.329,0.0,0.0,39835428.0
2021-11-23,Afghanistan,157015.0,104.0,7305.0,2.0,3941.592,183.379,0.0,0.0,39835428.0
2021-11-24,Afghanistan,157032.0,17.0,7306.0,1.0,3942.019,183.405,0.0,0.0,39835428.0
2021-11-25,Afghanistan,157144.0,112.0,7307.0,1.0,3944.83,183.43,0.0,0.0,39835428.0
2021-11-26,Afghanistan,157171.0,27.0,7307.0,0.0,3945.508,183.43,0.0,0.0,39835428.0
2021-11-27,Afghanistan,157190.0,19.0,7308.0,1.0,3945.985,183.455,0.0,0.0,39835428.0
2021-11-28,Afghanistan,157218.0,28.0,7308.0,0.0,3946.688,183.455,0.0,0.0,39835428.0
2021-11-29,Afghanistan,157260.0,42.0,7308.0,0.0,3947.742,183.455,0.0,0.0,39835428.0
2021-11-30,Afghanistan,157289.0,29.0,7308.0,0.0,3948.47,183.455,0.0,0.0,39835428.0
2021-12-01,Afghanistan,157359.0,70.0,7309.0,1.0,3950.227,183.48,0.0,0.0,39835428.0
2021-12-02,Afghanistan,157387.0,28.0,7310.0,1.0,3950.93,183.505,0.0,0.0,39835428.0
2021-12-03,Afghanistan,157412.0,25.0,7311.0,1.0,3951.558,183.53,0.0,0.0,39835428.0
2021-12-04,Afghanistan,157431.0,19.0,7312.0,1.0,3952.035,183.555,0.0,0.0,39835428.0
2021-12-05,Afghanistan,157454.0,23.0,7312.0,0.0,3952.612,183.555,0.0,0.0,39835428.0
2021-12-06,Afghanistan,157499.0,45.0,7316.0,4.0,3953.742,183.656,0.0,0.0,39835428.0
2021-12-07,Afghanistan,157508.0,9.0,7317.0,1.0,3953.968,183.681,0.0,0.0,39835428.0
2021-12-08,Afghanistan,157542.0,34.0,7319.0,2.0,3954.821,183.731,0.0,0.0,39835428.0
2021-12-09,Afghanistan,157585.0,43.0,7321.0,2.0,3955.901,183.781,0.0,0.0,39835428.0
2021-12-10,Afghanistan,157603.0,18.0,7324.0,3.0,3956.353,183.856,0.0,0.0,39835428.0
2021-12-11,Afghanistan,157611.0,8.0,7325.0,1.0,3956.553,183.882,0.0,0.0,39835428.0
2021-12-12,Afghanistan,157633.0,22.0,7328.0,3.0,3957.106,183.957,0.0,0.0,39835428.0
2021-12-13,Afghanistan,157648.0,15.0,7328.0,0.0,3957.482,183.957,0.0,0.0,39835428.0
2021-12-14,Afghanistan,157660.0,12.0,7329.0,1.0,3957.784,183.982,0.0,0.0,39835428.0
2021-12-15,Afghanistan,157665.0,5.0,7331.0,2.0,3957.909,184.032,0.0,0.0,39835428.0
2021-12-16,Afghanistan,157725.0,60.0,7332.0,1.0,3959.415,184.057,0.0,0.0,39835428.0
2021-12-17,Afghanistan,157734.0,9.0,7332.0,0.0,3959.641,184.057,0.0,0.0,39835428.0
2021-12-18,Afghanistan,157745.0,11.0,7333.0,1.0,3959.917,184.082,0.0,0.0,39835428.0
2021-12-19,Afghanistan,157787.0,42.0,7335.0,2.0,3960.972,184.133,0.0,0.0,39835428.0
2021-12-20,Afghanistan,157797.0,10.0,7335.0,0.0,3961.223,184.133,0.0,0.0,39835428.0
2021-12-21,Afghanistan,157816.0,19.0,7335.0,0.0,3961.7,184.133,0.0,0.0,39835428.0
2021-12-22,Afghanistan,157841.0,25.0,7341.0,6.0,3962.327,184.283,0.0,0.0,39835428.0
2021-12-23,Afghanistan,157878.0,37.0,7346.0,5.0,3963.256,184.409,0.0,0.0,39835428.0
2021-12-24,Afghanistan,157887.0,9.0,7348.0,2.0,3963.482,184.459,0.0,0.0,39835428.0
2021-12-25,Afghanistan,157895.0,8.0,7349.0,1.0,3963.683,184.484,0.0,0.0,39835428.0
2021-12-26,Afghanistan,157951.0,56.0,7354.0,5.0,3965.089,184.61,0.0,0.0,39835428.0
2021-12-27,Afghanistan,157967.0,16.0,7354.0,0.0,3965.49,184.61,4142857.0,3753224.0,39835428.0
2021-12-28,Afghanistan,157998.0,31.0,7355.0,1.0,3966.268,184.635,0.0,0.0,39835428.0
2021-12-29,Afghanistan,158037.0,39.0,7356.0,1.0,3967.247,184.66,0.0,0.0,39835428.0
2021-12-30,Afghanistan,158056.0,19.0,7356.0,0.0,3967.724,184.66,0.0,0.0,39835428.0
2021-12-31,Afghanistan,158084.0,28.0,7356.0,0.0,3968.427,184.66,0.0,0.0,39835428.0
2022-01-01,Afghanistan,158107.0,23.0,7356.0,0.0,3969.005,184.66,0.0,0.0,39835428.0
2022-01-02,Afghanistan,158189.0,82.0,7361.0,5.0,3971.063,184.785,0.0,0.0,39835428.0
2022-01-03,Afghanistan,158183.0,0.0,7364.0,3.0,3970.913,184.861,0.0,0.0,39835428.0
2022-01-04,Afghanistan,158205.0,22.0,7365.0,1.0,3971.465,184.886,0.0,0.0,39835428.0
2022-01-05,Afghanistan,158245.0,40.0,7367.0,2.0,3972.469,184.936,0.0,0.0,39835428.0
2022-01-06,Afghanistan,158275.0,30.0,7367.0,0.0,3973.222,184.936,0.0,0.0,39835428.0
2022-01-07,Afghanistan,158300.0,25.0,7368.0,1.0,3973.85,184.961,0.0,0.0,39835428.0
2022-01-08,Afghanistan,158309.0,9.0,7369.0,1.0,3974.076,184.986,0.0,0.0,39835428.0
2022-01-09,Afghanistan,158381.0,72.0,7373.0,4.0,3975.883,185.087,4358570.0,3809353.0,39835428.0
2022-01-10,Afghanistan,158394.0,13.0,7373.0,0.0,3976.209,185.087,0.0,0.0,39835428.0
2022-01-11,Afghanistan,158471.0,77.0,7374.0,1.0,3978.142,185.112,4378818.0,3814837.0,39835428.0
2022-01-12,Afghanistan,158511.0,40.0,7376.0,2.0,3979.146,185.162,0.0,0.0,39835428.0
2022-01-13,Afghanistan,158602.0,91.0,7376.0,0.0,3981.431,185.162,4405897.0,3823786.0,39835428.0
2022-01-14,Afghanistan,158639.0,37.0,7376.0,0.0,3982.36,185.162,0.0,0.0,39835428.0
2022-01-15,Afghanistan,158678.0,39.0,7378.0,2.0,3983.339,185.212,0.0,0.0,39835428.0
2022-01-16,Afghanistan,158717.0,39.0,7379.0,1.0,3984.318,185.237,0.0,0.0,39835428.0
2022-01-17,Afghanistan,158826.0,109.0,7381.0,2.0,3987.054,185.287,4432926.0,3832821.0,39835428.0
2022-01-18,Afghanistan,158974.0,148.0,7383.0,2.0,3990.769,185.338,0.0,0.0,39835428.0
2022-01-19,Afghanistan,159070.0,96.0,7386.0,3.0,3993.179,185.413,4450211.0,3836731.0,39835428.0
2022-01-20,Afghanistan,159303.0,233.0,7386.0,0.0,3999.028,185.413,0.0,0.0,39835428.0
2022-01-21,Afghanistan,159516.0,213.0,7390.0,4.0,4004.375,185.513,0.0,0.0,39835428.0
2022-01-22,Afghanistan,159548.0,32.0,7390.0,0.0,4005.179,185.513,0.0,0.0,39835428.0
2022-01-23,Afghanistan,159649.0,101.0,7393.0,3.0,4007.714,185.589,0.0,0.0,39835428.0
2022-01-24,Afghanistan,159896.0,247.0,7393.0,0.0,4013.914,185.589,4486527.0,3851307.0,39835428.0
2022-01-25,Afghanistan,160252.0,356.0,7397.0,4.0,4022.851,185.689,0.0,0.0,39835428.0
2022-01-26,Afghanistan,160692.0,440.0,7401.0,4.0,4033.897,185.789,4511372.0,3866279.0,39835428.0
2022-01-27,Afghanistan,161004.0,312.0,7403.0,2.0,4041.729,185.84,4517380.0,3868832.0,39835428.0
2022-01-28,Afghanistan,161057.0,53.0,7403.0,0.0,4043.059,185.84,0.0,0.0,39835428.0
2022-01-29,Afghanistan,161290.0,233.0,7405.0,2.0,4048.908,185.89,0.0,0.0,39835428.0
2022-01-30,Afghanistan,162111.0,821.0,7408.0,3.0,4069.518,185.965,0.0,0.0,39835428.0
2022-01-31,Afghanistan,162926.0,815.0,7414.0,6.0,4089.977,186.116,4554648.0,3892831.0,39835428.0
2022-02-01,Afghanistan,163555.0,629.0,7417.0,3.0,4105.767,186.191,0.0,0.0,39835428.0
2022-02-02,Afghanistan,164190.0,635.0,7418.0,1.0,4121.708,186.216,4577740.0,3912336.0,39835428.0
2022-02-03,Afghanistan,164727.0,537.0,7420.0,2.0,4135.188,186.266,0.0,0.0,39835428.0
2022-02-04,Afghanistan,165358.0,631.0,7420.0,0.0,4151.029,186.266,0.0,0.0,39835428.0
2022-02-05,Afghanistan,165711.0,353.0,7425.0,5.0,4159.89,186.392,0.0,0.0,39835428.0
2022-02-06,Afghanistan,166191.0,480.0,7432.0,7.0,4171.94,186.568,0.0,0.0,39835428.0
2022-02-07,Afghanistan,166924.0,733.0,7442.0,10.0,4190.34,186.819,4634282.0,3959887.0,39835428.0
2022-02-08,Afghanistan,167739.0,815.0,7454.0,12.0,4210.799,187.12,0.0,0.0,39835428.0
2022-02-09,Afghanistan,168550.0,811.0,7465.0,11.0,4231.158,187.396,0.0,0.0,39835428.0
2022-02-10,Afghanistan,169448.0,898.0,7477.0,12.0,4253.701,187.697,0.0,0.0,39835428.0
2022-02-11,Afghanistan,169940.0,492.0,7478.0,1.0,4266.052,187.722,0.0,0.0,39835428.0
2022-02-12,Afghanistan,170152.0,212.0,7488.0,10.0,4271.374,187.973,0.0,0.0,39835428.0
2022-02-13,Afghanistan,170604.0,452.0,7494.0,6.0,4282.72,188.124,0.0,0.0,39835428.0
2022-02-14,Afghanistan,171246.0,642.0,7501.0,7.0,4298.837,188.3,4723416.0,4043580.0,39835428.0
2022-02-15,Afghanistan,171422.0,176.0,7504.0,3.0,4303.255,188.375,0.0,0.0,39835428.0
2022-02-16,Afghanistan,171519.0,97.0,7513.0,9.0,4305.69,188.601,0.0,0.0,39835428.0
2022-02-17,Afghanistan,171673.0,154.0,7524.0,11.0,4309.556,188.877,0.0,0.0,39835428.0
2022-02-18,Afghanistan,171857.0,184.0,7526.0,2.0,4314.175,188.927,0.0,0.0,39835428.0
2022-02-19,Afghanistan,171931.0,74.0,7534.0,8.0,4316.032,189.128,0.0,0.0,39835428.0
2022-02-20,Afghanistan,172205.0,274.0,7539.0,5.0,4322.911,189.254,4801524.0,4125717.0,39835428.0
2022-02-21,Afghanistan,172441.0,236.0,7549.0,10.0,4328.835,189.505,0.0,0.0,39835428.0
2022-02-22,Afghanistan,172716.0,275.0,7569.0,20.0,4335.739,190.007,0.0,0.0,39835428.0
2022-02-23,Afghanistan,172901.0,185.0,7574.0,5.0,4340.383,190.132,0.0,0.0,39835428.0
2022-02-24,Afghanistan,173047.0,146.0,7578.0,4.0,4344.048,190.233,0.0,0.0,39835428.0
2022-02-25,Afghanistan,173084.0,37.0,7579.0,1.0,4344.977,190.258,0.0,0.0,39835428.0
2022-02-26,Afghanistan,173146.0,62.0,7585.0,6.0,4346.533,190.408,0.0,0.0,39835428.0
2022-02-27,Afghanistan,173395.0,249.0,7593.0,8.0,4352.784,190.609,4907058.0,4231984.0,39835428.0
2022-02-28,Afghanistan,173659.0,264.0,7598.0,5.0,4359.411,190.735,0.0,0.0,39835428.0
2022-03-01,Afghanistan,173879.0,220.0,7609.0,11.0,4364.934,191.011,0.0,0.0,39835428.0
2022-03-02,Afghanistan,174073.0,194.0,7617.0,8.0,4369.804,191.212,0.0,0.0,39835428.0
2022-03-03,Afghanistan,174214.0,141.0,7619.0,2.0,4373.343,191.262,0.0,0.0,39835428.0
2022-03-04,Afghanistan,174214.0,0.0,7619.0,0.0,4373.343,191.262,0.0,0.0,39835428.0
2022-03-05,Afghanistan,174331.0,117.0,7622.0,3.0,4376.28,191.337,0.0,0.0,39835428.0
2020-02-13,Africa,0.0,0.0,0.0,0.0,0.0,0.0,0.0,0.0,1373486472.0
2020-02-14,Africa,1.0,1.0,0.0,0.0,0.001,0.0,0.0,0.0,1373486472.0
2020-02-15,Africa,1.0,0.0,0.0,0.0,0.001,0.0,0.0,0.0,1373486472.0
2020-02-16,Africa,1.0,0.0,0.0,0.0,0.001,0.0,0.0,0.0,1373486472.0
2020-02-17,Africa,1.0,0.0,0.0,0.0,0.001,0.0,0.0,0.0,1373486472.0
2020-02-18,Africa,1.0,0.0,0.0,0.0,0.001,0.0,0.0,0.0,1373486472.0
2020-02-19,Africa,1.0,0.0,0.0,0.0,0.001,0.0,0.0,0.0,1373486472.0
2020-02-20,Africa,1.0,0.0,0.0,0.0,0.001,0.0,0.0,0.0,1373486472.0
2020-02-21,Africa,1.0,0.0,0.0,0.0,0.001,0.0,0.0,0.0,1373486472.0
2020-02-22,Africa,1.0,0.0,0.0,0.0,0.001,0.0,0.0,0.0,1373486472.0
2020-02-23,Africa,1.0,0.0,0.0,0.0,0.001,0.0,0.0,0.0,1373486472.0
2020-02-24,Africa,1.0,0.0,0.0,0.0,0.001,0.0,0.0,0.0,1373486472.0
2020-02-25,Africa,2.0,1.0,0.0,0.0,0.001,0.0,0.0,0.0,1373486472.0
2020-02-26,Africa,2.0,0.0,0.0,0.0,0.001,0.0,0.0,0.0,1373486472.0
2020-02-27,Africa,2.0,0.0,0.0,0.0,0.001,0.0,0.0,0.0,1373486472.0
2020-02-28,Africa,3.0,1.0,0.0,0.0,0.002,0.0,0.0,0.0,1373486472.0
2020-02-29,Africa,3.0,0.0,0.0,0.0,0.002,0.0,0.0,0.0,1373486472.0
2020-03-01,Africa,4.0,1.0,0.0,0.0,0.003,0.0,0.0,0.0,1373486472.0
2020-03-02,Africa,8.0,4.0,0.0,0.0,0.006,0.0,0.0,0.0,1373486472.0
2020-03-03,Africa,11.0,3.0,0.0,0.0,0.008,0.0,0.0,0.0,1373486472.0
2020-03-04,Africa,21.0,10.0,0.0,0.0,0.015,0.0,0.0,0.0,1373486472.0
2020-03-05,Africa,24.0,3.0,0.0,0.0,0.017,0.0,0.0,0.0,1373486472.0
2020-03-06,Africa,43.0,19.0,0.0,0.0,0.031,0.0,0.0,0.0,1373486472.0
2020-03-07,Africa,43.0,0.0,0.0,0.0,0.031,0.0,0.0,0.0,1373486472.0
2020-03-08,Africa,83.0,40.0,1.0,1.0,0.06,0.001,0.0,0.0,1373486472.0
2020-03-09,Africa,91.0,8.0,1.0,0.0,0.066,0.001,0.0,0.0,1373486472.0
2020-03-10,Africa,104.0,13.0,2.0,1.0,0.076,0.001,0.0,0.0,1373486472.0
2020-03-11,Africa,118.0,14.0,2.0,0.0,0.086,0.001,0.0,0.0,1373486472.0
2020-03-12,Africa,134.0,16.0,3.0,1.0,0.098,0.002,0.0,0.0,1373486472.0
2020-03-13,Africa,176.0,42.0,6.0,3.0,0.128,0.004,0.0,0.0,1373486472.0
2020-03-14,Africa,252.0,76.0,7.0,1.0,0.183,0.005,0.0,0.0,1373486472.0
2020-03-15,Africa,317.0,65.0,8.0,1.0,0.231,0.006,0.0,0.0,1373486472.0
2020-03-16,Africa,404.0,87.0,8.0,0.0,0.294,0.006,0.0,0.0,1373486472.0
2020-03-17,Africa,492.0,88.0,11.0,3.0,0.358,0.008,0.0,0.0,1373486472.0
2020-03-18,Africa,610.0,118.0,17.0,6.0,0.444,0.012,0.0,0.0,1373486472.0
2020-03-19,Africa,788.0,178.0,20.0,3.0,0.574,0.015,0.0,0.0,1373486472.0
2020-03-20,Africa,970.0,182.0,26.0,6.0,0.706,0.019,0.0,0.0,1373486472.0
2020-03-21,Africa,1170.0,206.0,35.0,9.0,0.852,0.025,0.0,0.0,1373486472.0
2020-03-22,Africa,1423.0,253.0,46.0,11.0,1.036,0.033,0.0,0.0,1373486472.0
2020-03-23,Africa,1806.0,383.0,55.0,9.0,1.315,0.04,0.0,0.0,1373486472.0
2020-03-24,Africa,2244.0,438.0,62.0,7.0,1.634,0.045,0.0,0.0,1373486472.0
2020-03-25,Africa,2767.0,523.0,73.0,11.0,2.015,0.053,0.0,0.0,1373486472.0
2020-03-26,Africa,3293.0,526.0,91.0,18.0,2.398,0.066,0.0,0.0,1373486472.0
2020-03-27,Africa,3873.0,580.0,115.0,24.0,2.82,0.084,0.0,0.0,1373486472.0
2020-03-28,Africa,4216.0,343.0,134.0,19.0,3.07,0.098,0.0,0.0,1373486472.0
2020-03-29,Africa,4780.0,564.0,151.0,17.0,3.48,0.11,0.0,0.0,1373486472.0
2020-03-30,Africa,5175.0,395.0,172.0,21.0,3.768,0.125,0.0,0.0,1373486472.0
2020-03-31,Africa,5761.0,586.0,198.0,26.0,4.194,0.144,0.0,0.0,1373486472.0
2020-04-01,Africa,6360.0,599.0,233.0,35.0,4.631,0.17,0.0,0.0,1373486472.0
2020-04-02,Africa,7016.0,656.0,285.0,52.0,5.108,0.208,0.0,0.0,1373486472.0
2020-04-03,Africa,7897.0,881.0,331.0,46.0,5.75,0.241,0.0,0.0,1373486472.0
2020-04-04,Africa,8579.0,682.0,382.0,51.0,6.246,0.278,0.0,0.0,1373486472.0
2020-04-05,Africa,9264.0,685.0,442.0,60.0,6.745,0.322,0.0,0.0,1373486472.0
2020-04-06,Africa,9980.0,716.0,487.0,45.0,7.266,0.355,0.0,0.0,1373486472.0
2020-04-07,Africa,10608.0,628.0,533.0,46.0,7.723,0.388,0.0,0.0,1373486472.0
2020-04-08,Africa,11414.0,806.0,573.0,40.0,8.31,0.417,0.0,0.0,1373486472.0
2020-04-09,Africa,12207.0,793.0,627.0,54.0,8.888,0.457,0.0,0.0,1373486472.0
2020-04-10,Africa,12901.0,694.0,690.0,63.0,9.393,0.502,0.0,0.0,1373486472.0
2020-04-11,Africa,13615.0,714.0,742.0,52.0,9.913,0.54,0.0,0.0,1373486472.0
2020-04-12,Africa,14484.0,869.0,788.0,46.0,10.545,0.574,0.0,0.0,1373486472.0
2020-04-13,Africa,15256.0,772.0,833.0,45.0,11.107,0.606,0.0,0.0,1373486472.0
2020-04-14,Africa,16227.0,971.0,873.0,40.0,11.814,0.636,0.0,0.0,1373486472.0
2020-04-15,Africa,17192.0,965.0,910.0,37.0,12.517,0.663,0.0,0.0,1373486472.0
2020-04-16,Africa,18360.0,1168.0,965.0,55.0,13.367,0.703,0.0,0.0,1373486472.0
2020-04-17,Africa,19763.0,1403.0,1015.0,50.0,14.389,0.739,0.0,0.0,1373486472.0
2020-04-18,Africa,21071.0,1309.0,1058.0,43.0,15.341,0.77,0.0,0.0,1373486472.0
2020-04-19,Africa,22268.0,1197.0,1120.0,62.0,16.213,0.815,0.0,0.0,1373486472.0
2020-04-20,Africa,23431.0,1163.0,1159.0,39.0,17.06,0.844,0.0,0.0,1373486472.0
2020-04-21,Africa,24507.0,1076.0,1189.0,30.0,17.843,0.866,0.0,0.0,1373486472.0
2020-04-22,Africa,25910.0,1403.0,1240.0,51.0,18.864,0.903,0.0,0.0,1373486472.0
2020-04-23,Africa,27347.0,1437.0,1297.0,57.0,19.911,0.944,0.0,0.0,1373486472.0
2020-04-24,Africa,29052.0,1705.0,1324.0,27.0,21.152,0.964,0.0,0.0,1373486472.0
2020-04-25,Africa,30296.0,1244.0,1372.0,48.0,22.058,0.999,0.0,0.0,1373486472.0
2020-04-26,Africa,31828.0,1532.0,1422.0,50.0,23.173,1.035,0.0,0.0,1373486472.0
2020-04-27,Africa,33165.0,1337.0,1461.0,39.0,24.147,1.064,0.0,0.0,1373486472.0
2020-04-28,Africa,34784.0,1619.0,1522.0,61.0,25.325,1.108,0.0,0.0,1373486472.0
2020-04-29,Africa,36807.0,2023.0,1588.0,66.0,26.798,1.156,0.0,0.0,1373486472.0
2020-04-30,Africa,38753.0,1946.0,1634.0,46.0,28.215,1.19,0.0,0.0,1373486472.0
2020-05-01,Africa,40468.0,1715.0,1690.0,56.0,29.464,1.23,0.0,0.0,1373486472.0
2020-05-02,Africa,42705.0,2243.0,1759.0,69.0,31.092,1.281,0.0,0.0,1373486472.0
2020-05-03,Africa,44297.0,1592.0,1796.0,37.0,32.252,1.308,0.0,0.0,1373486472.0
2020-05-04,Africa,46951.0,2654.0,1842.0,46.0,34.184,1.341,0.0,0.0,1373486472.0
2020-05-05,Africa,48993.0,2042.0,1906.0,64.0,35.671,1.388,0.0,0.0,1373486472.0
2020-05-06,Africa,51535.0,2542.0,2006.0,100.0,37.521,1.461,0.0,0.0,1373486472.0
2020-05-07,Africa,54022.0,2487.0,2073.0,67.0,39.332,1.509,0.0,0.0,1373486472.0
2020-05-08,Africa,57647.0,3625.0,2154.0,81.0,41.971,1.568,0.0,0.0,1373486472.0
2020-05-09,Africa,60507.0,2860.0,2221.0,67.0,44.054,1.617,0.0,0.0,1373486472.0
2020-05-10,Africa,63086.0,2579.0,2290.0,69.0,45.931,1.667,0.0,0.0,1373486472.0
2020-05-11,Africa,66145.0,3066.0,2344.0,54.0,48.158,1.707,0.0,0.0,1373486472.0
2020-05-12,Africa,69312.0,3167.0,2395.0,51.0,50.464,1.744,0.0,0.0,1373486472.0
2020-05-13,Africa,72226.0,2914.0,2493.0,98.0,52.586,1.815,0.0,0.0,1373486472.0
2020-05-14,Africa,75344.0,3118.0,2562.0,69.0,54.856,1.865,0.0,0.0,1373486472.0
2020-05-15,Africa,78270.0,2926.0,2624.0,62.0,56.986,1.91,0.0,0.0,1373486472.0
2020-05-16,Africa,81273.0,3003.0,2708.0,84.0,59.173,1.972,0.0,0.0,1373486472.0
2020-05-17,Africa,84587.0,3314.0,2758.0,50.0,61.586,2.008,0.0,0.0,1373486472.0
2020-05-18,Africa,88255.0,3668.0,2831.0,73.0,64.256,2.061,0.0,0.0,1373486472.0
2020-05-19,Africa,91266.0,3220.0,2906.0,75.0,66.448,2.116,0.0,0.0,1373486472.0
2020-05-20,Africa,95057.0,3791.0,2990.0,84.0,69.209,2.177,0.0,0.0,1373486472.0
2020-05-21,Africa,99752.0,4799.0,3095.0,105.0,72.627,2.253,0.0,0.0,1373486472.0
2020-05-22,Africa,103620.0,3868.0,3183.0,88.0,75.443,2.317,0.0,0.0,1373486472.0
2020-05-23,Africa,107485.0,3865.0,3255.0,72.0,78.257,2.37,0.0,0.0,1373486472.0
2020-05-24,Africa,111605.0,4120.0,3354.0,99.0,81.257,2.442,0.0,0.0,1373486472.0
2020-05-25,Africa,115733.0,4128.0,3479.0,125.0,84.262,2.533,0.0,0.0,1373486472.0
2020-05-26,Africa,119444.0,3711.0,3591.0,112.0,86.964,2.615,0.0,0.0,1373486472.0
2020-05-27,Africa,124524.0,5080.0,3698.0,107.0,90.663,2.692,0.0,0.0,1373486472.0
2020-05-28,Africa,129440.0,4916.0,3791.0,93.0,94.242,2.76,0.0,0.0,1373486472.0
2020-05-29,Africa,135186.0,5746.0,3922.0,131.0,98.425,2.856,0.0,0.0,1373486472.0
2020-05-30,Africa,141304.0,6118.0,4069.0,147.0,102.88,2.963,0.0,0.0,1373486472.0
2020-05-31,Africa,146551.0,5247.0,4222.0,153.0,106.7,3.074,0.0,0.0,1373486472.0
2020-06-01,Africa,152336.0,5785.0,4343.0,121.0,110.912,3.162,0.0,0.0,1373486472.0
2020-06-02,Africa,157214.0,4878.0,4493.0,150.0,114.463,3.271,0.0,0.0,1373486472.0
2020-06-03,Africa,162311.0,5097.0,4601.0,108.0,118.174,3.35,0.0,0.0,1373486472.0
2020-06-04,Africa,169417.0,7106.0,4756.0,155.0,123.348,3.463,0.0,0.0,1373486472.0
2020-06-05,Africa,176603.0,7186.0,4913.0,157.0,128.58,3.577,0.0,0.0,1373486472.0
2020-06-06,Africa,183202.0,6599.0,5055.0,142.0,133.385,3.68,0.0,0.0,1373486472.0
2020-06-07,Africa,189536.0,6334.0,5188.0,133.0,137.996,3.777,0.0,0.0,1373486472.0
2020-06-08,Africa,196187.0,6651.0,5363.0,175.0,142.839,3.905,0.0,0.0,1373486472.0
2020-06-09,Africa,202657.0,6470.0,5537.0,174.0,147.549,4.031,0.0,0.0,1373486472.0
2020-06-10,Africa,209202.0,6545.0,5688.0,151.0,152.315,4.141,0.0,0.0,1373486472.0
2020-06-11,Africa,216605.0,7403.0,5851.0,163.0,157.705,4.26,0.0,0.0,1373486472.0
2020-06-12,Africa,224684.0,8079.0,6049.0,198.0,163.587,4.404,0.0,0.0,1373486472.0
2020-06-13,Africa,232771.0,8087.0,6253.0,204.0,169.475,4.553,0.0,0.0,1373486472.0
2020-06-14,Africa,241551.0,8780.0,6459.0,206.0,175.867,4.703,0.0,0.0,1373486472.0
2020-06-15,Africa,251144.0,9593.0,6761.0,302.0,182.851,4.923,0.0,0.0,1373486472.0
2020-06-16,Africa,258786.0,7642.0,7015.0,254.0,188.415,5.107,0.0,0.0,1373486472.0
2020-06-17,Africa,267522.0,8736.0,7218.0,203.0,194.776,5.255,0.0,0.0,1373486472.0
2020-06-18,Africa,275757.0,8235.0,7419.0,201.0,200.772,5.402,0.0,0.0,1373486472.0
2020-06-19,Africa,285570.0,9813.0,7682.0,263.0,207.916,5.593,0.0,0.0,1373486472.0
2020-06-20,Africa,296919.0,11349.0,7918.0,236.0,216.179,5.765,0.0,0.0,1373486472.0
2020-06-21,Africa,306356.0,9437.0,8114.0,196.0,223.05,5.908,0.0,0.0,1373486472.0
2020-06-22,Africa,315343.0,8987.0,8338.0,224.0,229.593,6.071,0.0,0.0,1373486472.0
2020-06-23,Africa,324419.0,9076.0,8620.0,282.0,236.201,6.276,0.0,0.0,1373486472.0
2020-06-24,Africa,335768.0,11349.0,8855.0,235.0,244.464,6.447,0.0,0.0,1373486472.0
2020-06-25,Africa,347710.0,11942.0,9069.0,214.0,253.159,6.603,0.0,0.0,1373486472.0
2020-06-26,Africa,359308.0,11598.0,9282.0,213.0,261.603,6.758,0.0,0.0,1373486472.0
2020-06-27,Africa,371545.0,12237.0,9484.0,202.0,270.512,6.905,0.0,0.0,1373486472.0
2020-06-28,Africa,382153.0,10608.0,9663.0,179.0,278.236,7.035,0.0,0.0,1373486472.0
2020-06-29,Africa,393283.0,11130.0,9877.0,214.0,286.339,7.191,0.0,0.0,1373486472.0
2020-06-30,Africa,404891.0,11608.0,10146.0,269.0,294.791,7.387,0.0,0.0,1373486472.0
2020-07-01,Africa,418104.0,13213.0,10404.0,258.0,304.411,7.575,0.0,0.0,1373486472.0
2020-07-02,Africa,432306.0,14202.0,10643.0,239.0,314.751,7.749,0.0,0.0,1373486472.0
2020-07-03,Africa,447466.0,15160.0,10882.0,239.0,325.788,7.923,0.0,0.0,1373486472.0
2020-07-04,Africa,462951.0,15485.0,11083.0,201.0,337.063,8.069,0.0,0.0,1373486472.0
2020-07-05,Africa,476586.0,13635.0,11363.0,280.0,346.99,8.273,0.0,0.0,1373486472.0
2020-07-06,Africa,490326.0,13740.0,11610.0,247.0,356.994,8.453,0.0,0.0,1373486472.0
2020-07-07,Africa,507792.0,17466.0,11975.0,365.0,369.71,8.719,0.0,0.0,1373486472.0
2020-07-08,Africa,522535.0,14743.0,12232.0,257.0,380.444,8.906,0.0,0.0,1373486472.0
2020-07-09,Africa,541725.0,19190.0,12457.0,225.0,394.416,9.07,0.0,0.0,1373486472.0
2020-07-10,Africa,559430.0,17705.0,12763.0,306.0,407.307,9.292,0.0,0.0,1373486472.0
2020-07-11,Africa,578216.0,18786.0,12988.0,225.0,420.984,9.456,0.0,0.0,1373486472.0
2020-07-12,Africa,594933.0,16717.0,13241.0,253.0,433.155,9.64,0.0,0.0,1373486472.0
2020-07-13,Africa,611002.0,16069.0,13463.0,222.0,444.855,9.802,0.0,0.0,1373486472.0
2020-07-14,Africa,625452.0,14450.0,13762.0,299.0,455.375,10.02,0.0,0.0,1373486472.0
2020-07-15,Africa,643484.0,18032.0,13988.0,226.0,468.504,10.184,0.0,0.0,1373486472.0
2020-07-16,Africa,663929.0,20445.0,14356.0,368.0,483.39,10.452,0.0,0.0,1373486472.0
2020-07-17,Africa,683468.0,19539.0,14672.0,316.0,497.615,10.682,0.0,0.0,1373486472.0
2020-07-18,Africa,702480.0,19012.0,14953.0,281.0,511.458,10.887,0.0,0.0,1373486472.0
2020-07-19,Africa,721049.0,18569.0,15169.0,216.0,524.977,11.044,0.0,0.0,1373486472.0
2020-07-20,Africa,736561.0,15512.0,15423.0,254.0,536.271,11.229,0.0,0.0,1373486472.0
2020-07-21,Africa,750440.0,13879.0,15737.0,314.0,546.376,11.458,0.0,0.0,1373486472.0
2020-07-22,Africa,770049.0,19609.0,16445.0,708.0,560.653,11.973,0.0,0.0,1373486472.0
2020-07-23,Africa,788518.0,18470.0,16713.0,268.0,574.1,12.168,0.0,0.0,1373486472.0
2020-07-24,Africa,810613.0,22095.0,17104.0,391.0,590.186,12.453,0.0,0.0,1373486472.0
2020-07-25,Africa,828757.0,18144.0,17521.0,417.0,603.397,12.757,0.0,0.0,1373486472.0
2020-07-26,Africa,847065.0,18308.0,17765.0,244.0,616.726,12.934,0.0,0.0,1373486472.0
2020-07-27,Africa,860515.0,13454.0,18175.0,410.0,626.519,13.233,0.0,0.0,1373486472.0
2020-07-28,Africa,874016.0,13501.0,18497.0,322.0,636.348,13.467,0.0,0.0,1373486472.0
2020-07-29,Africa,891656.0,17640.0,18864.0,367.0,649.192,13.734,0.0,0.0,1373486472.0
2020-07-30,Africa,909073.0,17417.0,19317.0,456.0,661.873,14.064,0.0,0.0,1373486472.0
2020-07-31,Africa,928075.0,19002.0,19680.0,363.0,675.707,14.328,0.0,0.0,1373486472.0
2020-08-01,Africa,944997.0,16922.0,19974.0,294.0,688.028,14.543,0.0,0.0,1373486472.0
2020-08-02,Africa,957731.0,12734.0,20304.0,330.0,697.299,14.783,0.0,0.0,1373486472.0
2020-08-03,Africa,968595.0,10864.0,20626.0,322.0,705.209,15.017,0.0,0.0,1373486472.0
2020-08-04,Africa,978515.0,9920.0,21099.0,473.0,712.431,15.362,0.0,0.0,1373486472.0
2020-08-05,Africa,993874.0,15359.0,21638.0,539.0,723.614,15.754,0.0,0.0,1373486472.0
2020-08-06,Africa,1008204.0,14330.0,22069.0,431.0,734.047,16.068,0.0,0.0,1373486472.0
2020-08-07,Africa,1021693.0,13489.0,22508.0,439.0,743.868,16.387,0.0,0.0,1373486472.0
2020-08-08,Africa,1035915.0,14222.0,22920.0,412.0,754.223,16.687,0.0,0.0,1373486472.0
2020-08-09,Africa,1048272.0,12357.0,23279.0,359.0,763.22,16.949,0.0,0.0,1373486472.0
2020-08-10,Africa,1057404.0,9132.0,23598.0,319.0,769.869,17.181,0.0,0.0,1373486472.0
2020-08-11,Africa,1065279.0,7875.0,23865.0,267.0,775.602,17.375,0.0,0.0,1373486472.0
2020-08-12,Africa,1074535.0,9256.0,24274.0,409.0,782.341,17.673,0.0,0.0,1373486472.0
2020-08-13,Africa,1084940.0,10405.0,24682.0,408.0,789.917,17.97,0.0,0.0,1373486472.0
2020-08-14,Africa,1097484.0,12544.0,25098.0,416.0,799.05,18.273,0.0,0.0,1373486472.0
2020-08-15,Africa,1109296.0,11812.0,25338.0,240.0,807.65,18.448,0.0,0.0,1373486472.0
2020-08-16,Africa,1119254.0,9958.0,25633.0,295.0,814.9,18.663,0.0,0.0,1373486472.0
2020-08-17,Africa,1128106.0,8852.0,25897.0,264.0,821.345,18.855,0.0,0.0,1373486472.0
2020-08-18,Africa,1136758.0,8652.0,26312.0,415.0,827.644,19.157,0.0,0.0,1373486472.0
2020-08-19,Africa,1147648.0,10890.0,26640.0,328.0,835.573,19.396,0.0,0.0,1373486472.0
2020-08-20,Africa,1158260.0,10612.0,26977.0,337.0,843.299,19.641,0.0,0.0,1373486472.0
2020-08-21,Africa,1168533.0,10273.0,27329.0,352.0,850.779,19.898,0.0,0.0,1373486472.0
2020-08-22,Africa,1178966.0,10433.0,27603.0,274.0,858.375,20.097,0.0,0.0,1373486472.0
2020-08-23,Africa,1188019.0,9053.0,27785.0,182.0,864.966,20.23,0.0,0.0,1373486472.0
2020-08-24,Africa,1195531.0,7612.0,28005.0,220.0,870.435,20.39,0.0,0.0,1373486472.0
2020-08-25,Africa,1203068.0,7537.0,28288.0,283.0,875.923,20.596,0.0,0.0,1373486472.0
2020-08-26,Africa,1211924.0,8856.0,28607.0,319.0,882.371,20.828,0.0,0.0,1373486472.0
2020-08-27,Africa,1220472.0,8548.0,28860.0,253.0,888.594,21.012,0.0,0.0,1373486472.0
2020-08-28,Africa,1228581.0,8109.0,29091.0,231.0,894.498,21.18,0.0,0.0,1373486472.0
2020-08-29,Africa,1236945.0,8364.0,29422.0,331.0,900.588,21.421,0.0,0.0,1373486472.0
2020-08-30,Africa,1245415.0,8470.0,29586.0,164.0,906.754,21.541,0.0,0.0,1373486472.0
2020-08-31,Africa,1252228.0,6813.0,29812.0,226.0,911.715,21.705,0.0,0.0,1373486472.0
2020-09-01,Africa,1259391.0,7163.0,30054.0,242.0,916.93,21.882,0.0,0.0,1373486472.0
2020-09-02,Africa,1268105.0,8714.0,30319.0,265.0,923.274,22.074,0.0,0.0,1373486472.0
2020-09-03,Africa,1275851.0,7746.0,30616.0,297.0,928.914,22.291,0.0,0.0,1373486472.0
2020-09-04,Africa,1284430.0,8579.0,30854.0,239.0,935.16,22.464,0.0,0.0,1373486472.0
2020-09-05,Africa,1291822.0,7392.0,31079.0,225.0,940.542,22.628,0.0,0.0,1373486472.0
2020-09-06,Africa,1299644.0,7822.0,31303.0,224.0,946.237,22.791,0.0,0.0,1373486472.0
2020-09-07,Africa,1306517.0,6873.0,31521.0,218.0,951.241,22.95,0.0,0.0,1373486472.0
2020-09-08,Africa,1314196.0,7679.0,31747.0,226.0,956.832,23.114,0.0,0.0,1373486472.0
2020-09-09,Africa,1322490.0,8294.0,31939.0,192.0,962.871,23.254,0.0,0.0,1373486472.0
2020-09-10,Africa,1330538.0,8048.0,32124.0,216.0,968.73,23.389,0.0,0.0,1373486472.0
2020-09-11,Africa,1339233.0,8695.0,32355.0,231.0,975.061,23.557,0.0,0.0,1373486472.0
2020-09-12,Africa,1346641.0,7408.0,32501.0,146.0,980.455,23.663,0.0,0.0,1373486472.0
2020-09-13,Africa,1353386.0,6745.0,32622.0,121.0,985.365,23.751,0.0,0.0,1373486472.0
2020-09-14,Africa,1359867.0,6481.0,32793.0,171.0,990.084,23.876,0.0,0.0,1373486472.0
2020-09-15,Africa,1366423.0,6556.0,33070.0,277.0,994.857,24.077,0.0,0.0,1373486472.0
2020-09-16,Africa,1373750.0,7327.0,33249.0,179.0,1000.192,24.208,0.0,0.0,1373486472.0
2020-09-17,Africa,1382352.0,8602.0,33428.0,179.0,1006.455,24.338,0.0,0.0,1373486472.0
2020-09-18,Africa,1390520.0,8168.0,33621.0,193.0,1012.402,24.479,0.0,0.0,1373486472.0
2020-09-19,Africa,1399248.0,8728.0,33823.0,202.0,1018.756,24.626,0.0,0.0,1373486472.0
2020-09-20,Africa,1407668.0,8420.0,33956.0,133.0,1024.887,24.722,0.0,0.0,1373486472.0
2020-09-21,Africa,1413814.0,6146.0,34082.0,126.0,1029.361,24.814,0.0,0.0,1373486472.0
2020-09-22,Africa,1420652.0,6838.0,34322.0,240.0,1034.34,24.989,0.0,0.0,1373486472.0
2020-09-23,Africa,1429378.0,8726.0,34531.0,209.0,1040.693,25.141,0.0,0.0,1373486472.0
2020-09-24,Africa,1437564.0,8186.0,34706.0,175.0,1046.653,25.269,0.0,0.0,1373486472.0
2020-09-25,Africa,1445542.0,7978.0,34860.0,154.0,1052.462,25.381,0.0,0.0,1373486472.0
2020-09-26,Africa,1451954.0,6412.0,35028.0,168.0,1057.13,25.503,0.0,0.0,1373486472.0
2020-09-27,Africa,1460322.0,8368.0,35163.0,135.0,1063.223,25.601,0.0,0.0,1373486472.0
2020-09-28,Africa,1465989.0,5667.0,35457.0,294.0,1067.349,25.815,0.0,0.0,1373486472.0
2020-09-29,Africa,1473500.0,7511.0,35674.0,217.0,1072.817,25.973,0.0,0.0,1373486472.0
2020-09-30,Africa,1481930.0,8430.0,35863.0,189.0,1078.955,26.111,0.0,0.0,1373486472.0
2020-10-01,Africa,1489195.0,7265.0,36080.0,217.0,1084.244,26.269,0.0,0.0,1373486472.0
2020-10-02,Africa,1498044.0,8849.0,36229.0,149.0,1090.687,26.377,0.0,0.0,1373486472.0
2020-10-03,Africa,1506872.0,8828.0,36340.0,111.0,1097.115,26.458,0.0,0.0,1373486472.0
2020-10-04,Africa,1514965.0,8093.0,36510.0,170.0,1103.007,26.582,0.0,0.0,1373486472.0
2020-10-05,Africa,1519672.0,4707.0,36638.0,128.0,1106.434,26.675,0.0,0.0,1373486472.0
2020-10-06,Africa,1526267.0,6595.0,36826.0,188.0,1111.236,26.812,0.0,0.0,1373486472.0
2020-10-07,Africa,1536821.0,10554.0,37095.0,269.0,1118.92,27.008,0.0,0.0,1373486472.0
2020-10-08,Africa,1547725.0,10904.0,37393.0,301.0,1126.859,27.225,0.0,0.0,1373486472.0
2020-10-09,Africa,1556288.0,8563.0,37629.0,236.0,1133.093,27.397,0.0,0.0,1373486472.0
2020-10-10,Africa,1569819.0,13531.0,37900.0,271.0,1142.945,27.594,0.0,0.0,1373486472.0
2020-10-11,Africa,1578797.0,8978.0,38108.0,208.0,1149.481,27.745,0.0,0.0,1373486472.0
2020-10-12,Africa,1584674.0,5877.0,38301.0,193.0,1153.76,27.886,0.0,0.0,1373486472.0
2020-10-13,Africa,1592514.0,7840.0,38572.0,271.0,1159.468,28.083,0.0,0.0,1373486472.0
2020-10-14,Africa,1604026.0,11512.0,38835.0,263.0,1167.85,28.275,0.0,0.0,1373486472.0
2020-10-15,Africa,1613133.0,9107.0,39089.0,254.0,1174.48,28.46,0.0,0.0,1373486472.0
2020-10-16,Africa,1623813.0,10680.0,39296.0,207.0,1182.256,28.61,0.0,0.0,1373486472.0
2020-10-17,Africa,1638080.0,14267.0,39561.0,265.0,1192.644,28.803,0.0,0.0,1373486472.0
2020-10-18,Africa,1646273.0,8193.0,39746.0,185.0,1198.609,28.938,0.0,0.0,1373486472.0
2020-10-19,Africa,1655958.0,9685.0,39930.0,184.0,1205.66,29.072,0.0,0.0,1373486472.0
2020-10-20,Africa,1665745.0,9787.0,40228.0,298.0,1212.786,29.289,0.0,0.0,1373486472.0
2020-10-21,Africa,1676224.0,10479.0,40480.0,252.0,1220.415,29.472,0.0,0.0,1373486472.0
2020-10-22,Africa,1687190.0,10966.0,40696.0,216.0,1228.399,29.63,0.0,0.0,1373486472.0
2020-10-23,Africa,1697608.0,10418.0,40920.0,224.0,1235.985,29.793,0.0,0.0,1373486472.0
2020-10-24,Africa,1709369.0,11761.0,41143.0,223.0,1244.547,29.955,0.0,0.0,1373486472.0
2020-10-25,Africa,1718465.0,9096.0,41259.0,116.0,1251.17,30.04,0.0,0.0,1373486472.0
2020-10-26,Africa,1729156.0,10691.0,41607.0,348.0,1258.954,30.293,0.0,0.0,1373486472.0
2020-10-27,Africa,1737828.0,8672.0,41789.0,182.0,1265.268,30.425,0.0,0.0,1373486472.0
2020-10-28,Africa,1749731.0,11903.0,42135.0,346.0,1273.934,30.677,0.0,0.0,1373486472.0
2020-10-29,Africa,1760797.0,11066.0,42337.0,202.0,1281.991,30.824,0.0,0.0,1373486472.0
2020-10-30,Africa,1774401.0,13604.0,42629.0,292.0,1291.896,31.037,0.0,0.0,1373486472.0
2020-10-31,Africa,1785475.0,11074.0,42853.0,224.0,1299.958,31.2,0.0,0.0,1373486472.0
2020-11-01,Africa,1795768.0,10293.0,43175.0,322.0,1307.452,31.435,0.0,0.0,1373486472.0
2020-11-02,Africa,1803344.0,7576.0,43389.0,214.0,1312.968,31.59,0.0,0.0,1373486472.0
2020-11-03,Africa,1814219.0,10875.0,43705.0,316.0,1320.886,31.82,0.0,0.0,1373486472.0
2020-11-04,Africa,1828228.0,14009.0,43940.0,235.0,1331.086,31.992,0.0,0.0,1373486472.0
2020-11-05,Africa,1843619.0,15391.0,44244.0,304.0,1342.291,32.213,0.0,0.0,1373486472.0
2020-11-06,Africa,1855337.0,11718.0,44467.0,223.0,1350.823,32.375,0.0,0.0,1373486472.0
2020-11-07,Africa,1870356.0,15019.0,44845.0,378.0,1361.758,32.65,0.0,0.0,1373486472.0
2020-11-08,Africa,1882860.0,12504.0,45360.0,516.0,1370.862,33.025,0.0,0.0,1373486472.0
2020-11-09,Africa,1891757.0,8897.0,45609.0,249.0,1377.339,33.207,0.0,0.0,1373486472.0
2020-11-10,Africa,1904921.0,13164.0,45950.0,341.0,1386.924,33.455,0.0,0.0,1373486472.0
2020-11-11,Africa,1918938.0,14017.0,46282.0,332.0,1397.129,33.697,0.0,0.0,1373486472.0
2020-11-12,Africa,1934695.0,15757.0,46551.0,269.0,1408.601,33.893,0.0,0.0,1373486472.0
2020-11-13,Africa,1949358.0,14663.0,46831.0,280.0,1419.277,34.096,0.0,0.0,1373486472.0
2020-11-14,Africa,1963445.0,14087.0,47066.0,235.0,1429.534,34.268,0.0,0.0,1373486472.0
2020-11-15,Africa,1976005.0,12560.0,47362.0,296.0,1438.678,34.483,0.0,0.0,1373486472.0
2020-11-16,Africa,1986322.0,10317.0,47641.0,279.0,1446.19,34.686,0.0,0.0,1373486472.0
2020-11-17,Africa,1999195.0,12873.0,48034.0,393.0,1455.562,34.972,0.0,0.0,1373486472.0
2020-11-18,Africa,2014480.0,15285.0,48426.0,392.0,1466.691,35.258,0.0,0.0,1373486472.0
2020-11-19,Africa,2028406.0,13926.0,48702.0,276.0,1476.83,35.459,0.0,0.0,1373486472.0
2020-11-20,Africa,2044150.0,15744.0,49114.0,412.0,1488.293,35.759,0.0,0.0,1373486472.0
2020-11-21,Africa,2057507.0,13357.0,49428.0,314.0,1498.018,35.987,0.0,0.0,1373486472.0
2020-11-22,Africa,2070302.0,12795.0,49718.0,290.0,1507.333,36.198,0.0,0.0,1373486472.0
2020-11-23,Africa,2080377.0,10075.0,49987.0,269.0,1514.669,36.394,0.0,0.0,1373486472.0
2020-11-24,Africa,2092881.0,12504.0,50331.0,344.0,1523.773,36.645,0.0,0.0,1373486472.0
2020-11-25,Africa,2107527.0,14646.0,50646.0,315.0,1534.436,36.874,0.0,0.0,1373486472.0
2020-11-26,Africa,2121460.0,13933.0,50944.0,298.0,1544.58,37.091,0.0,0.0,1373486472.0
2020-11-27,Africa,2137499.0,16039.0,51264.0,320.0,1556.258,37.324,0.0,0.0,1373486472.0
2020-11-28,Africa,2150900.0,13401.0,51499.0,235.0,1566.015,37.495,0.0,0.0,1373486472.0
2020-11-29,Africa,2163977.0,13077.0,51723.0,224.0,1575.536,37.658,0.0,0.0,1373486472.0
2020-11-30,Africa,2174318.0,10341.0,51992.0,269.0,1583.065,37.854,0.0,0.0,1373486472.0
2020-12-01,Africa,2185155.0,10837.0,52250.0,258.0,1590.955,38.042,0.0,0.0,1373486472.0
2020-12-02,Africa,2201566.0,16411.0,52580.0,330.0,1602.903,38.282,0.0,0.0,1373486472.0
2020-12-03,Africa,2217208.0,15642.0,52847.0,267.0,1614.292,38.477,0.0,0.0,1373486472.0
2020-12-04,Africa,2235176.0,17968.0,53277.0,430.0,1627.374,38.79,0.0,0.0,1373486472.0
2020-12-05,Africa,2249944.0,14768.0,53564.0,287.0,1638.126,38.999,0.0,0.0,1373486472.0
2020-12-06,Africa,2263420.0,13476.0,53870.0,306.0,1647.938,39.221,0.0,0.0,1373486472.0
2020-12-07,Africa,2274054.0,10634.0,54118.0,248.0,1655.68,39.402,0.0,0.0,1373486472.0
2020-12-08,Africa,2287309.0,13255.0,54520.0,402.0,1665.331,39.695,0.0,0.0,1373486472.0
2020-12-09,Africa,2306706.0,19397.0,54870.0,350.0,1679.453,39.949,0.0,0.0,1373486472.0
2020-12-10,Africa,2325841.0,19135.0,55264.0,394.0,1693.385,40.236,0.0,0.0,1373486472.0
2020-12-11,Africa,2344920.0,19079.0,55662.0,398.0,1707.276,40.526,0.0,0.0,1373486472.0
2020-12-12,Africa,2363057.0,18137.0,55988.0,326.0,1720.481,40.763,0.0,0.0,1373486472.0
2020-12-13,Africa,2379283.0,16226.0,56334.0,346.0,1732.294,41.015,0.0,0.0,1373486472.0
2020-12-14,Africa,2390688.0,11405.0,56645.0,311.0,1740.598,41.242,0.0,0.0,1373486472.0
2020-12-15,Africa,2408675.0,17987.0,57072.0,427.0,1753.694,41.553,0.0,0.0,1373486472.0
2020-12-16,Africa,2429803.0,21162.0,57418.0,346.0,1769.077,41.805,0.0,0.0,1373486472.0
2020-12-17,Africa,2450322.0,20519.0,57814.0,396.0,1784.016,42.093,0.0,0.0,1373486472.0
2020-12-18,Africa,2469642.0,19320.0,58310.0,496.0,1798.083,42.454,0.0,0.0,1373486472.0
2020-12-19,Africa,2490910.0,21268.0,58759.0,449.0,1813.567,42.781,0.0,0.0,1373486472.0
2020-12-20,Africa,2509336.0,18426.0,59099.0,340.0,1826.983,43.028,0.0,0.0,1373486472.0
2020-12-21,Africa,2526123.0,16787.0,59528.0,429.0,1839.205,43.341,0.0,0.0,1373486472.0
2020-12-22,Africa,2546110.0,19987.0,60057.0,529.0,1853.757,43.726,0.0,0.0,1373486472.0
2020-12-23,Africa,2571857.0,25747.0,60877.0,820.0,1872.503,44.323,0.0,0.0,1373486472.0
2020-12-24,Africa,2598902.0,27045.0,61431.0,554.0,1892.193,44.726,0.0,0.0,1373486472.0
2020-12-25,Africa,2624687.0,25785.0,61955.0,524.0,1910.967,45.108,0.0,0.0,1373486472.0
2020-12-26,Africa,2646070.0,21383.0,62374.0,419.0,1926.535,45.413,0.0,0.0,1373486472.0
2020-12-27,Africa,2664745.0,18675.0,62806.0,432.0,1940.132,45.727,0.0,0.0,1373486472.0
2020-12-28,Africa,2679944.0,15199.0,63351.0,545.0,1951.198,46.124,0.0,0.0,1373486472.0
2020-12-29,Africa,2700072.0,20128.0,64068.0,717.0,1965.853,46.646,0.0,0.0,1373486472.0
2020-12-30,Africa,2730665.0,30593.0,64769.0,701.0,1988.127,47.157,0.0,0.0,1373486472.0
2020-12-31,Africa,2760454.0,29789.0,65468.0,699.0,2009.815,47.666,0.0,0.0,1373486472.0
2021-01-01,Africa,2788203.0,27749.0,66126.0,658.0,2030.019,48.145,0.0,0.0,1373486472.0
2021-01-02,Africa,2811093.0,22890.0,66641.0,515.0,2046.684,48.52,0.0,0.0,1373486472.0
2021-01-03,Africa,2833088.0,21995.0,67246.0,605.0,2062.698,48.96,0.0,0.0,1373486472.0
2021-01-04,Africa,2854863.0,21775.0,67930.0,684.0,2078.552,49.458,0.0,0.0,1373486472.0
2021-01-05,Africa,2881708.0,26845.0,68751.0,821.0,2098.097,50.056,0.0,0.0,1373486472.0
2021-01-06,Africa,2917497.0,35789.0,69861.0,1110.0,2124.154,50.864,0.0,0.0,1373486472.0
2021-01-07,Africa,2952934.0,35437.0,70550.0,689.0,2149.955,51.366,0.0,0.0,1373486472.0
2021-01-08,Africa,2989374.0,36440.0,71460.0,910.0,2176.486,52.028,0.0,0.0,1373486472.0
2021-01-09,Africa,3024446.0,35072.0,72117.0,657.0,2202.021,52.507,0.0,0.0,1373486472.0
2021-01-10,Africa,3056084.0,31638.0,72711.0,594.0,2225.056,52.939,0.0,0.0,1373486472.0
2021-01-11,Africa,3084082.0,27998.0,73392.0,681.0,2245.44,53.435,0.0,0.0,1373486472.0
2021-01-12,Africa,3110152.0,26070.0,74467.0,1075.0,2264.421,54.217,0.0,0.0,1373486472.0
2021-01-13,Africa,3144213.0,34061.0,75688.0,1221.0,2289.22,55.106,2000.0,0.0,1373486472.0
2021-01-14,Africa,3178460.0,34247.0,76741.0,1053.0,2314.155,55.873,2000.0,0.0,1373486472.0
2021-01-15,Africa,3210018.0,31558.0,77646.0,905.0,2337.131,56.532,4000.0,0.0,1373486472.0
2021-01-16,Africa,3237546.0,27528.0,78308.0,662.0,2357.174,57.014,7000.0,0.0,1373486472.0
2021-01-17,Africa,3264174.0,26628.0,78906.0,598.0,2376.561,57.449,7000.0,0.0,1373486472.0
2021-01-18,Africa,3286590.0,22417.0,79632.0,726.0,2392.881,57.978,7000.0,0.0,1373486472.0
2021-01-19,Africa,3310074.0,23484.0,80834.0,1202.0,2409.979,58.853,10976.0,0.0,1373486472.0
2021-01-20,Africa,3338410.0,28336.0,81756.0,922.0,2430.61,59.524,13163.0,0.0,1373486472.0
2021-01-21,Africa,3366360.0,27950.0,82782.0,1026.0,2450.96,60.271,13163.0,0.0,1373486472.0
2021-01-22,Africa,3392340.0,25980.0,83755.0,973.0,2469.875,60.98,16890.0,0.0,1373486472.0
2021-01-23,Africa,3419704.0,27364.0,84537.0,782.0,2489.798,61.549,18353.0,0.0,1373486472.0
2021-01-24,Africa,3439885.0,20181.0,85184.0,647.0,2504.491,62.02,18353.0,0.0,1373486472.0
2021-01-25,Africa,3456519.0,16634.0,85955.0,771.0,2516.602,62.582,19889.0,0.0,1373486472.0
2021-01-26,Africa,3475126.0,18607.0,86938.0,1017.0,2530.149,63.297,22712.0,0.0,1373486472.0
2021-01-27,Africa,3495987.0,20861.0,87989.0,1051.0,2545.338,64.063,25587.0,0.0,1373486472.0
2021-01-28,Africa,3516765.0,20778.0,88985.0,996.0,2560.466,64.788,28779.0,0.0,1373486472.0
2021-01-29,Africa,3535971.0,19206.0,89831.0,846.0,2574.449,65.404,30861.0,0.0,1373486472.0
2021-01-30,Africa,3553839.0,17868.0,90445.0,614.0,2587.458,65.851,32206.0,0.0,1373486472.0
2021-01-31,Africa,3569601.0,15762.0,90970.0,525.0,2598.934,66.233,32206.0,0.0,1373486472.0
2021-02-01,Africa,3582291.0,12690.0,91479.0,509.0,2608.173,66.603,36631.0,0.0,1373486472.0
2021-02-02,Africa,3597115.0,14824.0,92363.0,884.0,2618.966,67.247,37836.0,0.0,1373486472.0
2021-02-03,Africa,3612577.0,15462.0,93073.0,710.0,2630.224,67.764,38746.0,5.0,1373486472.0
2021-02-04,Africa,3629043.0,16466.0,93640.0,567.0,2642.212,68.177,38746.0,5.0,1373486472.0
2021-02-05,Africa,3644975.0,15932.0,94187.0,547.0,2653.812,68.575,38746.0,5.0,1373486472.0
2021-02-06,Africa,3658315.0,13340.0,94734.0,547.0,2663.525,68.973,39248.0,1586.0,1373486472.0
2021-02-07,Africa,3670256.0,11941.0,95091.0,357.0,2672.219,69.233,39248.0,1586.0,1373486472.0
2021-02-08,Africa,3681607.0,11351.0,95535.0,444.0,2680.483,69.557,39373.0,3980.0,1373486472.0
2021-02-09,Africa,3692899.0,11292.0,96234.0,699.0,2688.704,70.065,39382.0,6700.0,1373486472.0
2021-02-10,Africa,3706026.0,13127.0,96770.0,536.0,2698.262,70.456,39385.0,10335.0,1373486472.0
2021-02-11,Africa,3717944.0,11918.0,97265.0,495.0,2706.939,70.816,39611.0,13867.0,1373486472.0
2021-02-12,Africa,3731845.0,13901.0,97830.0,565.0,2717.06,71.227,39611.0,13867.0,1373486472.0
2021-02-13,Africa,3742776.0,10931.0,98181.0,351.0,2725.018,71.483,43458.0,14181.0,1373486472.0
2021-02-14,Africa,3753191.0,10415.0,98475.0,294.0,2732.601,71.697,43458.0,14181.0,1373486472.0
2021-02-15,Africa,3763031.0,9840.0,98945.0,470.0,2739.766,72.039,43467.0,16441.0,1373486472.0
2021-02-16,Africa,3773025.0,9994.0,99410.0,465.0,2747.042,72.378,43474.0,18176.0,1373486472.0
2021-02-17,Africa,3785191.0,12166.0,99812.0,402.0,2755.9,72.671,47134.0,19512.0,1373486472.0
2021-02-18,Africa,3799239.0,14048.0,100325.0,513.0,2766.128,73.044,50215.0,22925.0,1373486472.0
2021-02-19,Africa,3810283.0,11044.0,100709.0,384.0,2774.169,73.324,2487572.0,32990.0,1373486472.0
2021-02-20,Africa,3819822.0,9539.0,100999.0,290.0,2781.114,73.535,2581895.0,45489.0,1373486472.0
2021-02-21,Africa,3829333.0,9511.0,101336.0,337.0,2788.038,73.78,2588660.0,50463.0,1373486472.0
2021-02-22,Africa,3838352.0,9019.0,101671.0,335.0,2794.605,74.024,2700632.0,68325.0,1373486472.0
2021-02-23,Africa,3846104.0,7752.0,102142.0,471.0,2800.249,74.367,2799750.0,86927.0,1373486472.0
2021-02-24,Africa,3856590.0,10486.0,102468.0,326.0,2807.883,74.604,3091099.0,102499.0,1373486472.0
2021-02-25,Africa,3868956.0,12366.0,102825.0,357.0,2816.887,74.864,3367981.0,119792.0,1373486472.0
2021-02-26,Africa,3880035.0,11079.0,103142.0,317.0,2824.953,75.095,3557825.0,183604.0,1373486472.0
2021-02-27,Africa,3887867.0,7832.0,103481.0,339.0,2830.655,75.342,3681069.0,252758.0,1373486472.0
2021-02-28,Africa,3897281.0,9414.0,103706.0,225.0,2837.51,75.506,3688796.0,255982.0,1373486472.0
2021-03-01,Africa,3906070.0,8789.0,104021.0,315.0,2843.909,75.735,3834895.0,330257.0,1373486472.0
2021-03-02,Africa,3913621.0,7551.0,104384.0,363.0,2849.406,75.999,3934943.0,394124.0,1373486472.0
2021-03-03,Africa,3924485.0,10864.0,104660.0,276.0,2857.316,76.2,4039134.0,468861.0,1373486472.0
2021-03-04,Africa,3937063.0,12578.0,104991.0,331.0,2866.474,76.441,4132764.0,529681.0,1373486472.0
2021-03-05,Africa,3945600.0,8537.0,105216.0,225.0,2872.689,76.605,4283815.0,624742.0,1373486472.0
2021-03-06,Africa,3955555.0,9955.0,105481.0,265.0,2879.937,76.798,4409872.0,705135.0,1373486472.0
2021-03-07,Africa,3964028.0,8473.0,105712.0,231.0,2886.106,76.966,4450882.0,705135.0,1373486472.0
2021-03-08,Africa,3973315.0,9287.0,106091.0,379.0,2892.868,77.242,4724802.0,779759.0,1373486472.0
2021-03-09,Africa,3981120.0,7805.0,106380.0,289.0,2898.551,77.453,4799463.0,850734.0,1373486472.0
2021-03-10,Africa,3991541.0,10421.0,106681.0,301.0,2906.138,77.672,5002177.0,1010055.0,1373486472.0
2021-03-11,Africa,4006762.0,15221.0,107004.0,323.0,2917.22,77.907,5072638.0,1137129.0,1373486472.0
2021-03-12,Africa,4016631.0,9869.0,107232.0,228.0,2924.405,78.073,5129777.0,1397210.0,1373486472.0
2021-03-13,Africa,4026961.0,10330.0,107526.0,294.0,2931.926,78.287,5286646.0,1644318.0,1373486472.0
2021-03-14,Africa,4035519.0,8558.0,107777.0,251.0,2938.157,78.47,5303169.0,1644318.0,1373486472.0
2021-03-15,Africa,4044037.0,8518.0,108086.0,309.0,2944.359,78.695,5400064.0,1942667.0,1373486472.0
2021-03-16,Africa,4053080.0,9043.0,108394.0,308.0,2950.943,78.919,5441219.0,2146524.0,1373486472.0
2021-03-17,Africa,4064067.0,10987.0,108671.0,277.0,2958.942,79.121,5487833.0,2312736.0,1373486472.0
2021-03-18,Africa,4075369.0,11302.0,108932.0,261.0,2967.171,79.311,5675022.0,2321849.0,1373486472.0
2021-03-19,Africa,4087990.0,12621.0,109477.0,545.0,2976.36,79.707,5746851.0,2563824.0,1373486472.0
2021-03-20,Africa,4097237.0,9247.0,109674.0,197.0,2983.092,79.851,5768178.0,2634856.0,1373486472.0
2021-03-21,Africa,4106372.0,9135.0,109903.0,229.0,2989.743,80.018,5789726.0,2634856.0,1373486472.0
2021-03-22,Africa,4116081.0,9709.0,110163.0,260.0,2996.812,80.207,5818325.0,2728498.0,1373486472.0
2021-03-23,Africa,4124678.0,8597.0,110485.0,322.0,3003.071,80.441,5892540.0,2820695.0,1373486472.0
2021-03-24,Africa,4135500.0,10822.0,110805.0,320.0,3010.951,80.674,6573493.0,3089404.0,1373486472.0
2021-03-25,Africa,4148074.0,12574.0,111193.0,388.0,3020.105,80.957,6633967.0,3329642.0,1373486472.0
2021-03-26,Africa,4166506.0,18432.0,111535.0,342.0,3033.525,81.206,6739396.0,3503614.0,1373486472.0
2021-03-27,Africa,4176105.0,9599.0,111728.0,193.0,3040.514,81.346,6963287.0,3606163.0,1373486472.0
2021-03-28,Africa,4185014.0,8909.0,111911.0,183.0,3047.001,81.48,7219473.0,3608826.0,1373486472.0
2021-03-29,Africa,4194759.0,9745.0,112225.0,314.0,3054.096,81.708,7306239.0,3743035.0,1373486472.0
2021-03-30,Africa,4204543.0,9784.0,112502.0,277.0,3061.219,81.91,7387591.0,3870510.0,1373486472.0
2021-03-31,Africa,4217242.0,12699.0,112755.0,253.0,3070.465,82.094,7745077.0,3995049.0,1373486472.0
2021-04-01,Africa,4239521.0,22279.0,113165.0,410.0,3086.686,82.393,7901390.0,4097537.0,1373486472.0
2021-04-02,Africa,4252592.0,13071.0,113411.0,246.0,3096.202,82.572,7978373.0,4174318.0,1373486472.0
2021-04-03,Africa,4261395.0,8803.0,113579.0,168.0,3102.612,82.694,8061917.0,4226013.0,1373486472.0
2021-04-04,Africa,4270946.0,9551.0,113851.0,272.0,3109.565,82.892,8132039.0,4226289.0,1373486472.0
2021-04-05,Africa,4280169.0,9223.0,114081.0,230.0,3116.28,83.059,8227187.0,4285890.0,1373486472.0
2021-04-06,Africa,4289781.0,9612.0,114317.0,236.0,3123.279,83.231,8521870.0,4333474.0,1373486472.0
2021-04-07,Africa,4301440.0,11659.0,114584.0,267.0,3131.767,83.426,8839889.0,4399278.0,1373486472.0
2021-04-08,Africa,4318253.0,16813.0,114935.0,351.0,3144.008,83.681,9528531.0,4443032.0,1373486472.0
2021-04-09,Africa,4330814.0,12561.0,115198.0,263.0,3153.154,83.873,9655739.0,4477593.0,1373486472.0
2021-04-10,Africa,4340528.0,9714.0,115421.0,223.0,3160.226,84.035,9777098.0,4516916.0,1373486472.0
2021-04-11,Africa,4350270.0,9742.0,115710.0,289.0,3167.319,84.245,9912181.0,4531219.0,1373486472.0
2021-04-12,Africa,4360482.0,10212.0,115970.0,260.0,3174.754,84.435,10023098.0,4533119.0,1373486472.0
2021-04-13,Africa,4370255.0,9773.0,116377.0,407.0,3181.87,84.731,10125649.0,4546621.0,1373486472.0
2021-04-14,Africa,4384177.0,13922.0,116745.0,368.0,3192.006,84.999,10461361.0,4558759.0,1373486472.0
2021-04-15,Africa,4396821.0,12644.0,117059.0,314.0,3201.212,85.228,10566041.0,4589663.0,1373486472.0
2021-04-16,Africa,4408875.0,12054.0,117366.0,307.0,3209.988,85.451,10763273.0,4600852.0,1373486472.0
2021-04-17,Africa,4422234.0,13359.0,117646.0,280.0,3219.714,85.655,11054635.0,4607983.0,1373486472.0
2021-04-18,Africa,4431585.0,9351.0,117898.0,252.0,3226.522,85.838,11602017.0,4630823.0,1373486472.0
2021-04-19,Africa,4440334.0,8749.0,118197.0,299.0,3232.892,86.056,11797570.0,4648624.0,1373486472.0
2021-04-20,Africa,4450456.0,10122.0,118608.0,411.0,3240.262,86.355,11948593.0,4663908.0,1373486472.0
2021-04-21,Africa,4462323.0,11867.0,118919.0,311.0,3248.902,86.582,12156917.0,4680066.0,1373486472.0
2021-04-22,Africa,4474793.0,12470.0,119225.0,306.0,3257.981,86.805,12230662.0,4691880.0,1373486472.0
2021-04-23,Africa,4486858.0,12065.0,119603.0,378.0,3266.765,87.08,12396061.0,4712634.0,1373486472.0
2021-04-24,Africa,4497010.0,10152.0,119840.0,237.0,3274.157,87.252,12454391.0,4727792.0,1373486472.0
2021-04-25,Africa,4506469.0,9459.0,120131.0,291.0,3281.044,87.464,12520417.0,4740830.0,1373486472.0
2021-04-26,Africa,4513330.0,6861.0,120427.0,296.0,3286.039,87.68,12604522.0,4755809.0,1373486472.0
2021-04-27,Africa,4523129.0,9799.0,120793.0,366.0,3293.173,87.946,12746364.0,4783203.0,1373486472.0
2021-04-28,Africa,4532627.0,9498.0,121133.0,340.0,3300.089,88.194,13765816.0,4828904.0,1373486472.0
2021-04-29,Africa,4548225.0,15598.0,121529.0,396.0,3311.445,88.482,13863896.0,4856173.0,1373486472.0
2021-04-30,Africa,4557665.0,9440.0,121782.0,253.0,3318.318,88.666,13988174.0,4883115.0,1373486472.0
2021-05-01,Africa,4565640.0,7975.0,122066.0,284.0,3324.124,88.873,14102882.0,4896350.0,1373486472.0
2021-05-02,Africa,4571864.0,6224.0,122297.0,231.0,3328.656,89.041,14151042.0,4904881.0,1373486472.0
2021-05-03,Africa,4578772.0,6908.0,122554.0,257.0,3333.686,89.228,14294356.0,4947142.0,1373486472.0
2021-05-04,Africa,4586043.0,7271.0,122889.0,335.0,3338.979,89.472,14534058.0,5027649.0,1373486472.0
2021-05-05,Africa,4595670.0,9627.0,123233.0,344.0,3345.989,89.723,14750879.0,5082069.0,1373486472.0
2021-05-06,Africa,4608947.0,13277.0,123616.0,383.0,3355.655,90.002,14884555.0,5107964.0,1373486472.0
2021-05-07,Africa,4618317.0,9370.0,123905.0,289.0,3362.477,90.212,15433664.0,5166964.0,1373486472.0
2021-05-08,Africa,4624709.0,6392.0,124137.0,232.0,3367.131,90.381,15587001.0,5265772.0,1373486472.0
2021-05-09,Africa,4634434.0,9725.0,124394.0,257.0,3374.212,90.568,16063512.0,5518732.0,1373486472.0
2021-05-10,Africa,4641423.0,6989.0,124745.0,351.0,3379.3,90.824,16498947.0,5557451.0,1373486472.0
2021-05-11,Africa,4648679.0,7272.0,125059.0,314.0,3384.583,91.052,16908217.0,5599564.0,1373486472.0
2021-05-12,Africa,4657710.0,9031.0,125365.0,306.0,3391.158,91.275,17830589.0,5773814.0,1373486472.0
2021-05-13,Africa,4666348.0,8638.0,125595.0,230.0,3397.447,91.442,17994421.0,5809850.0,1373486472.0
2021-05-14,Africa,4674516.0,8168.0,125846.0,251.0,3403.394,91.625,18156406.0,5863124.0,1373486472.0
2021-05-15,Africa,4681507.0,6991.0,126086.0,240.0,3408.484,91.8,18397250.0,5940500.0,1373486472.0
2021-05-16,Africa,4688660.0,7153.0,126309.0,223.0,3413.692,91.962,18481006.0,5950153.0,1373486472.0
2021-05-17,Africa,4695989.0,7329.0,126567.0,258.0,3419.028,92.15,18880692.0,6017432.0,1373486472.0
2021-05-18,Africa,4706665.0,10676.0,126889.0,322.0,3426.801,92.385,19509041.0,6165017.0,1373486472.0
2021-05-19,Africa,4716849.0,10184.0,127244.0,355.0,3434.216,92.643,19970431.0,6295276.0,1373486472.0
2021-05-20,Africa,4728357.0,11508.0,127614.0,370.0,3442.595,92.912,20334856.0,6370135.0,1373486472.0
2021-05-21,Africa,4738523.0,10166.0,127986.0,372.0,3449.996,93.183,20849019.0,6634192.0,1373486472.0
2021-05-22,Africa,4748511.0,9988.0,128195.0,209.0,3457.268,93.335,21569557.0,6738732.0,1373486472.0
2021-05-23,Africa,4756650.0,8139.0,128396.0,201.0,3463.194,93.482,21770774.0,6762593.0,1373486472.0
2021-05-24,Africa,4765148.0,8498.0,128676.0,280.0,3469.381,93.686,22217011.0,6836558.0,1373486472.0
2021-05-25,Africa,4770971.0,5823.0,128955.0,279.0,3473.621,93.889,22769168.0,6983446.0,1373486472.0
2021-05-26,Africa,4785177.0,14206.0,129259.0,304.0,3483.964,94.11,23002547.0,7112926.0,1373486472.0
2021-05-27,Africa,4796870.0,11693.0,129549.0,290.0,3492.477,94.321,23189766.0,7136486.0,1373486472.0
2021-05-28,Africa,4809318.0,12448.0,129849.0,300.0,3501.54,94.54,23332951.0,7174630.0,1373486472.0
2021-05-29,Africa,4821185.0,11867.0,130102.0,253.0,3510.18,94.724,23858761.0,7229614.0,1373486472.0
2021-05-30,Africa,4827149.0,5964.0,130303.0,201.0,3514.522,94.87,24062769.0,7296977.0,1373486472.0
2021-05-31,Africa,4840335.0,13186.0,130634.0,331.0,3524.123,95.111,24926439.0,8432047.0,1373486472.0
2021-06-01,Africa,4850455.0,10120.0,130954.0,320.0,3531.491,95.344,25482397.0,8669747.0,1373486472.0
2021-06-02,Africa,4864277.0,13822.0,131265.0,311.0,3541.554,95.571,25770563.0,8853952.0,1373486472.0
2021-06-03,Africa,4879108.0,14831.0,131516.0,255.0,3552.352,95.753,26112569.0,8974842.0,1373486472.0
2021-06-04,Africa,4894045.0,14937.0,131794.0,278.0,3563.228,95.956,26232053.0,9103131.0,1373486472.0
2021-06-05,Africa,4906753.0,12708.0,132052.0,258.0,3572.48,96.144,26347761.0,9179236.0,1373486472.0
2021-06-06,Africa,4919482.0,12729.0,132300.0,248.0,3581.748,96.324,26396544.0,9372059.0,1373486472.0
2021-06-07,Africa,4930888.0,11406.0,132578.0,278.0,3590.052,96.527,26676319.0,9675364.0,1373486472.0
2021-06-08,Africa,4943882.0,12994.0,132992.0,414.0,3599.513,96.828,27215521.0,10230768.0,1373486472.0
2021-06-09,Africa,4962399.0,18517.0,133356.0,364.0,3612.994,97.093,27820572.0,10657132.0,1373486472.0
2021-06-10,Africa,4984142.0,21743.0,133674.0,318.0,3628.825,97.325,28077162.0,11002402.0,1373486472.0
2021-06-11,Africa,5004040.0,19898.0,134054.0,380.0,3643.312,97.601,28231006.0,11221604.0,1373486472.0
2021-06-12,Africa,5024899.0,20859.0,134387.0,333.0,3658.499,97.844,28413979.0,11341272.0,1373486472.0
2021-06-13,Africa,5041812.0,16913.0,134659.0,272.0,3670.813,98.042,28458376.0,11367224.0,1373486472.0
2021-06-14,Africa,5057434.0,15622.0,134995.0,336.0,3682.187,98.286,28860050.0,11826935.0,1373486472.0
2021-06-15,Africa,5077285.0,19851.0,135470.0,475.0,3696.64,98.632,29125535.0,12539755.0,1373486472.0
2021-06-16,Africa,5103584.0,26299.0,135887.0,417.0,3715.788,98.936,29244880.0,12739901.0,1373486472.0
2021-06-17,Africa,5130862.0,27278.0,136270.0,383.0,3735.648,99.215,29389014.0,12979248.0,1373486472.0
2021-06-18,Africa,5154967.0,24105.0,136661.0,391.0,3753.198,99.499,29506176.0,13203558.0,1373486472.0
2021-06-19,Africa,5178707.0,23740.0,137078.0,417.0,3770.483,99.803,29541101.0,13290305.0,1373486472.0
2021-06-20,Africa,5201715.0,23008.0,137458.0,380.0,3787.234,100.08,30098810.0,13396618.0,1373486472.0
2021-06-21,Africa,5225514.0,23799.0,137947.0,489.0,3804.562,100.436,30444446.0,13773349.0,1373486472.0
2021-06-22,Africa,5248270.0,22756.0,138582.0,635.0,3821.13,100.898,30509159.0,13823958.0,1373486472.0
2021-06-23,Africa,5281149.0,32879.0,139088.0,506.0,3845.068,101.266,30909025.0,14022864.0,1373486472.0
2021-06-24,Africa,5315211.0,34062.0,139635.0,547.0,3869.868,101.665,31702143.0,14566440.0,1373486472.0
2021-06-25,Africa,5350294.0,35083.0,140163.0,528.0,3895.411,102.049,31895057.0,14738907.0,1373486472.0
2021-06-26,Africa,5384903.0,34609.0,140655.0,492.0,3920.609,102.407,31954274.0,14863481.0,1373486472.0
2021-06-27,Africa,5412413.0,27510.0,141103.0,448.0,3940.638,102.733,32145559.0,14955922.0,1373486472.0
2021-06-28,Africa,5437341.0,24928.0,141633.0,530.0,3958.787,103.119,32594093.0,15364225.0,1373486472.0
2021-06-29,Africa,5465715.0,28374.0,142154.0,521.0,3979.446,103.499,32770029.0,15450256.0,1373486472.0
2021-06-30,Africa,5504517.0,38802.0,142935.0,781.0,4007.697,104.067,33058603.0,15683683.0,1373486472.0
2021-07-01,Africa,5547435.0,42918.0,143728.0,793.0,4038.944,104.645,33270436.0,15762643.0,1373486472.0
2021-07-02,Africa,5590594.0,43159.0,144411.0,683.0,4070.367,105.142,33359665.0,15829509.0,1373486472.0
2021-07-03,Africa,5634070.0,43476.0,144899.0,488.0,4102.021,105.497,33567397.0,15864814.0,1373486472.0
2021-07-04,Africa,5665813.0,31743.0,145525.0,626.0,4125.132,105.953,33734678.0,16043230.0,1373486472.0
2021-07-05,Africa,5694101.0,28288.0,147038.0,1513.0,4145.728,107.055,34324823.0,16473540.0,1373486472.0
2021-07-06,Africa,5730971.0,36870.0,147872.0,834.0,4172.572,107.662,34636399.0,16587472.0,1373486472.0
2021-07-07,Africa,5775395.0,44424.0,148686.0,814.0,4204.916,108.254,34816728.0,16687675.0,1373486472.0
2021-07-08,Africa,5822709.0,47314.0,149596.0,910.0,4239.364,108.917,34989881.0,17525832.0,1373486472.0
2021-07-09,Africa,5869318.0,46609.0,150470.0,874.0,4273.299,109.553,35193060.0,17639747.0,1373486472.0
2021-07-10,Africa,5914784.0,45466.0,151160.0,690.0,4306.401,110.056,35272659.0,17666560.0,1373486472.0
2021-07-11,Africa,5950237.0,35453.0,151769.0,609.0,4332.214,110.499,35345253.0,17692239.0,1373486472.0
2021-07-12,Africa,5984742.0,34505.0,152397.0,628.0,4357.336,110.956,36055504.0,18558618.0,1373486472.0
2021-07-13,Africa,6023217.0,38475.0,153482.0,1085.0,4385.349,111.746,36429856.0,18779230.0,1373486472.0
2021-07-14,Africa,6067426.0,44209.0,154541.0,1059.0,4417.536,112.517,36599976.0,18910595.0,1373486472.0
2021-07-15,Africa,6116036.0,48610.0,155442.0,901.0,4452.928,113.173,37443435.0,19327655.0,1373486472.0
2021-07-16,Africa,6157434.0,41398.0,156446.0,1004.0,4483.069,113.904,37519051.0,19366026.0,1373486472.0
2021-07-17,Africa,6196482.0,39048.0,157219.0,773.0,4511.498,114.467,37647144.0,19420392.0,1373486472.0
2021-07-18,Africa,6232495.0,36013.0,157893.0,674.0,4537.719,114.958,37822779.0,19509647.0,1373486472.0
2021-07-19,Africa,6262730.0,30235.0,158616.0,723.0,4559.732,115.484,38559285.0,20108219.0,1373486472.0
2021-07-20,Africa,6296298.0,33568.0,159664.0,1048.0,4584.172,116.247,38814424.0,20231707.0,1373486472.0
2021-07-21,Africa,6329697.0,33399.0,160590.0,926.0,4608.489,116.921,38880894.0,20246776.0,1373486472.0
2021-07-22,Africa,6368329.0,38632.0,161583.0,993.0,4636.616,117.644,39637542.0,20693299.0,1373486472.0
2021-07-23,Africa,6399995.0,31666.0,162382.0,799.0,4659.671,118.226,39917571.0,20841487.0,1373486472.0
2021-07-24,Africa,6435571.0,35576.0,163456.0,1074.0,4685.573,119.008,40074282.0,20934143.0,1373486472.0
2021-07-25,Africa,6468603.0,33032.0,164341.0,885.0,4709.623,119.652,40442622.0,21281011.0,1373486472.0
2021-07-26,Africa,6502405.0,33802.0,165239.0,898.0,4734.233,120.306,40865863.0,21482032.0,1373486472.0
2021-07-27,Africa,6533847.0,31442.0,166100.0,861.0,4757.125,120.933,41740008.0,21875666.0,1373486472.0
2021-07-28,Africa,6582471.0,48624.0,167111.0,1011.0,4792.527,121.669,42306987.0,22035180.0,1373486472.0
2021-07-29,Africa,6630107.0,47636.0,168401.0,1290.0,4827.21,122.608,43143301.0,22487338.0,1373486472.0
2021-07-30,Africa,6673130.0,43023.0,169201.0,800.0,4858.533,123.191,43436826.0,22627623.0,1373486472.0
2021-07-31,Africa,6709345.0,36215.0,170068.0,867.0,4884.901,123.822,43565968.0,22665631.0,1373486472.0
2021-08-01,Africa,6743555.0,34210.0,170988.0,920.0,4909.808,124.492,43725542.0,22833346.0,1373486472.0
2021-08-02,Africa,6777721.0,34166.0,171859.0,871.0,4934.683,125.126,44396494.0,23160177.0,1373486472.0
2021-08-03,Africa,6810425.0,32704.0,172864.0,1005.0,4958.494,125.858,45907067.0,23939509.0,1373486472.0
2021-08-04,Africa,6855606.0,45181.0,174000.0,1136.0,4991.39,126.685,46198560.0,23959510.0,1373486472.0
2021-08-05,Africa,6903415.0,47809.0,174904.0,904.0,5026.198,127.343,46785160.0,24409646.0,1373486472.0
2021-08-06,Africa,6945410.0,41995.0,175925.0,1021.0,5056.774,128.086,47010859.0,24578464.0,1373486472.0
2021-08-07,Africa,6981729.0,36319.0,176706.0,781.0,5083.216,128.655,47272050.0,25102295.0,1373486472.0
2021-08-08,Africa,7015790.0,34061.0,177421.0,715.0,5108.015,129.176,47853640.0,25485480.0,1373486472.0
2021-08-09,Africa,7048967.0,33177.0,178233.0,812.0,5132.171,129.767,49221904.0,25966877.0,1373486472.0
2021-08-10,Africa,7083470.0,34503.0,178861.0,628.0,5157.291,130.224,49587594.0,26304491.0,1373486472.0
2021-08-11,Africa,7118075.0,34605.0,179979.0,1118.0,5182.486,131.038,49971920.0,26481864.0,1373486472.0
2021-08-12,Africa,7164415.0,46340.0,181123.0,1144.0,5216.225,131.871,51008984.0,27109426.0,1373486472.0
2021-08-13,Africa,7204894.0,40479.0,182225.0,1102.0,5245.697,132.673,51827012.0,27295001.0,1373486472.0
2021-08-14,Africa,7238775.0,33881.0,182935.0,710.0,5270.365,133.19,52019730.0,27403177.0,1373486472.0
2021-08-15,Africa,7268041.0,29266.0,183653.0,718.0,5291.673,133.713,52243025.0,27577376.0,1373486472.0
2021-08-16,Africa,7297073.0,29032.0,184430.0,777.0,5312.81,134.279,53970906.0,28638137.0,1373486472.0
2021-08-17,Africa,7329350.0,32277.0,185490.0,1060.0,5336.31,135.05,54328536.0,29089148.0,1373486472.0
2021-08-18,Africa,7373304.0,43954.0,186511.0,1021.0,5368.312,135.794,55077531.0,29892570.0,1373486472.0
2021-08-19,Africa,7412641.0,39337.0,187267.0,756.0,5396.952,136.344,55928499.0,30812305.0,1373486472.0
2021-08-20,Africa,7449788.0,37147.0,187968.0,701.0,5423.998,136.855,60148898.0,32201580.0,1373486472.0
2021-08-21,Africa,7481020.0,31232.0,188598.0,630.0,5446.737,137.313,60301362.0,32315419.0,1373486472.0
2021-08-22,Africa,7508813.0,27793.0,189246.0,648.0,5466.973,137.785,60539852.0,32543838.0,1373486472.0
2021-08-23,Africa,7557090.0,48277.0,189958.0,712.0,5502.122,138.304,61236899.0,33167006.0,1373486472.0
2021-08-24,Africa,7586892.0,29802.0,190778.0,820.0,5523.82,138.901,61801871.0,33738797.0,1373486472.0
2021-08-25,Africa,7622975.0,36083.0,191776.0,998.0,5550.091,139.627,63944392.0,34825490.0,1373486472.0
2021-08-26,Africa,7661551.0,38576.0,192628.0,852.0,5578.177,140.247,64150537.0,34851662.0,1373486472.0
2021-08-27,Africa,7695565.0,34014.0,193392.0,764.0,5602.942,140.804,65929460.0,36356569.0,1373486472.0
2021-08-28,Africa,7724841.0,29276.0,194154.0,762.0,5624.257,141.359,66379848.0,36554342.0,1373486472.0
2021-08-29,Africa,7746238.0,21397.0,194830.0,676.0,5639.836,141.851,67261709.0,37393287.0,1373486472.0
2021-08-30,Africa,7767690.0,21452.0,195499.0,669.0,5655.454,142.338,67658096.0,37670022.0,1373486472.0
2021-08-31,Africa,7790398.0,22708.0,196278.0,779.0,5671.987,142.905,68497000.0,38291814.0,1373486472.0
2021-09-01,Africa,7821191.0,30793.0,196917.0,639.0,5694.407,143.37,69976160.0,39236224.0,1373486472.0
2021-09-02,Africa,7849642.0,28451.0,197763.0,846.0,5715.121,143.986,70191354.0,39428739.0,1373486472.0
2021-09-03,Africa,7875757.0,26115.0,198379.0,616.0,5734.135,144.435,70534148.0,39688353.0,1373486472.0
2021-09-04,Africa,7897042.0,21285.0,198893.0,514.0,5749.632,144.809,72296590.0,42360353.0,1373486472.0
2021-09-05,Africa,7915236.0,18194.0,199268.0,375.0,5762.879,145.082,73927419.0,43128762.0,1373486472.0
2021-09-06,Africa,7932059.0,16836.0,199806.0,538.0,5775.127,145.474,74716110.0,43879895.0,1373486472.0
2021-09-07,Africa,7951070.0,19011.0,200420.0,614.0,5788.969,145.921,75058567.0,44196477.0,1373486472.0
2021-09-08,Africa,7974692.0,23622.0,200928.0,508.0,5806.167,146.29,75251005.0,44579901.0,1373486472.0
2021-09-09,Africa,7996444.0,21752.0,201492.0,564.0,5822.004,146.701,76002557.0,45310152.0,1373486472.0
2021-09-10,Africa,8016318.0,19874.0,202109.0,617.0,5836.474,147.15,76710475.0,46105347.0,1373486472.0
2021-09-11,Africa,8031803.0,15485.0,202496.0,387.0,5847.748,147.432,77272943.0,46680454.0,1373486472.0
2021-09-12,Africa,8044904.0,13101.0,202879.0,383.0,5857.287,147.711,78698810.0,46928118.0,1373486472.0
2021-09-13,Africa,8057278.0,12374.0,203316.0,437.0,5866.296,148.029,79032460.0,47171532.0,1373486472.0
2021-09-14,Africa,8082457.0,25179.0,203924.0,608.0,5884.628,148.472,80022007.0,49045113.0,1373486472.0
2021-09-15,Africa,8099772.0,17315.0,204361.0,437.0,5897.235,148.79,81305026.0,49950502.0,1373486472.0
2021-09-16,Africa,8121151.0,21379.0,204942.0,581.0,5912.8,149.213,82050942.0,50781375.0,1373486472.0
2021-09-17,Africa,8137179.0,16028.0,205386.0,444.0,5924.47,149.536,82205865.0,50948760.0,1373486472.0
2021-09-18,Africa,8148673.0,11494.0,205772.0,386.0,5932.838,149.817,82316505.0,51352675.0,1373486472.0
2021-09-19,Africa,8158091.0,9418.0,206021.0,249.0,5939.695,149.999,83966107.0,52391718.0,1373486472.0
2021-09-20,Africa,8169020.0,10929.0,206338.0,317.0,5947.652,150.229,84379764.0,53225062.0,1373486472.0
2021-09-21,Africa,8180500.0,11480.0,206744.0,406.0,5956.011,150.525,84821352.0,53515386.0,1373486472.0
2021-09-22,Africa,8196521.0,16021.0,207223.0,479.0,5967.675,150.874,86754885.0,54510862.0,1373486472.0
2021-09-23,Africa,8235599.0,39078.0,207688.0,465.0,5996.127,151.212,88597131.0,54843944.0,1373486472.0
2021-09-24,Africa,8247662.0,12063.0,208240.0,552.0,6004.91,151.614,88887086.0,54945951.0,1373486472.0
2021-09-25,Africa,8257464.0,9925.0,208528.0,288.0,6012.046,151.824,89739536.0,56550762.0,1373486472.0
2021-09-26,Africa,8263485.0,6021.0,208761.0,233.0,6016.43,151.993,90266517.0,56894120.0,1373486472.0
2021-09-27,Africa,8272374.0,8889.0,209210.0,449.0,6022.902,152.32,91591963.0,58961357.0,1373486472.0
2021-09-28,Africa,8281149.0,8775.0,209598.0,388.0,6029.291,152.603,92115017.0,59517715.0,1373486472.0
2021-09-29,Africa,8297171.0,16022.0,209931.0,333.0,6040.956,152.845,92341909.0,59678069.0,1373486472.0
2021-09-30,Africa,8310766.0,13595.0,210407.0,476.0,6050.854,153.192,93629275.0,60335298.0,1373486472.0
2021-10-01,Africa,8328110.0,17344.0,211599.0,1192.0,6063.482,154.06,93894642.0,60460828.0,1373486472.0
2021-10-02,Africa,8334471.0,6361.0,211809.0,210.0,6068.113,154.213,94436873.0,61008218.0,1373486472.0
2021-10-03,Africa,8339926.0,5455.0,212046.0,237.0,6072.085,154.385,94753272.0,61304840.0,1373486472.0
2021-10-04,Africa,8344865.0,4939.0,212249.0,203.0,6075.681,154.533,94810120.0,61346050.0,1373486472.0
2021-10-05,Africa,8353865.0,9000.0,212575.0,326.0,6082.233,154.77,95137567.0,61711132.0,1373486472.0
2021-10-06,Africa,8366240.0,12375.0,212886.0,311.0,6091.243,154.997,96178402.0,62247158.0,1373486472.0
2021-10-07,Africa,8374303.0,8063.0,213212.0,326.0,6097.114,155.234,97672857.0,62715707.0,1373486472.0
2021-10-08,Africa,8380411.0,6108.0,213531.0,319.0,6101.561,155.466,101108623.0,63923753.0,1373486472.0
2021-10-09,Africa,8385203.0,4792.0,213708.0,177.0,6105.05,155.595,101532691.0,64935242.0,1373486472.0
2021-10-10,Africa,8389905.0,4702.0,213936.0,228.0,6108.473,155.761,101709212.0,65113013.0,1373486472.0
2021-10-11,Africa,8395221.0,5316.0,214140.0,204.0,6112.343,155.91,101976640.0,65479230.0,1373486472.0
2021-10-12,Africa,8400837.0,5616.0,214402.0,262.0,6116.432,156.101,102228597.0,65725228.0,1373486472.0
2021-10-13,Africa,8410525.0,9688.0,214667.0,265.0,6123.486,156.293,103284568.0,66596619.0,1373486472.0
2021-10-14,Africa,8416891.0,6366.0,214854.0,187.0,6128.121,156.43,104801489.0,67027675.0,1373486472.0
2021-10-15,Africa,8422910.0,6019.0,215086.0,232.0,6132.503,156.599,105455304.0,67806758.0,1373486472.0
2021-10-16,Africa,8427576.0,4666.0,215315.0,229.0,6135.9,156.765,105498376.0,67857299.0,1373486472.0
2021-10-17,Africa,8431559.0,3983.0,215509.0,194.0,6138.8,156.907,107800482.0,69621838.0,1373486472.0
2021-10-18,Africa,8438361.0,6802.0,215669.0,160.0,6143.753,157.023,108775932.0,70233563.0,1373486472.0
2021-10-19,Africa,8444415.0,6054.0,215909.0,240.0,6148.16,157.198,109286800.0,70875816.0,1373486472.0
2021-10-20,Africa,8449001.0,4586.0,216154.0,245.0,6151.499,157.376,110412099.0,71038041.0,1373486472.0
2021-10-21,Africa,8454701.0,5700.0,216403.0,249.0,6155.649,157.557,112257195.0,71797395.0,1373486472.0
2021-10-22,Africa,8459349.0,4648.0,216589.0,186.0,6159.033,157.693,112467515.0,71965545.0,1373486472.0
2021-10-23,Africa,8463364.0,4015.0,216784.0,195.0,6161.957,157.835,114483431.0,73310127.0,1373486472.0
2021-10-24,Africa,8466661.0,3297.0,216936.0,152.0,6164.357,157.945,115318166.0,74599032.0,1373486472.0
2021-10-25,Africa,8473362.0,6701.0,217122.0,186.0,6169.236,158.081,115544720.0,74861496.0,1373486472.0
2021-10-26,Africa,8478405.0,5043.0,217339.0,217.0,6172.908,158.239,116472240.0,75578165.0,1373486472.0
2021-10-27,Africa,8486014.0,7609.0,217621.0,282.0,6178.447,158.444,116658994.0,75766086.0,1373486472.0
2021-10-28,Africa,8491909.0,5895.0,217820.0,199.0,6182.739,158.589,118429867.0,76360930.0,1373486472.0
2021-10-29,Africa,8496820.0,4911.0,217987.0,167.0,6186.315,158.711,120094541.0,79415052.0,1373486472.0
2021-10-30,Africa,8500461.0,3641.0,218109.0,122.0,6188.966,158.8,120630098.0,80078265.0,1373486472.0
2021-10-31,Africa,8504545.0,4084.0,218244.0,135.0,6191.939,158.898,122001362.0,80759982.0,1373486472.0
2021-11-01,Africa,8509222.0,4677.0,218395.0,151.0,6195.345,159.008,122691032.0,81432762.0,1373486472.0
2021-11-02,Africa,8514072.0,4850.0,218579.0,184.0,6198.876,159.142,123401709.0,82036961.0,1373486472.0
2021-11-03,Africa,8519667.0,5595.0,218770.0,191.0,6202.949,159.281,123704323.0,82251189.0,1373486472.0
2021-11-04,Africa,8524668.0,5001.0,218965.0,195.0,6206.59,159.423,125649818.0,83140534.0,1373486472.0
2021-11-05,Africa,8535478.0,10810.0,219201.0,236.0,6214.461,159.595,125793512.0,83267105.0,1373486472.0
2021-11-06,Africa,8539886.0,4408.0,219364.0,163.0,6217.67,159.713,126953294.0,84214931.0,1373486472.0
2021-11-07,Africa,8543840.0,3954.0,219506.0,142.0,6220.549,159.817,127479738.0,84450098.0,1373486472.0
2021-11-08,Africa,8549210.0,5370.0,219651.0,145.0,6224.459,159.922,127764408.0,84737553.0,1373486472.0
2021-11-09,Africa,8554952.0,5742.0,219821.0,170.0,6228.639,160.046,127986876.0,85001246.0,1373486472.0
2021-11-10,Africa,8563938.0,8986.0,220044.0,223.0,6235.182,160.208,131593036.0,87156623.0,1373486472.0
2021-11-11,Africa,8569820.0,5882.0,220233.0,189.0,6239.464,160.346,133039867.0,87694758.0,1373486472.0
2021-11-12,Africa,8574716.0,4896.0,220403.0,171.0,6243.029,160.47,133275680.0,87951583.0,1373486472.0
2021-11-13,Africa,8578831.0,4115.0,220534.0,131.0,6246.025,160.565,134254729.0,88888615.0,1373486472.0
2021-11-14,Africa,8581810.0,2979.0,220616.0,82.0,6248.194,160.625,134730525.0,89484284.0,1373486472.0
2021-11-15,Africa,8587426.0,5616.0,220824.0,208.0,6252.283,160.776,135238070.0,90176574.0,1373486472.0
2021-11-16,Africa,8592797.0,5371.0,221016.0,192.0,6256.193,160.916,135397014.0,90296494.0,1373486472.0
2021-11-17,Africa,8597714.0,4917.0,221173.0,157.0,6259.773,161.03,135824686.0,90850589.0,1373486472.0
2021-11-18,Africa,8602751.0,5037.0,221347.0,174.0,6263.441,161.157,137847964.0,92212651.0,1373486472.0
2021-11-19,Africa,8607576.0,4825.0,221477.0,130.0,6266.954,161.252,138010888.0,92314452.0,1373486472.0
2021-11-20,Africa,8611580.0,4004.0,221603.0,126.0,6269.869,161.343,140193207.0,92669053.0,1373486472.0
2021-11-21,Africa,8615829.0,4249.0,221732.0,129.0,6272.962,161.437,141200922.0,93623797.0,1373486472.0
2021-11-22,Africa,8620072.0,4243.0,221869.0,137.0,6276.052,161.537,142014066.0,94505635.0,1373486472.0
2021-11-23,Africa,8643714.0,5056.0,222058.0,196.0,6293.265,161.675,142895278.0,94827029.0,1373486472.0
2021-11-24,Africa,8649552.0,5838.0,222225.0,167.0,6297.515,161.796,144818452.0,95860426.0,1373486472.0
2021-11-25,Africa,8655429.0,5877.0,222487.0,262.0,6301.794,161.987,145689988.0,96032053.0,1373486472.0
2021-11-26,Africa,8661159.0,5730.0,222608.0,121.0,6305.966,162.075,146661850.0,96395384.0,1373486472.0
2021-11-27,Africa,8666718.0,5559.0,222729.0,121.0,6310.013,162.163,147186035.0,96447935.0,1373486472.0
2021-11-28,Africa,8672291.0,5573.0,222801.0,72.0,6314.071,162.216,149485044.0,97853379.0,1373486472.0
2021-11-29,Africa,8678979.0,6688.0,223025.0,224.0,6318.94,162.379,150710718.0,98731465.0,1373486472.0
2021-11-30,Africa,8687160.0,8181.0,223168.0,143.0,6324.897,162.483,151822183.0,99299597.0,1373486472.0
2021-12-01,Africa,8700445.0,13285.0,223365.0,197.0,6334.569,162.626,152229889.0,99424535.0,1373486472.0
2021-12-02,Africa,8716384.0,15939.0,223517.0,152.0,6346.174,162.737,153353462.0,100483110.0,1373486472.0
2021-12-03,Africa,8738020.0,21636.0,223666.0,149.0,6361.927,162.845,154505406.0,101061476.0,1373486472.0
2021-12-04,Africa,8758450.0,20430.0,223764.0,98.0,6376.801,162.917,156281312.0,102318965.0,1373486472.0
2021-12-05,Africa,8772984.0,14534.0,223846.0,82.0,6387.383,162.976,157016959.0,102618682.0,1373486472.0
2021-12-06,Africa,8790144.0,17160.0,224047.0,201.0,6399.877,163.123,159797624.0,103540080.0,1373486472.0
2021-12-07,Africa,8810294.0,20150.0,224175.0,128.0,6414.547,163.216,160134644.0,103737331.0,1373486472.0
2021-12-08,Africa,8844026.0,33732.0,224335.0,160.0,6439.107,163.333,162245882.0,104802416.0,1373486472.0
2021-12-09,Africa,8876483.0,32457.0,224472.0,137.0,6462.738,163.432,166374173.0,105911011.0,1373486472.0
2021-12-10,Africa,8903566.0,27097.0,224591.0,119.0,6482.456,163.519,166733214.0,106324586.0,1373486472.0
2021-12-11,Africa,8936550.0,32984.0,224745.0,154.0,6506.471,163.631,168507253.0,107171866.0,1373486472.0
2021-12-12,Africa,8981929.0,45379.0,224855.0,110.0,6539.51,163.711,169656513.0,107691376.0,1373486472.0
2021-12-13,Africa,8999010.0,17081.0,224964.0,109.0,6551.947,163.79,170161872.0,108159569.0,1373486472.0
2021-12-14,Africa,9037990.0,38980.0,225163.0,199.0,6580.327,163.935,171633395.0,109212765.0,1373486472.0
2021-12-15,Africa,9084992.0,47002.0,225322.0,159.0,6614.548,164.051,172627799.0,110720409.0,1373486472.0
2021-12-16,Africa,9129305.0,44313.0,225467.0,145.0,6646.811,164.157,173057276.0,111038929.0,1373486472.0
2021-12-17,Africa,9170875.0,41570.0,225603.0,136.0,6677.077,164.256,173193899.0,111200145.0,1373486472.0
2021-12-18,Africa,9199068.0,28193.0,225742.0,139.0,6697.604,164.357,174295104.0,112171654.0,1373486472.0
2021-12-19,Africa,9228154.0,29086.0,225835.0,93.0,6718.78,164.425,174592514.0,112400900.0,1373486472.0
2021-12-20,Africa,9262623.0,34469.0,226130.0,295.0,6743.876,164.639,178524442.0,113905384.0,1373486472.0
2021-12-21,Africa,9298137.0,35545.0,226302.0,172.0,6769.733,164.765,178928835.0,114225131.0,1373486472.0
2021-12-22,Africa,9349033.0,50937.0,226532.0,230.0,6806.789,164.932,179954832.0,114971033.0,1373486472.0
2021-12-23,Africa,9404988.0,55955.0,226724.0,192.0,6847.529,165.072,183656211.0,116189774.0,1373486472.0
2021-12-24,Africa,9454267.0,49308.0,226914.0,190.0,6883.407,165.21,184863102.0,117486004.0,1373486472.0
2021-12-25,Africa,9495352.0,41085.0,227083.0,169.0,6913.32,165.333,184899383.0,117563603.0,1373486472.0
2021-12-26,Africa,9518959.0,23634.0,227230.0,147.0,6930.508,165.44,185759528.0,118263270.0,1373486472.0
2021-12-27,Africa,9551528.0,32569.0,227479.0,249.0,6954.221,165.622,186495364.0,118603416.0,1373486472.0
2021-12-28,Africa,9594158.0,42630.0,227675.0,196.0,6985.258,165.764,190137798.0,122771644.0,1373486472.0
2021-12-29,Africa,9643095.0,48937.0,227911.0,236.0,7020.888,165.936,190280624.0,123010068.0,1373486472.0
2021-12-30,Africa,9703618.0,60523.0,228212.0,301.0,7064.953,166.155,190910620.0,123547942.0,1373486472.0
2021-12-31,Africa,9756168.0,52550.0,228453.0,241.0,7103.214,166.331,193654677.0,125198111.0,1373486472.0
2022-01-01,Africa,9796727.0,40559.0,228636.0,183.0,7132.744,166.464,194004967.0,125618609.0,1373486472.0
2022-01-02,Africa,9819764.0,23037.0,228786.0,150.0,7149.516,166.573,194368853.0,125911215.0,1373486472.0
2022-01-03,Africa,9847278.0,27514.0,229039.0,253.0,7169.549,166.757,194583781.0,126174258.0,1373486472.0
2022-01-04,Africa,9905369.0,58091.0,229437.0,398.0,7211.843,167.047,197150976.0,128676984.0,1373486472.0
2022-01-05,Africa,9960605.0,55236.0,229724.0,287.0,7252.059,167.256,197459140.0,129110480.0,1373486472.0
2022-01-06,Africa,10018246.0,57641.0,230504.0,229.0,7294.026,167.824,198366584.0,129858558.0,1373486472.0
2022-01-07,Africa,10066706.0,48460.0,230847.0,343.0,7329.308,168.074,198779377.0,130303518.0,1373486472.0
2022-01-08,Africa,10109085.0,42379.0,231161.0,314.0,7360.164,168.302,199735159.0,131280982.0,1373486472.0
2022-01-09,Africa,10137782.0,28697.0,231420.0,259.0,7381.057,168.491,201011344.0,131743632.0,1373486472.0
2022-01-10,Africa,10169415.0,31633.0,231722.0,303.0,7404.088,168.711,204722232.0,133748224.0,1373486472.0
2022-01-11,Africa,10207882.0,38467.0,232049.0,327.0,7432.095,168.949,204777881.0,133881169.0,1373486472.0
2022-01-12,Africa,10247765.0,39883.0,232487.0,438.0,7461.133,169.268,205143090.0,134113074.0,1373486472.0
2022-01-13,Africa,10294367.0,46602.0,232831.0,344.0,7495.063,169.518,205574718.0,134830022.0,1373486472.0
2022-01-14,Africa,10334659.0,40292.0,233147.0,316.0,7524.398,169.748,206251108.0,135187332.0,1373486472.0
2022-01-15,Africa,10371635.0,36976.0,233529.0,382.0,7551.319,170.026,207410295.0,136652259.0,1373486472.0
2022-01-16,Africa,10389053.0,17418.0,233782.0,253.0,7564.001,170.211,208043832.0,136947057.0,1373486472.0
2022-01-17,Africa,10419253.0,30200.0,234187.0,405.0,7585.989,170.506,209817267.0,138043977.0,1373486472.0
2022-01-18,Africa,10446204.0,26951.0,234504.0,317.0,7605.611,170.736,211225727.0,138817043.0,1373486472.0
2022-01-19,Africa,10481433.0,35229.0,234734.0,230.0,7631.26,170.904,212101812.0,140153701.0,1373486472.0
2022-01-20,Africa,10530788.0,49355.0,235246.0,512.0,7667.195,171.277,212298657.0,140333258.0,1373486472.0
2022-01-21,Africa,10568210.0,37422.0,235596.0,350.0,7694.441,171.531,214256839.0,141809095.0,1373486472.0
2022-01-22,Africa,10609278.0,41068.0,235972.0,376.0,7724.341,171.805,214968314.0,142063400.0,1373486472.0
2022-01-23,Africa,10625760.0,16482.0,236253.0,281.0,7736.341,172.01,216503745.0,142509322.0,1373486472.0
2022-01-24,Africa,10652684.0,26924.0,236949.0,696.0,7755.944,172.516,217063482.0,143097806.0,1373486472.0
2022-01-25,Africa,10678970.0,26286.0,236945.0,224.0,7775.082,172.514,217118137.0,143197512.0,1373486472.0
2022-01-26,Africa,10711811.0,32841.0,237273.0,328.0,7798.993,172.752,217626684.0,143618844.0,1373486472.0
2022-01-27,Africa,10748571.0,36760.0,237662.0,389.0,7825.757,173.036,217961629.0,145513640.0,1373486472.0
2022-01-28,Africa,10776279.0,27708.0,237990.0,328.0,7845.93,173.274,218743409.0,146181995.0,1373486472.0
2022-01-29,Africa,10808262.0,31983.0,238382.0,392.0,7869.216,173.56,219710530.0,146517239.0,1373486472.0
2022-01-30,Africa,10823608.0,15346.0,238635.0,253.0,7880.389,173.744,220266545.0,147600896.0,1373486472.0
2022-01-31,Africa,10852013.0,28405.0,238959.0,324.0,7901.07,173.98,220741219.0,147912413.0,1373486472.0
2022-02-01,Africa,10877658.0,25645.0,239394.0,435.0,7919.742,174.297,220867638.0,148087125.0,1373486472.0
2022-02-02,Africa,10896112.0,18454.0,239802.0,408.0,7933.178,174.594,222634389.0,149023674.0,1373486472.0
2022-02-03,Africa,10927321.0,31209.0,240239.0,437.0,7955.9,174.912,222769625.0,149217242.0,1373486472.0
2022-02-04,Africa,10943059.0,15738.0,240401.0,162.0,7967.358,175.03,223153023.0,149576530.0,1373486472.0
2022-02-05,Africa,10963617.0,20558.0,240910.0,509.0,7982.326,175.4,223473879.0,149898337.0,1373486472.0
2022-02-06,Africa,10978480.0,14863.0,241131.0,221.0,7993.148,175.561,224605789.0,151662734.0,1373486472.0
2022-02-07,Africa,10992055.0,13575.0,241578.0,447.0,8003.031,175.887,226631469.0,151854194.0,1373486472.0
2022-02-08,Africa,11007188.0,15133.0,242155.0,577.0,8014.049,176.307,226884163.0,152165572.0,1373486472.0
2022-02-09,Africa,11026456.0,19268.0,242712.0,557.0,8028.078,176.712,227797465.0,153032539.0,1373486472.0
2022-02-10,Africa,11045441.0,18985.0,243132.0,420.0,8041.9,177.018,228665600.0,154692542.0,1373486472.0
2022-02-11,Africa,11061535.0,16094.0,243478.0,346.0,8053.618,177.27,229261079.0,155527821.0,1373486472.0
2022-02-12,Africa,11073241.0,11706.0,243883.0,405.0,8062.141,177.565,229442179.0,155669350.0,1373486472.0
2022-02-13,Africa,11082497.0,9256.0,243996.0,113.0,8068.88,177.647,229641100.0,155818556.0,1373486472.0
2022-02-14,Africa,11093964.0,11467.0,244451.0,455.0,8077.228,177.978,229973001.0,156123415.0,1373486472.0
2022-02-15,Africa,11104836.0,10872.0,244770.0,319.0,8085.144,178.211,232802258.0,158772736.0,1373486472.0
2022-02-16,Africa,11119460.0,14624.0,245052.0,282.0,8095.791,178.416,233523418.0,158872267.0,1373486472.0
2022-02-17,Africa,11133987.0,14527.0,245679.0,627.0,8106.368,178.873,234547966.0,159047084.0,1373486472.0
2022-02-18,Africa,11147684.0,13697.0,246205.0,526.0,8116.341,179.255,236106375.0,159973148.0,1373486472.0
2022-02-19,Africa,11154168.0,6484.0,246634.0,429.0,8121.061,179.568,238657998.0,160799999.0,1373486472.0
2022-02-20,Africa,11167659.0,13491.0,246857.0,223.0,8130.884,179.73,241090398.0,162061618.0,1373486472.0
2022-02-21,Africa,11177837.0,10178.0,247241.0,384.0,8138.294,180.01,245845918.0,165271245.0,1373486472.0
2022-02-22,Africa,11187485.0,9648.0,247426.0,185.0,8145.319,180.144,247775177.0,165911007.0,1373486472.0
2022-02-23,Africa,11198139.0,10654.0,247691.0,265.0,8153.076,180.337,247860060.0,166010236.0,1373486472.0
2022-02-24,Africa,11207616.0,9477.0,247868.0,177.0,8159.976,180.466,249256563.0,166267745.0,1373486472.0
2022-02-25,Africa,11217292.0,9676.0,248087.0,219.0,8167.02,180.626,249973442.0,166698009.0,1373486472.0
2022-02-26,Africa,11223886.0,6594.0,248245.0,158.0,8171.821,180.741,251611341.0,167305577.0,1373486472.0
2022-02-27,Africa,11230639.0,6753.0,248432.0,187.0,8176.738,180.877,254092704.0,167878507.0,1373486472.0
2022-02-28,Africa,11236404.0,5765.0,248705.0,273.0,8180.935,181.076,254369918.0,167954013.0,1373486472.0
2022-03-01,Africa,11241607.0,5203.0,248781.0,76.0,8184.723,181.131,254605391.0,168068070.0,1373486472.0
2022-03-02,Africa,11248343.0,6736.0,248905.0,124.0,8189.628,181.221,254631510.0,168105131.0,1373486472.0
2022-03-03,Africa,11258441.0,10098.0,249032.0,127.0,8196.98,181.314,254638149.0,168147693.0,1373486472.0
2022-03-04,Africa,11261308.0,6851.0,249106.0,74.0,8199.067,181.368,254640120.0,168149820.0,1373486472.0
2022-03-05,Africa,11268386.0,7078.0,249206.0,100.0,8204.221,181.44,254640120.0,168179398.0,1373486472.0
2020-02-25,Albania,0.0,0.0,0.0,0.0,0.0,0.0,0.0,0.0,2872934.0
2020-02-26,Albania,0.0,0.0,0.0,0.0,0.0,0.0,0.0,0.0,2872934.0
2020-02-27,Albania,0.0,0.0,0.0,0.0,0.0,0.0,0.0,0.0,2872934.0
2020-02-28,Albania,0.0,0.0,0.0,0.0,0.0,0.0,0.0,0.0,2872934.0
2020-02-29,Albania,0.0,0.0,0.0,0.0,0.0,0.0,0.0,0.0,2872934.0
2020-03-01,Albania,0.0,0.0,0.0,0.0,0.0,0.0,0.0,0.0,2872934.0
2020-03-02,Albania,0.0,0.0,0.0,0.0,0.0,0.0,0.0,0.0,2872934.0
2020-03-03,Albania,0.0,0.0,0.0,0.0,0.0,0.0,0.0,0.0,2872934.0
2020-03-04,Albania,0.0,0.0,0.0,0.0,0.0,0.0,0.0,0.0,2872934.0
2020-03-05,Albania,0.0,0.0,0.0,0.0,0.0,0.0,0.0,0.0,2872934.0
2020-03-06,Albania,0.0,0.0,0.0,0.0,0.0,0.0,0.0,0.0,2872934.0
2020-03-07,Albania,0.0,0.0,0.0,0.0,0.0,0.0,0.0,0.0,2872934.0
2020-03-08,Albania,0.0,0.0,0.0,0.0,0.0,0.0,0.0,0.0,2872934.0
2020-03-09,Albania,2.0,2.0,0.0,0.0,0.696,0.0,0.0,0.0,2872934.0
2020-03-10,Albania,10.0,8.0,0.0,0.0,3.481,0.0,0.0,0.0,2872934.0
2020-03-11,Albania,12.0,2.0,1.0,1.0,4.177,0.348,0.0,0.0,2872934.0
2020-03-12,Albania,23.0,11.0,1.0,0.0,8.006,0.348,0.0,0.0,2872934.0
2020-03-13,Albania,33.0,10.0,1.0,0.0,11.487,0.348,0.0,0.0,2872934.0
2020-03-14,Albania,38.0,5.0,1.0,0.0,13.227,0.348,0.0,0.0,2872934.0
2020-03-15,Albania,42.0,4.0,1.0,0.0,14.619,0.348,0.0,0.0,2872934.0
2020-03-16,Albania,51.0,9.0,1.0,0.0,17.752,0.348,0.0,0.0,2872934.0
2020-03-17,Albania,55.0,4.0,1.0,0.0,19.144,0.348,0.0,0.0,2872934.0
2020-03-18,Albania,59.0,4.0,2.0,1.0,20.536,0.696,0.0,0.0,2872934.0
2020-03-19,Albania,64.0,5.0,2.0,0.0,22.277,0.696,0.0,0.0,2872934.0
2020-03-20,Albania,70.0,6.0,2.0,0.0,24.365,0.696,0.0,0.0,2872934.0
2020-03-21,Albania,76.0,6.0,2.0,0.0,26.454,0.696,0.0,0.0,2872934.0
2020-03-22,Albania,89.0,13.0,2.0,0.0,30.979,0.696,0.0,0.0,2872934.0
2020-03-23,Albania,104.0,15.0,4.0,2.0,36.2,1.392,0.0,0.0,2872934.0
2020-03-24,Albania,123.0,19.0,5.0,1.0,42.813,1.74,0.0,0.0,2872934.0
2020-03-25,Albania,146.0,23.0,5.0,0.0,50.819,1.74,0.0,0.0,2872934.0
2020-03-26,Albania,174.0,28.0,6.0,1.0,60.565,2.088,0.0,0.0,2872934.0
2020-03-27,Albania,186.0,12.0,8.0,2.0,64.742,2.785,0.0,0.0,2872934.0
2020-03-28,Albania,197.0,11.0,10.0,2.0,68.571,3.481,0.0,0.0,2872934.0
2020-03-29,Albania,212.0,15.0,10.0,0.0,73.792,3.481,0.0,0.0,2872934.0
2020-03-30,Albania,223.0,11.0,11.0,1.0,77.621,3.829,0.0,0.0,2872934.0
2020-03-31,Albania,243.0,20.0,15.0,4.0,84.583,5.221,0.0,0.0,2872934.0
2020-04-01,Albania,259.0,16.0,15.0,0.0,90.152,5.221,0.0,0.0,2872934.0
2020-04-02,Albania,277.0,18.0,16.0,1.0,96.417,5.569,0.0,0.0,2872934.0
2020-04-03,Albania,304.0,27.0,17.0,1.0,105.815,5.917,0.0,0.0,2872934.0
2020-04-04,Albania,333.0,29.0,20.0,3.0,115.909,6.962,0.0,0.0,2872934.0
2020-04-05,Albania,361.0,28.0,20.0,0.0,125.656,6.962,0.0,0.0,2872934.0
2020-04-06,Albania,377.0,16.0,21.0,1.0,131.225,7.31,0.0,0.0,2872934.0
2020-04-07,Albania,383.0,6.0,22.0,1.0,133.313,7.658,0.0,0.0,2872934.0
2020-04-08,Albania,400.0,17.0,22.0,0.0,139.23,7.658,0.0,0.0,2872934.0
2020-04-09,Albania,409.0,9.0,23.0,1.0,142.363,8.006,0.0,0.0,2872934.0
2020-04-10,Albania,416.0,7.0,23.0,0.0,144.8,8.006,0.0,0.0,2872934.0
2020-04-11,Albania,433.0,17.0,23.0,0.0,150.717,8.006,0.0,0.0,2872934.0
2020-04-12,Albania,446.0,13.0,23.0,0.0,155.242,8.006,0.0,0.0,2872934.0
2020-04-13,Albania,467.0,21.0,23.0,0.0,162.552,8.006,0.0,0.0,2872934.0
2020-04-14,Albania,475.0,8.0,24.0,1.0,165.336,8.354,0.0,0.0,2872934.0
2020-04-15,Albania,494.0,19.0,25.0,1.0,171.95,8.702,0.0,0.0,2872934.0
2020-04-16,Albania,518.0,24.0,26.0,1.0,180.303,9.05,0.0,0.0,2872934.0
2020-04-17,Albania,539.0,21.0,26.0,0.0,187.613,9.05,0.0,0.0,2872934.0
2020-04-18,Albania,548.0,9.0,26.0,0.0,190.746,9.05,0.0,0.0,2872934.0
2020-04-19,Albania,562.0,14.0,26.0,0.0,195.619,9.05,0.0,0.0,2872934.0
2020-04-20,Albania,584.0,22.0,26.0,0.0,203.277,9.05,0.0,0.0,2872934.0
2020-04-21,Albania,609.0,25.0,26.0,0.0,211.978,9.05,0.0,0.0,2872934.0
2020-04-22,Albania,634.0,25.0,27.0,1.0,220.68,9.398,0.0,0.0,2872934.0
2020-04-23,Albania,663.0,29.0,27.0,0.0,230.775,9.398,0.0,0.0,2872934.0
2020-04-24,Albania,678.0,15.0,27.0,0.0,235.996,9.398,0.0,0.0,2872934.0
2020-04-25,Albania,712.0,34.0,27.0,0.0,247.83,9.398,0.0,0.0,2872934.0
2020-04-26,Albania,726.0,14.0,28.0,1.0,252.703,9.746,0.0,0.0,2872934.0
2020-04-27,Albania,736.0,10.0,28.0,0.0,256.184,9.746,0.0,0.0,2872934.0
2020-04-28,Albania,750.0,14.0,30.0,2.0,261.057,10.442,0.0,0.0,2872934.0
2020-04-29,Albania,766.0,16.0,30.0,0.0,266.626,10.442,0.0,0.0,2872934.0
2020-04-30,Albania,773.0,7.0,31.0,1.0,269.063,10.79,0.0,0.0,2872934.0
2020-05-01,Albania,782.0,9.0,31.0,0.0,272.196,10.79,0.0,0.0,2872934.0
2020-05-02,Albania,789.0,7.0,31.0,0.0,274.632,10.79,0.0,0.0,2872934.0
2020-05-03,Albania,795.0,6.0,31.0,0.0,276.721,10.79,0.0,0.0,2872934.0
2020-05-04,Albania,803.0,8.0,31.0,0.0,279.505,10.79,0.0,0.0,2872934.0
2020-05-05,Albania,820.0,17.0,31.0,0.0,285.422,10.79,0.0,0.0,2872934.0
2020-05-06,Albania,832.0,12.0,31.0,0.0,289.599,10.79,0.0,0.0,2872934.0
2020-05-07,Albania,842.0,10.0,31.0,0.0,293.08,10.79,0.0,0.0,2872934.0
2020-05-08,Albania,850.0,8.0,31.0,0.0,295.865,10.79,0.0,0.0,2872934.0
2020-05-09,Albania,856.0,6.0,31.0,0.0,297.953,10.79,0.0,0.0,2872934.0
2020-05-10,Albania,868.0,12.0,31.0,0.0,302.13,10.79,0.0,0.0,2872934.0
2020-05-11,Albania,872.0,4.0,31.0,0.0,303.522,10.79,0.0,0.0,2872934.0
2020-05-12,Albania,876.0,4.0,31.0,0.0,304.915,10.79,0.0,0.0,2872934.0
2020-05-13,Albania,880.0,4.0,31.0,0.0,306.307,10.79,0.0,0.0,2872934.0
2020-05-14,Albania,898.0,18.0,31.0,0.0,312.572,10.79,0.0,0.0,2872934.0
2020-05-15,Albania,916.0,18.0,31.0,0.0,318.838,10.79,0.0,0.0,2872934.0
2020-05-16,Albania,933.0,17.0,31.0,0.0,324.755,10.79,0.0,0.0,2872934.0
2020-05-17,Albania,946.0,13.0,31.0,0.0,329.28,10.79,0.0,0.0,2872934.0
2020-05-18,Albania,948.0,2.0,31.0,0.0,329.976,10.79,0.0,0.0,2872934.0
2020-05-19,Albania,949.0,1.0,31.0,0.0,330.324,10.79,0.0,0.0,2872934.0
2020-05-20,Albania,964.0,15.0,31.0,0.0,335.545,10.79,0.0,0.0,2872934.0
2020-05-21,Albania,969.0,5.0,31.0,0.0,337.286,10.79,0.0,0.0,2872934.0
2020-05-22,Albania,981.0,12.0,31.0,0.0,341.463,10.79,0.0,0.0,2872934.0
2020-05-23,Albania,989.0,8.0,31.0,0.0,344.247,10.79,0.0,0.0,2872934.0
2020-05-24,Albania,998.0,9.0,32.0,1.0,347.38,11.138,0.0,0.0,2872934.0
2020-05-25,Albania,1004.0,6.0,32.0,0.0,349.469,11.138,0.0,0.0,2872934.0
2020-05-26,Albania,1029.0,25.0,33.0,1.0,358.17,11.487,0.0,0.0,2872934.0
2020-05-27,Albania,1050.0,21.0,33.0,0.0,365.48,11.487,0.0,0.0,2872934.0
2020-05-28,Albania,1076.0,26.0,33.0,0.0,374.53,11.487,0.0,0.0,2872934.0
2020-05-29,Albania,1099.0,23.0,33.0,0.0,382.536,11.487,0.0,0.0,2872934.0
2020-05-30,Albania,1122.0,23.0,33.0,0.0,390.542,11.487,0.0,0.0,2872934.0
2020-05-31,Albania,1137.0,15.0,33.0,0.0,395.763,11.487,0.0,0.0,2872934.0
2020-06-01,Albania,1143.0,6.0,33.0,0.0,397.851,11.487,0.0,0.0,2872934.0
2020-06-02,Albania,1164.0,21.0,33.0,0.0,405.161,11.487,0.0,0.0,2872934.0
2020-06-03,Albania,1184.0,20.0,33.0,0.0,412.122,11.487,0.0,0.0,2872934.0
2020-06-04,Albania,1197.0,13.0,33.0,0.0,416.647,11.487,0.0,0.0,2872934.0
2020-06-05,Albania,1212.0,15.0,33.0,0.0,421.868,11.487,0.0,0.0,2872934.0
2020-06-06,Albania,1232.0,20.0,34.0,1.0,428.83,11.835,0.0,0.0,2872934.0
2020-06-07,Albania,1246.0,14.0,34.0,0.0,433.703,11.835,0.0,0.0,2872934.0
2020-06-08,Albania,1263.0,17.0,34.0,0.0,439.62,11.835,0.0,0.0,2872934.0
2020-06-09,Albania,1299.0,36.0,34.0,0.0,452.151,11.835,0.0,0.0,2872934.0
2020-06-10,Albania,1341.0,42.0,34.0,0.0,466.77,11.835,0.0,0.0,2872934.0
2020-06-11,Albania,1385.0,44.0,35.0,1.0,482.086,12.183,0.0,0.0,2872934.0
2020-06-12,Albania,1416.0,31.0,36.0,1.0,492.876,12.531,0.0,0.0,2872934.0
2020-06-13,Albania,1464.0,48.0,36.0,0.0,509.584,12.531,0.0,0.0,2872934.0
2020-06-14,Albania,1521.0,57.0,36.0,0.0,529.424,12.531,0.0,0.0,2872934.0
2020-06-15,Albania,1590.0,69.0,36.0,0.0,553.441,12.531,0.0,0.0,2872934.0
2020-06-16,Albania,1672.0,82.0,37.0,1.0,581.983,12.879,0.0,0.0,2872934.0
2020-06-17,Albania,1722.0,50.0,38.0,1.0,599.387,13.227,0.0,0.0,2872934.0
2020-06-18,Albania,1788.0,66.0,39.0,1.0,622.36,13.575,0.0,0.0,2872934.0
2020-06-19,Albania,1838.0,50.0,42.0,3.0,639.764,14.619,0.0,0.0,2872934.0
2020-06-20,Albania,1891.0,53.0,43.0,1.0,658.212,14.967,0.0,0.0,2872934.0
2020-06-21,Albania,1962.0,71.0,44.0,1.0,682.926,15.315,0.0,0.0,2872934.0
2020-06-22,Albania,1995.0,33.0,44.0,0.0,694.412,15.315,0.0,0.0,2872934.0
2020-06-23,Albania,2047.0,52.0,45.0,1.0,712.512,15.663,0.0,0.0,2872934.0
2020-06-24,Albania,2114.0,67.0,47.0,2.0,735.833,16.36,0.0,0.0,2872934.0
2020-06-25,Albania,2192.0,78.0,49.0,2.0,762.983,17.056,0.0,0.0,2872934.0
2020-06-26,Albania,2269.0,77.0,51.0,2.0,789.785,17.752,0.0,0.0,2872934.0
2020-06-27,Albania,2330.0,61.0,53.0,2.0,811.018,18.448,0.0,0.0,2872934.0
2020-06-28,Albania,2402.0,72.0,55.0,2.0,836.079,19.144,0.0,0.0,2872934.0
2020-06-29,Albania,2466.0,64.0,58.0,3.0,858.356,20.188,0.0,0.0,2872934.0
2020-06-30,Albania,2535.0,69.0,62.0,4.0,882.373,21.581,0.0,0.0,2872934.0
2020-07-01,Albania,2580.0,45.0,65.0,3.0,898.037,22.625,0.0,0.0,2872934.0
2020-07-02,Albania,2662.0,82.0,69.0,4.0,926.579,24.017,0.0,0.0,2872934.0
2020-07-03,Albania,2752.0,90.0,72.0,3.0,957.906,25.061,0.0,0.0,2872934.0
2020-07-04,Albania,2819.0,67.0,74.0,2.0,981.227,25.758,0.0,0.0,2872934.0
2020-07-05,Albania,2893.0,74.0,76.0,2.0,1006.984,26.454,0.0,0.0,2872934.0
2020-07-06,Albania,2964.0,71.0,79.0,3.0,1031.698,27.498,0.0,0.0,2872934.0
2020-07-07,Albania,3038.0,74.0,81.0,2.0,1057.456,28.194,0.0,0.0,2872934.0
2020-07-08,Albania,3106.0,68.0,83.0,2.0,1081.125,28.89,0.0,0.0,2872934.0
2020-07-09,Albania,3188.0,82.0,83.0,0.0,1109.667,28.89,0.0,0.0,2872934.0
2020-07-10,Albania,3278.0,90.0,85.0,2.0,1140.994,29.586,0.0,0.0,2872934.0
2020-07-11,Albania,3371.0,93.0,89.0,4.0,1173.365,30.979,0.0,0.0,2872934.0
2020-07-12,Albania,3454.0,83.0,93.0,4.0,1202.255,32.371,0.0,0.0,2872934.0
2020-07-13,Albania,3571.0,117.0,95.0,2.0,1242.98,33.067,0.0,0.0,2872934.0
2020-07-14,Albania,3667.0,96.0,97.0,2.0,1276.395,33.763,0.0,0.0,2872934.0
2020-07-15,Albania,3752.0,85.0,101.0,4.0,1305.982,35.156,0.0,0.0,2872934.0
2020-07-16,Albania,3851.0,99.0,104.0,3.0,1340.442,36.2,0.0,0.0,2872934.0
2020-07-17,Albania,3906.0,55.0,107.0,3.0,1359.586,37.244,0.0,0.0,2872934.0
2020-07-18,Albania,4008.0,102.0,111.0,4.0,1395.089,38.636,0.0,0.0,2872934.0
2020-07-19,Albania,4090.0,82.0,112.0,1.0,1423.632,38.985,0.0,0.0,2872934.0
2020-07-20,Albania,4171.0,81.0,113.0,1.0,1451.826,39.333,0.0,0.0,2872934.0
2020-07-21,Albania,4290.0,119.0,117.0,4.0,1493.247,40.725,0.0,0.0,2872934.0
2020-07-22,Albania,4358.0,68.0,120.0,3.0,1516.916,41.769,0.0,0.0,2872934.0
2020-07-23,Albania,4466.0,108.0,123.0,3.0,1554.508,42.813,0.0,0.0,2872934.0
2020-07-24,Albania,4570.0,104.0,128.0,5.0,1590.708,44.554,0.0,0.0,2872934.0
2020-07-25,Albania,4637.0,67.0,134.0,6.0,1614.029,46.642,0.0,0.0,2872934.0
2020-07-26,Albania,4763.0,126.0,138.0,4.0,1657.887,48.035,0.0,0.0,2872934.0
2020-07-27,Albania,4880.0,117.0,144.0,6.0,1698.612,50.123,0.0,0.0,2872934.0
2020-07-28,Albania,4997.0,117.0,148.0,4.0,1739.337,51.515,0.0,0.0,2872934.0
2020-07-29,Albania,5105.0,108.0,150.0,2.0,1776.929,52.211,0.0,0.0,2872934.0
2020-07-30,Albania,5197.0,92.0,154.0,4.0,1808.952,53.604,0.0,0.0,2872934.0
2020-07-31,Albania,5276.0,79.0,157.0,3.0,1836.45,54.648,0.0,0.0,2872934.0
2020-08-01,Albania,5396.0,120.0,161.0,4.0,1878.219,56.04,0.0,0.0,2872934.0
2020-08-02,Albania,5519.0,123.0,166.0,5.0,1921.033,57.781,0.0,0.0,2872934.0
2020-08-03,Albania,5620.0,101.0,172.0,6.0,1956.188,59.869,0.0,0.0,2872934.0
2020-08-04,Albania,5750.0,130.0,176.0,4.0,2001.438,61.261,0.0,0.0,2872934.0
2020-08-05,Albania,5889.0,139.0,182.0,6.0,2049.821,63.35,0.0,0.0,2872934.0
2020-08-06,Albania,6016.0,127.0,188.0,6.0,2094.027,65.438,0.0,0.0,2872934.0
2020-08-07,Albania,6151.0,135.0,189.0,1.0,2141.017,65.786,0.0,0.0,2872934.0
2020-08-08,Albania,6275.0,124.0,193.0,4.0,2184.178,67.179,0.0,0.0,2872934.0
2020-08-09,Albania,6411.0,136.0,199.0,6.0,2231.517,69.267,0.0,0.0,2872934.0
2020-08-10,Albania,6536.0,125.0,200.0,1.0,2275.026,69.615,0.0,0.0,2872934.0
2020-08-11,Albania,6676.0,140.0,205.0,5.0,2323.757,71.356,0.0,0.0,2872934.0
2020-08-12,Albania,6817.0,141.0,208.0,3.0,2372.836,72.4,0.0,0.0,2872934.0
2020-08-13,Albania,6971.0,154.0,213.0,5.0,2426.439,74.14,0.0,0.0,2872934.0
2020-08-14,Albania,7117.0,146.0,219.0,6.0,2477.258,76.229,0.0,0.0,2872934.0
2020-08-15,Albania,7260.0,143.0,225.0,6.0,2527.033,78.317,0.0,0.0,2872934.0
2020-08-16,Albania,7380.0,120.0,228.0,3.0,2568.802,79.361,0.0,0.0,2872934.0
2020-08-17,Albania,7499.0,119.0,230.0,2.0,2610.224,80.058,0.0,0.0,2872934.0
2020-08-18,Albania,7654.0,155.0,232.0,2.0,2664.175,80.754,0.0,0.0,2872934.0
2020-08-19,Albania,7812.0,158.0,234.0,2.0,2719.171,81.45,0.0,0.0,2872934.0
2020-08-20,Albania,7967.0,155.0,238.0,4.0,2773.123,82.842,0.0,0.0,2872934.0
2020-08-21,Albania,8119.0,152.0,240.0,2.0,2826.031,83.538,0.0,0.0,2872934.0
2020-08-22,Albania,8275.0,156.0,245.0,5.0,2880.331,85.279,0.0,0.0,2872934.0
2020-08-23,Albania,8427.0,152.0,250.0,5.0,2933.238,87.019,0.0,0.0,2872934.0
2020-08-24,Albania,8605.0,178.0,254.0,4.0,2995.196,88.411,0.0,0.0,2872934.0
2020-08-25,Albania,8759.0,154.0,259.0,5.0,3048.8,90.152,0.0,0.0,2872934.0
2020-08-26,Albania,8927.0,168.0,263.0,4.0,3107.276,91.544,0.0,0.0,2872934.0
2020-08-27,Albania,9083.0,156.0,266.0,3.0,3161.576,92.588,0.0,0.0,2872934.0
2020-08-28,Albania,9195.0,112.0,271.0,5.0,3200.561,94.329,0.0,0.0,2872934.0
2020-08-29,Albania,9279.0,84.0,275.0,4.0,3229.799,95.721,0.0,0.0,2872934.0
2020-08-30,Albania,9380.0,101.0,280.0,5.0,3264.955,97.461,0.0,0.0,2872934.0
2020-08-31,Albania,9513.0,133.0,284.0,4.0,3311.249,98.854,0.0,0.0,2872934.0
2020-09-01,Albania,9606.0,93.0,290.0,6.0,3343.62,100.942,0.0,0.0,2872934.0
2020-09-02,Albania,9728.0,122.0,296.0,6.0,3386.085,103.031,0.0,0.0,2872934.0
2020-09-03,Albania,9844.0,116.0,301.0,5.0,3426.462,104.771,0.0,0.0,2872934.0
2020-09-04,Albania,9967.0,123.0,306.0,5.0,3469.276,106.511,0.0,0.0,2872934.0
2020-09-05,Albania,10102.0,135.0,312.0,6.0,3516.266,108.6,0.0,0.0,2872934.0
2020-09-06,Albania,10255.0,153.0,316.0,4.0,3569.522,109.992,0.0,0.0,2872934.0
2020-09-07,Albania,10406.0,151.0,319.0,3.0,3622.081,111.036,0.0,0.0,2872934.0
2020-09-08,Albania,10553.0,147.0,321.0,2.0,3673.248,111.732,0.0,0.0,2872934.0
2020-09-09,Albania,10704.0,151.0,322.0,1.0,3725.808,112.081,0.0,0.0,2872934.0
2020-09-10,Albania,10860.0,156.0,324.0,2.0,3780.108,112.777,0.0,0.0,2872934.0
2020-09-11,Albania,11021.0,161.0,327.0,3.0,3836.148,113.821,0.0,0.0,2872934.0
2020-09-12,Albania,11185.0,164.0,330.0,3.0,3893.232,114.865,0.0,0.0,2872934.0
2020-09-13,Albania,11353.0,168.0,334.0,4.0,3951.709,116.257,0.0,0.0,2872934.0
2020-09-14,Albania,11520.0,167.0,338.0,4.0,4009.838,117.65,0.0,0.0,2872934.0
2020-09-15,Albania,11672.0,152.0,340.0,2.0,4062.746,118.346,0.0,0.0,2872934.0
2020-09-16,Albania,11816.0,144.0,343.0,3.0,4112.869,119.39,0.0,0.0,2872934.0
2020-09-17,Albania,11948.0,132.0,347.0,4.0,4158.815,120.782,0.0,0.0,2872934.0
2020-09-18,Albania,12073.0,125.0,353.0,6.0,4202.324,122.871,0.0,0.0,2872934.0
2020-09-19,Albania,12226.0,153.0,358.0,5.0,4255.58,124.611,0.0,0.0,2872934.0
2020-09-20,Albania,12385.0,159.0,362.0,4.0,4310.924,126.004,0.0,0.0,2872934.0
2020-09-21,Albania,12535.0,150.0,364.0,2.0,4363.135,126.7,0.0,0.0,2872934.0
2020-09-22,Albania,12666.0,131.0,367.0,3.0,4408.733,127.744,0.0,0.0,2872934.0
2020-09-23,Albania,12787.0,121.0,370.0,3.0,4450.851,128.788,0.0,0.0,2872934.0
2020-09-24,Albania,12921.0,134.0,370.0,0.0,4497.493,128.788,0.0,0.0,2872934.0
2020-09-25,Albania,13045.0,124.0,373.0,3.0,4540.654,129.832,0.0,0.0,2872934.0
2020-09-26,Albania,13153.0,108.0,375.0,2.0,4578.246,130.529,0.0,0.0,2872934.0
2020-09-27,Albania,13259.0,106.0,377.0,2.0,4615.143,131.225,0.0,0.0,2872934.0
2020-09-28,Albania,13391.0,132.0,380.0,3.0,4661.089,132.269,0.0,0.0,2872934.0
2020-09-29,Albania,13518.0,127.0,384.0,4.0,4705.294,133.661,0.0,0.0,2872934.0
2020-09-30,Albania,13649.0,131.0,387.0,3.0,4750.892,134.705,0.0,0.0,2872934.0
2020-10-01,Albania,13806.0,157.0,388.0,1.0,4805.54,135.054,0.0,0.0,2872934.0
2020-10-02,Albania,13965.0,159.0,389.0,1.0,4860.884,135.402,0.0,0.0,2872934.0
2020-10-03,Albania,14117.0,152.0,392.0,3.0,4913.792,136.446,0.0,0.0,2872934.0
2020-10-04,Albania,14266.0,149.0,396.0,4.0,4965.655,137.838,0.0,0.0,2872934.0
2020-10-05,Albania,14410.0,144.0,400.0,4.0,5015.778,139.23,0.0,0.0,2872934.0
2020-10-06,Albania,14568.0,158.0,403.0,3.0,5070.774,140.275,0.0,0.0,2872934.0
2020-10-07,Albania,14730.0,162.0,407.0,4.0,5127.163,141.667,0.0,0.0,2872934.0
2020-10-08,Albania,14899.0,169.0,411.0,4.0,5185.988,143.059,0.0,0.0,2872934.0
2020-10-09,Albania,15066.0,167.0,413.0,2.0,5244.116,143.755,0.0,0.0,2872934.0
2020-10-10,Albania,15231.0,165.0,416.0,3.0,5301.549,144.8,0.0,0.0,2872934.0
2020-10-11,Albania,15399.0,168.0,420.0,4.0,5360.026,146.192,0.0,0.0,2872934.0
2020-10-12,Albania,15570.0,171.0,424.0,4.0,5419.547,147.584,0.0,0.0,2872934.0
2020-10-13,Albania,15752.0,182.0,429.0,5.0,5482.897,149.325,0.0,0.0,2872934.0
2020-10-14,Albania,15955.0,203.0,434.0,5.0,5553.556,151.065,0.0,0.0,2872934.0
2020-10-15,Albania,16212.0,257.0,439.0,5.0,5643.012,152.805,0.0,0.0,2872934.0
2020-10-16,Albania,16501.0,289.0,443.0,4.0,5743.606,154.198,0.0,0.0,2872934.0
2020-10-17,Albania,16774.0,273.0,448.0,5.0,5838.63,155.938,0.0,0.0,2872934.0
2020-10-18,Albania,17055.0,281.0,451.0,3.0,5936.44,156.982,0.0,0.0,2872934.0
2020-10-19,Albania,17350.0,295.0,454.0,3.0,6039.122,158.027,0.0,0.0,2872934.0
2020-10-20,Albania,17651.0,301.0,458.0,4.0,6143.893,159.419,0.0,0.0,2872934.0
2020-10-21,Albania,17948.0,297.0,462.0,4.0,6247.272,160.811,0.0,0.0,2872934.0
2020-10-22,Albania,18250.0,302.0,465.0,3.0,6352.391,161.855,0.0,0.0,2872934.0
2020-10-23,Albania,18556.0,306.0,469.0,4.0,6458.902,163.248,0.0,0.0,2872934.0
2020-10-24,Albania,18858.0,302.0,473.0,4.0,6564.021,164.64,0.0,0.0,2872934.0
2020-10-25,Albania,19157.0,299.0,477.0,4.0,6668.096,166.032,0.0,0.0,2872934.0
2020-10-26,Albania,19445.0,288.0,480.0,3.0,6768.342,167.077,0.0,0.0,2872934.0
2020-10-27,Albania,19729.0,284.0,487.0,7.0,6867.196,169.513,0.0,0.0,2872934.0
2020-10-28,Albania,20040.0,311.0,493.0,6.0,6975.447,171.602,0.0,0.0,2872934.0
2020-10-29,Albania,20315.0,275.0,499.0,6.0,7071.168,173.69,0.0,0.0,2872934.0
2020-10-30,Albania,20634.0,319.0,502.0,3.0,7182.205,174.734,0.0,0.0,2872934.0
2020-10-31,Albania,20875.0,241.0,509.0,7.0,7266.091,177.171,0.0,0.0,2872934.0
2020-11-01,Albania,21202.0,327.0,518.0,9.0,7379.912,180.303,0.0,0.0,2872934.0
2020-11-02,Albania,21523.0,321.0,527.0,9.0,7491.644,183.436,0.0,0.0,2872934.0
2020-11-03,Albania,21904.0,381.0,532.0,5.0,7624.261,185.177,0.0,0.0,2872934.0
2020-11-04,Albania,22300.0,396.0,536.0,4.0,7762.1,186.569,0.0,0.0,2872934.0
2020-11-05,Albania,22721.0,421.0,543.0,7.0,7908.64,189.005,0.0,0.0,2872934.0
2020-11-06,Albania,23210.0,489.0,549.0,6.0,8078.849,191.094,0.0,0.0,2872934.0
2020-11-07,Albania,23705.0,495.0,557.0,8.0,8251.147,193.878,0.0,0.0,2872934.0
2020-11-08,Albania,24206.0,501.0,559.0,2.0,8425.533,194.575,0.0,0.0,2872934.0
2020-11-09,Albania,24731.0,525.0,571.0,12.0,8608.273,198.752,0.0,0.0,2872934.0
2020-11-10,Albania,25294.0,563.0,579.0,8.0,8804.24,201.536,0.0,0.0,2872934.0
2020-11-11,Albania,25801.0,507.0,590.0,11.0,8980.714,205.365,0.0,0.0,2872934.0
2020-11-12,Albania,26211.0,410.0,598.0,8.0,9123.426,208.15,0.0,0.0,2872934.0
2020-11-13,Albania,26701.0,490.0,605.0,7.0,9293.983,210.586,0.0,0.0,2872934.0
2020-11-14,Albania,27233.0,532.0,612.0,7.0,9479.16,213.023,0.0,0.0,2872934.0
2020-11-15,Albania,27830.0,597.0,623.0,11.0,9686.961,216.851,0.0,0.0,2872934.0
2020-11-16,Albania,28432.0,602.0,631.0,8.0,9896.503,219.636,0.0,0.0,2872934.0
2020-11-17,Albania,29126.0,694.0,637.0,6.0,10138.068,221.725,0.0,0.0,2872934.0
2020-11-18,Albania,29837.0,711.0,646.0,9.0,10385.55,224.857,0.0,0.0,2872934.0
2020-11-19,Albania,30623.0,786.0,657.0,11.0,10659.138,228.686,0.0,0.0,2872934.0
2020-11-20,Albania,31459.0,836.0,672.0,15.0,10950.13,233.907,0.0,0.0,2872934.0
2020-11-21,Albania,32196.0,737.0,685.0,13.0,11206.662,238.432,0.0,0.0,2872934.0
2020-11-22,Albania,32761.0,565.0,699.0,14.0,11403.325,243.305,0.0,0.0,2872934.0
2020-11-23,Albania,33556.0,795.0,716.0,17.0,11680.046,249.223,0.0,0.0,2872934.0
2020-11-24,Albania,34300.0,744.0,735.0,19.0,11939.014,255.836,0.0,0.0,2872934.0
2020-11-25,Albania,34944.0,644.0,743.0,8.0,12163.175,258.621,0.0,0.0,2872934.0
2020-11-26,Albania,35600.0,656.0,753.0,10.0,12391.513,262.101,0.0,0.0,2872934.0
2020-11-27,Albania,36245.0,645.0,771.0,18.0,12616.023,268.367,0.0,0.0,2872934.0
2020-11-28,Albania,36790.0,545.0,787.0,16.0,12805.724,273.936,0.0,0.0,2872934.0
2020-11-29,Albania,37625.0,835.0,798.0,11.0,13096.368,277.765,0.0,0.0,2872934.0
2020-11-30,Albania,38182.0,557.0,810.0,12.0,13290.246,281.942,0.0,0.0,2872934.0
2020-12-01,Albania,39014.0,832.0,822.0,12.0,13579.846,286.119,0.0,0.0,2872934.0
2020-12-02,Albania,39719.0,705.0,839.0,17.0,13825.239,292.036,0.0,0.0,2872934.0
2020-12-03,Albania,40501.0,782.0,852.0,13.0,14097.435,296.561,0.0,0.0,2872934.0
2020-12-04,Albania,41302.0,801.0,870.0,18.0,14376.244,302.826,0.0,0.0,2872934.0
2020-12-05,Albania,42148.0,846.0,889.0,19.0,14670.716,309.44,0.0,0.0,2872934.0
2020-12-06,Albania,42988.0,840.0,905.0,16.0,14963.1,315.009,0.0,0.0,2872934.0
2020-12-07,Albania,43683.0,695.0,922.0,17.0,15205.013,320.926,0.0,0.0,2872934.0
2020-12-08,Albania,44436.0,753.0,936.0,14.0,15467.115,325.799,0.0,0.0,2872934.0
2020-12-09,Albania,45188.0,752.0,951.0,15.0,15728.868,331.02,0.0,0.0,2872934.0
2020-12-10,Albania,46061.0,873.0,965.0,14.0,16032.739,335.894,0.0,0.0,2872934.0
2020-12-11,Albania,46863.0,802.0,977.0,12.0,16311.896,340.07,0.0,0.0,2872934.0
2020-12-12,Albania,47742.0,879.0,989.0,12.0,16617.855,344.247,0.0,0.0,2872934.0
2020-12-13,Albania,48530.0,788.0,1003.0,14.0,16892.139,349.12,0.0,0.0,2872934.0
2020-12-14,Albania,49191.0,661.0,1016.0,13.0,17122.217,353.645,0.0,0.0,2872934.0
2020-12-15,Albania,50000.0,809.0,1028.0,12.0,17403.811,357.822,0.0,0.0,2872934.0
2020-12-16,Albania,50637.0,637.0,1040.0,12.0,17625.535,361.999,0.0,0.0,2872934.0
2020-12-17,Albania,51424.0,787.0,1055.0,15.0,17899.471,367.22,0.0,0.0,2872934.0
2020-12-18,Albania,52004.0,580.0,1066.0,11.0,18101.356,371.049,0.0,0.0,2872934.0
2020-12-19,Albania,52542.0,538.0,1074.0,8.0,18288.621,373.834,0.0,0.0,2872934.0
2020-12-20,Albania,53003.0,461.0,1088.0,14.0,18449.084,378.707,0.0,0.0,2872934.0
2020-12-21,Albania,53425.0,422.0,1098.0,10.0,18595.972,382.188,0.0,0.0,2872934.0
2020-12-22,Albania,53814.0,389.0,1111.0,13.0,18731.374,386.713,0.0,0.0,2872934.0
2020-12-23,Albania,54317.0,503.0,1117.0,6.0,18906.456,388.801,0.0,0.0,2872934.0
2020-12-24,Albania,54827.0,510.0,1125.0,8.0,19083.975,391.586,0.0,0.0,2872934.0
2020-12-25,Albania,55380.0,553.0,1134.0,9.0,19276.461,394.718,0.0,0.0,2872934.0
2020-12-26,Albania,55755.0,375.0,1143.0,9.0,19406.99,397.851,0.0,0.0,2872934.0
2020-12-27,Albania,56254.0,499.0,1153.0,10.0,19580.68,401.332,0.0,0.0,2872934.0
2020-12-28,Albania,56572.0,318.0,1164.0,11.0,19691.368,405.161,0.0,0.0,2872934.0
2020-12-29,Albania,57146.0,574.0,1170.0,6.0,19891.164,407.249,0.0,0.0,2872934.0
2020-12-30,Albania,57727.0,581.0,1174.0,4.0,20093.396,408.641,0.0,0.0,2872934.0
2020-12-31,Albania,58316.0,589.0,1181.0,7.0,20298.413,411.078,0.0,0.0,2872934.0
2021-01-01,Albania,58316.0,0.0,1181.0,0.0,20298.413,411.078,0.0,0.0,2872934.0
2021-01-02,Albania,58991.0,675.0,1190.0,9.0,20533.364,414.211,0.0,0.0,2872934.0
2021-01-03,Albania,59438.0,447.0,1193.0,3.0,20688.954,415.255,0.0,0.0,2872934.0
2021-01-04,Albania,59623.0,185.0,1199.0,6.0,20753.348,417.343,0.0,0.0,2872934.0
2021-01-05,Albania,60283.0,660.0,1210.0,11.0,20983.079,421.172,0.0,0.0,2872934.0
2021-01-06,Albania,61008.0,725.0,1217.0,7.0,21235.434,423.609,0.0,0.0,2872934.0
2021-01-07,Albania,61705.0,697.0,1223.0,6.0,21478.043,425.697,0.0,0.0,2872934.0
2021-01-08,Albania,62378.0,673.0,1230.0,7.0,21712.298,428.134,0.0,0.0,2872934.0
2021-01-09,Albania,63033.0,655.0,1233.0,3.0,21940.288,429.178,0.0,0.0,2872934.0
2021-01-10,Albania,63595.0,562.0,1241.0,8.0,22135.907,431.963,0.0,0.0,2872934.0
2021-01-11,Albania,63971.0,376.0,1247.0,6.0,22266.784,434.051,0.0,0.0,2872934.0
2021-01-12,Albania,64627.0,656.0,1252.0,5.0,22495.122,435.791,128.0,0.0,2872934.0
2021-01-13,Albania,65334.0,707.0,1256.0,4.0,22741.212,437.184,188.0,0.0,2872934.0
2021-01-14,Albania,65994.0,660.0,1261.0,5.0,22970.942,438.924,266.0,0.0,2872934.0
2021-01-15,Albania,66635.0,641.0,1265.0,4.0,23194.059,440.316,308.0,0.0,2872934.0
2021-01-16,Albania,67216.0,581.0,1270.0,5.0,23396.291,442.057,369.0,0.0,2872934.0
2021-01-17,Albania,67690.0,474.0,1277.0,7.0,23561.279,444.493,405.0,0.0,2872934.0
2021-01-18,Albania,67982.0,292.0,1281.0,4.0,23662.917,445.886,447.0,0.0,2872934.0
2021-01-19,Albania,68568.0,586.0,1287.0,6.0,23866.89,447.974,483.0,0.0,2872934.0
2021-01-20,Albania,69238.0,670.0,1291.0,4.0,24100.101,449.366,519.0,0.0,2872934.0
2021-01-21,Albania,69916.0,678.0,1296.0,5.0,24336.097,451.107,549.0,0.0,2872934.0
2021-01-22,Albania,70655.0,739.0,1303.0,7.0,24593.325,453.543,0.0,0.0,2872934.0
2021-01-23,Albania,71441.0,786.0,1310.0,7.0,24866.913,455.98,0.0,0.0,2872934.0
2021-01-24,Albania,72274.0,833.0,1315.0,5.0,25156.861,457.72,0.0,0.0,2872934.0
2021-01-25,Albania,72812.0,538.0,1324.0,9.0,25344.126,460.853,0.0,0.0,2872934.0
2021-01-26,Albania,73691.0,879.0,1332.0,8.0,25650.085,463.638,0.0,0.0,2872934.0
2021-01-27,Albania,74567.0,876.0,1339.0,7.0,25954.999,466.074,0.0,0.0,2872934.0
2021-01-28,Albania,75454.0,887.0,1350.0,11.0,26263.743,469.903,0.0,0.0,2872934.0
2021-01-29,Albania,76350.0,896.0,1358.0,8.0,26575.619,472.688,0.0,0.0,2872934.0
2021-01-30,Albania,77251.0,901.0,1369.0,11.0,26889.236,476.516,0.0,0.0,2872934.0
2021-01-31,Albania,78127.0,876.0,1380.0,11.0,27194.151,480.345,0.0,0.0,2872934.0
2021-02-01,Albania,78992.0,865.0,1393.0,13.0,27495.237,484.87,0.0,0.0,2872934.0
2021-02-02,Albania,79934.0,942.0,1398.0,5.0,27823.124,486.611,549.0,1.0,2872934.0
2021-02-03,Albania,80941.0,1007.0,1404.0,6.0,28173.637,488.699,0.0,0.0,2872934.0
2021-02-04,Albania,81993.0,1052.0,1418.0,14.0,28539.813,493.572,0.0,0.0,2872934.0
2021-02-05,Albania,83082.0,1089.0,1433.0,15.0,28918.868,498.793,0.0,0.0,2872934.0
2021-02-06,Albania,84212.0,1130.0,1446.0,13.0,29312.194,503.318,0.0,0.0,2872934.0
2021-02-07,Albania,85336.0,1124.0,1460.0,14.0,29703.432,508.191,0.0,0.0,2872934.0
2021-02-08,Albania,86289.0,953.0,1472.0,12.0,30035.149,512.368,0.0,0.0,2872934.0
2021-02-09,Albania,87528.0,1239.0,1488.0,16.0,30466.415,517.937,689.0,438.0,2872934.0
2021-02-10,Albania,88671.0,1143.0,1503.0,15.0,30864.266,523.159,0.0,0.0,2872934.0
2021-02-11,Albania,89776.0,1105.0,1517.0,14.0,31248.891,528.032,0.0,0.0,2872934.0
2021-02-12,Albania,90835.0,1059.0,1531.0,14.0,31617.503,532.905,0.0,0.0,2872934.0
2021-02-13,Albania,91987.0,1152.0,1543.0,12.0,32018.487,537.082,0.0,0.0,2872934.0
2021-02-14,Albania,93075.0,1088.0,1555.0,12.0,32397.194,541.259,0.0,0.0,2872934.0
2021-02-15,Albania,93850.0,775.0,1567.0,12.0,32666.953,545.435,0.0,0.0,2872934.0
2021-02-16,Albania,94651.0,801.0,1582.0,15.0,32945.762,550.657,0.0,0.0,2872934.0
2021-02-17,Albania,95726.0,1075.0,1600.0,18.0,33319.944,556.922,1090.0,611.0,2872934.0
2021-02-18,Albania,96838.0,1112.0,1617.0,17.0,33707.005,562.839,2438.0,611.0,2872934.0
2021-02-19,Albania,97909.0,1071.0,1636.0,19.0,34079.794,569.453,0.0,0.0,2872934.0
2021-02-20,Albania,99062.0,1153.0,1653.0,17.0,34481.126,575.37,0.0,0.0,2872934.0
2021-02-21,Albania,100246.0,1184.0,1666.0,13.0,34893.249,579.895,0.0,0.0,2872934.0
2021-02-22,Albania,101285.0,1039.0,1681.0,15.0,35254.9,585.116,6073.0,655.0,2872934.0
2021-02-23,Albania,102306.0,1021.0,1696.0,15.0,35610.286,590.337,0.0,0.0,2872934.0
2021-02-24,Albania,103327.0,1021.0,1715.0,19.0,35965.671,596.951,0.0,0.0,2872934.0
2021-02-25,Albania,104313.0,986.0,1736.0,21.0,36308.874,604.26,0.0,0.0,2872934.0
2021-02-26,Albania,105229.0,916.0,1756.0,20.0,36627.712,611.222,0.0,0.0,2872934.0
2021-02-27,Albania,106215.0,986.0,1775.0,19.0,36970.915,617.835,0.0,0.0,2872934.0
2021-02-28,Albania,107167.0,952.0,1796.0,21.0,37302.284,625.145,0.0,0.0,2872934.0
2021-03-01,Albania,107931.0,764.0,1816.0,20.0,37568.214,632.106,0.0,0.0,2872934.0
2021-03-02,Albania,108823.0,892.0,1835.0,19.0,37878.698,638.72,0.0,0.0,2872934.0
2021-03-03,Albania,109674.0,851.0,1856.0,21.0,38174.911,646.029,0.0,0.0,2872934.0
2021-03-04,Albania,110521.0,847.0,1876.0,20.0,38469.732,652.991,0.0,0.0,2872934.0
2021-03-05,Albania,111301.0,780.0,1897.0,21.0,38741.231,660.301,0.0,0.0,2872934.0
2021-03-06,Albania,112078.0,777.0,1918.0,21.0,39011.686,667.61,0.0,0.0,2872934.0
2021-03-07,Albania,112897.0,819.0,1939.0,21.0,39296.761,674.92,0.0,0.0,2872934.0
2021-03-08,Albania,113580.0,683.0,1956.0,17.0,39534.497,680.837,0.0,0.0,2872934.0
2021-03-09,Albania,114209.0,629.0,1969.0,13.0,39753.437,685.362,0.0,0.0,2872934.0
2021-03-10,Albania,114840.0,631.0,1986.0,17.0,39973.073,691.279,0.0,0.0,2872934.0
2021-03-11,Albania,115442.0,602.0,2002.0,16.0,40182.615,696.849,0.0,0.0,2872934.0
2021-03-12,Albania,116123.0,681.0,2018.0,16.0,40419.655,702.418,0.0,0.0,2872934.0
2021-03-13,Albania,116821.0,698.0,2030.0,12.0,40662.612,706.595,0.0,0.0,2872934.0
2021-03-14,Albania,117474.0,653.0,2045.0,15.0,40889.906,711.816,0.0,0.0,2872934.0
2021-03-15,Albania,118017.0,543.0,2060.0,15.0,41078.911,717.037,0.0,0.0,2872934.0
2021-03-16,Albania,118492.0,475.0,2077.0,17.0,41244.247,722.954,0.0,0.0,2872934.0
2021-03-17,Albania,118938.0,446.0,2092.0,15.0,41399.489,728.175,0.0,0.0,2872934.0
2021-03-18,Albania,119528.0,590.0,2106.0,14.0,41604.854,733.049,0.0,0.0,2872934.0
2021-03-19,Albania,120022.0,494.0,2122.0,16.0,41776.804,738.618,0.0,0.0,2872934.0
2021-03-20,Albania,120541.0,519.0,2133.0,11.0,41957.455,742.447,0.0,0.0,2872934.0
2021-03-21,Albania,121200.0,659.0,2137.0,4.0,42186.838,743.839,0.0,0.0,2872934.0
2021-03-22,Albania,121544.0,344.0,2145.0,8.0,42306.576,746.623,0.0,0.0,2872934.0
2021-03-23,Albania,121847.0,303.0,2156.0,11.0,42412.043,750.452,0.0,0.0,2872934.0
2021-03-24,Albania,122295.0,448.0,2171.0,15.0,42567.981,755.673,0.0,0.0,2872934.0
2021-03-25,Albania,122767.0,472.0,2184.0,13.0,42732.273,760.198,0.0,0.0,2872934.0
2021-03-26,Albania,123216.0,449.0,2192.0,8.0,42888.559,762.983,0.0,0.0,2872934.0
2021-03-27,Albania,123641.0,425.0,2204.0,12.0,43036.492,767.16,0.0,0.0,2872934.0
2021-03-28,Albania,124134.0,493.0,2210.0,6.0,43208.093,769.248,0.0,0.0,2872934.0
2021-03-29,Albania,124419.0,285.0,2216.0,6.0,43307.295,771.337,0.0,0.0,2872934.0
2021-03-30,Albania,124723.0,304.0,2227.0,11.0,43413.11,775.166,0.0,0.0,2872934.0
2021-03-31,Albania,125157.0,434.0,2235.0,8.0,43564.175,777.95,0.0,0.0,2872934.0
2021-04-01,Albania,125506.0,349.0,2241.0,6.0,43685.654,780.039,0.0,0.0,2872934.0
2021-04-02,Albania,125842.0,336.0,2247.0,6.0,43802.607,782.127,0.0,0.0,2872934.0
2021-04-03,Albania,126183.0,341.0,2256.0,9.0,43921.301,785.26,0.0,0.0,2872934.0
2021-04-04,Albania,126531.0,348.0,2265.0,9.0,44042.432,788.393,0.0,0.0,2872934.0
2021-04-05,Albania,126795.0,264.0,2274.0,9.0,44134.324,791.525,0.0,0.0,2872934.0
2021-04-06,Albania,126936.0,141.0,2283.0,9.0,44183.403,794.658,0.0,0.0,2872934.0
2021-04-07,Albania,127192.0,256.0,2291.0,8.0,44272.51,797.443,0.0,0.0,2872934.0
2021-04-08,Albania,127509.0,317.0,2297.0,6.0,44382.85,799.531,0.0,0.0,2872934.0
2021-04-09,Albania,127795.0,286.0,2304.0,7.0,44482.4,801.968,0.0,0.0,2872934.0
2021-04-10,Albania,128155.0,360.0,2310.0,6.0,44607.708,804.056,0.0,0.0,2872934.0
2021-04-11,Albania,128393.0,238.0,2317.0,7.0,44690.55,806.493,0.0,0.0,2872934.0
2021-04-12,Albania,128518.0,125.0,2321.0,4.0,44734.059,807.885,0.0,0.0,2872934.0
2021-04-13,Albania,128752.0,234.0,2326.0,5.0,44815.509,809.625,0.0,0.0,2872934.0
2021-04-14,Albania,128959.0,207.0,2331.0,5.0,44887.561,811.366,0.0,0.0,2872934.0
2021-04-15,Albania,129128.0,169.0,2335.0,4.0,44946.386,812.758,0.0,0.0,2872934.0
2021-04-16,Albania,129307.0,179.0,2337.0,2.0,45008.691,813.454,0.0,0.0,2872934.0
2021-04-17,Albania,129456.0,149.0,2340.0,3.0,45060.555,814.498,0.0,0.0,2872934.0
2021-04-18,Albania,129594.0,138.0,2342.0,2.0,45108.589,815.195,0.0,0.0,2872934.0
2021-04-19,Albania,129694.0,100.0,2347.0,5.0,45143.397,816.935,0.0,0.0,2872934.0
2021-04-20,Albania,129842.0,148.0,2353.0,6.0,45194.912,819.023,0.0,0.0,2872934.0
2021-04-21,Albania,129980.0,138.0,2358.0,5.0,45242.947,820.764,0.0,0.0,2872934.0
2021-04-22,Albania,130114.0,134.0,2364.0,6.0,45289.589,822.852,0.0,0.0,2872934.0
2021-04-23,Albania,130270.0,156.0,2367.0,3.0,45343.889,823.896,0.0,0.0,2872934.0
2021-04-24,Albania,130409.0,139.0,2372.0,5.0,45392.271,825.637,0.0,0.0,2872934.0
2021-04-25,Albania,130537.0,128.0,2378.0,6.0,45436.825,827.725,0.0,0.0,2872934.0
2021-04-26,Albania,130606.0,69.0,2379.0,1.0,45460.842,828.073,0.0,0.0,2872934.0
2021-04-27,Albania,130736.0,130.0,2383.0,4.0,45506.092,829.466,0.0,0.0,2872934.0
2021-04-28,Albania,130859.0,123.0,2386.0,3.0,45548.906,830.51,0.0,0.0,2872934.0
2021-04-29,Albania,130977.0,118.0,2389.0,3.0,45589.979,831.554,0.0,0.0,2872934.0
2021-04-30,Albania,131085.0,108.0,2394.0,5.0,45627.571,833.294,0.0,0.0,2872934.0
2021-05-01,Albania,131185.0,100.0,2396.0,2.0,45662.379,833.991,0.0,0.0,2872934.0
2021-05-02,Albania,131238.0,53.0,2397.0,1.0,45680.827,834.339,0.0,0.0,2872934.0
2021-05-03,Albania,131276.0,38.0,2399.0,2.0,45694.054,835.035,0.0,0.0,2872934.0
2021-05-04,Albania,131327.0,51.0,2402.0,3.0,45711.805,836.079,0.0,0.0,2872934.0
2021-05-05,Albania,131419.0,92.0,2403.0,1.0,45743.828,836.427,0.0,0.0,2872934.0
2021-05-06,Albania,131510.0,91.0,2406.0,3.0,45775.503,837.471,0.0,0.0,2872934.0
2021-05-07,Albania,131577.0,67.0,2408.0,2.0,45798.824,838.168,0.0,0.0,2872934.0
2021-05-08,Albania,131666.0,89.0,2411.0,3.0,45829.803,839.212,0.0,0.0,2872934.0
2021-05-09,Albania,131723.0,57.0,2412.0,1.0,45849.644,839.56,0.0,0.0,2872934.0
2021-05-10,Albania,131753.0,30.0,2416.0,4.0,45860.086,840.952,0.0,0.0,2872934.0
2021-05-11,Albania,131803.0,50.0,2420.0,4.0,45877.49,842.344,440921.0,181586.0,2872934.0
2021-05-12,Albania,131845.0,42.0,2423.0,3.0,45892.109,843.389,444755.0,187921.0,2872934.0
2021-05-13,Albania,131890.0,45.0,2426.0,3.0,45907.772,844.433,445402.0,192936.0,2872934.0
2021-05-14,Albania,131939.0,49.0,2427.0,1.0,45924.828,844.781,448571.0,204759.0,2872934.0
2021-05-15,Albania,131978.0,39.0,2429.0,2.0,45938.403,845.477,0.0,0.0,2872934.0
2021-05-16,Albania,132015.0,37.0,2432.0,3.0,45951.282,846.521,0.0,0.0,2872934.0
2021-05-17,Albania,132032.0,17.0,2435.0,3.0,45957.199,847.566,456980.0,223103.0,2872934.0
2021-05-18,Albania,132071.0,39.0,2436.0,1.0,45970.774,847.914,460191.0,228756.0,2872934.0
2021-05-19,Albania,132095.0,24.0,2438.0,2.0,45979.128,848.61,463402.0,234409.0,2872934.0
2021-05-20,Albania,132118.0,23.0,2440.0,2.0,45987.134,849.306,466083.0,237660.0,2872934.0
2021-05-21,Albania,132153.0,35.0,2441.0,1.0,45999.316,849.654,469169.0,239677.0,2872934.0
2021-05-22,Albania,132176.0,23.0,2442.0,1.0,46007.322,850.002,0.0,0.0,2872934.0
2021-05-23,Albania,132209.0,33.0,2444.0,2.0,46018.809,850.698,472840.0,243776.0,2872934.0
2021-05-24,Albania,132215.0,6.0,2445.0,1.0,46020.897,851.046,475237.0,249898.0,2872934.0
2021-05-25,Albania,132229.0,14.0,2447.0,2.0,46025.77,851.743,0.0,0.0,2872934.0
2021-05-26,Albania,132244.0,15.0,2447.0,0.0,46030.991,851.743,479789.0,269197.0,2872934.0
2021-05-27,Albania,132264.0,20.0,2447.0,0.0,46037.953,851.743,481788.0,277255.0,2872934.0
2021-05-28,Albania,132285.0,21.0,2448.0,1.0,46045.262,852.091,0.0,0.0,2872934.0
2021-05-29,Albania,132297.0,12.0,2449.0,1.0,46049.439,852.439,0.0,0.0,2872934.0
2021-05-30,Albania,132309.0,12.0,2450.0,1.0,46053.616,852.787,485162.0,287042.0,2872934.0
2021-05-31,Albania,132315.0,6.0,2451.0,1.0,46055.705,853.135,486128.0,290333.0,2872934.0
2021-06-01,Albania,132337.0,22.0,2451.0,0.0,46063.362,853.135,487078.0,293264.0,2872934.0
2021-06-02,Albania,132351.0,14.0,2451.0,0.0,46068.235,853.135,0.0,0.0,2872934.0
2021-06-03,Albania,132360.0,9.0,2451.0,0.0,46071.368,853.135,490050.0,297271.0,2872934.0
2021-06-04,Albania,132372.0,12.0,2451.0,0.0,46075.545,853.135,0.0,0.0,2872934.0
2021-06-05,Albania,132374.0,2.0,2451.0,0.0,46076.241,853.135,0.0,0.0,2872934.0
2021-06-06,Albania,132379.0,5.0,2451.0,0.0,46077.982,853.135,492522.0,306102.0,2872934.0
2021-06-07,Albania,132384.0,5.0,2452.0,1.0,46079.722,853.483,493346.0,310336.0,2872934.0
2021-06-08,Albania,132397.0,13.0,2452.0,0.0,46084.247,853.483,494437.0,315555.0,2872934.0
2021-06-09,Albania,132415.0,18.0,2452.0,0.0,46090.512,853.483,496024.0,320532.0,2872934.0
2021-06-10,Albania,132426.0,11.0,2452.0,0.0,46094.341,853.483,498437.0,324616.0,2872934.0
2021-06-11,Albania,132437.0,11.0,2453.0,1.0,46098.17,853.831,501735.0,328546.0,2872934.0
2021-06-12,Albania,132449.0,12.0,2453.0,0.0,46102.347,853.831,503721.0,331147.0,2872934.0
2021-06-13,Albania,132459.0,10.0,2453.0,0.0,46105.828,853.831,504257.0,332173.0,2872934.0
2021-06-14,Albania,132461.0,2.0,2453.0,0.0,46106.524,853.831,507764.0,334771.0,2872934.0
2021-06-15,Albania,132469.0,8.0,2454.0,1.0,46109.308,854.179,507854.0,340576.0,2872934.0
2021-06-16,Albania,132476.0,7.0,2454.0,0.0,46111.745,854.179,509282.0,344945.0,2872934.0
2021-06-17,Albania,132481.0,5.0,2454.0,0.0,46113.485,854.179,511175.0,351453.0,2872934.0
2021-06-18,Albania,132484.0,3.0,2454.0,0.0,46114.53,854.179,0.0,0.0,2872934.0
2021-06-19,Albania,132488.0,4.0,2454.0,0.0,46115.922,854.179,0.0,0.0,2872934.0
2021-06-20,Albania,132490.0,2.0,2454.0,0.0,46116.618,854.179,515884.0,365028.0,2872934.0
2021-06-21,Albania,132490.0,0.0,2454.0,0.0,46116.618,854.179,519674.0,370378.0,2872934.0
2021-06-22,Albania,132496.0,6.0,2455.0,1.0,46118.707,854.527,525800.0,375629.0,2872934.0
2021-06-23,Albania,132497.0,1.0,2455.0,0.0,46119.055,854.527,532225.0,380649.0,2872934.0
2021-06-24,Albania,132499.0,2.0,2455.0,0.0,46119.751,854.527,537018.0,385868.0,2872934.0
2021-06-25,Albania,132506.0,7.0,2455.0,0.0,46122.187,854.527,0.0,0.0,2872934.0
2021-06-26,Albania,132509.0,3.0,2456.0,1.0,46123.232,854.875,0.0,0.0,2872934.0
2021-06-27,Albania,132512.0,3.0,2456.0,0.0,46124.276,854.875,0.0,0.0,2872934.0
2021-06-28,Albania,132513.0,1.0,2456.0,0.0,46124.624,854.875,547300.0,396139.0,2872934.0
2021-06-29,Albania,132514.0,1.0,2456.0,0.0,46124.972,854.875,556252.0,399246.0,2872934.0
2021-06-30,Albania,132521.0,7.0,2456.0,0.0,46127.408,854.875,564530.0,403504.0,2872934.0
2021-07-01,Albania,132523.0,2.0,2456.0,0.0,46128.105,854.875,567084.0,407402.0,2872934.0
2021-07-02,Albania,132526.0,3.0,2456.0,0.0,46129.149,854.875,569352.0,412147.0,2872934.0
2021-07-03,Albania,132534.0,8.0,2456.0,0.0,46131.933,854.875,0.0,0.0,2872934.0
2021-07-04,Albania,132535.0,1.0,2456.0,0.0,46132.281,854.875,571759.0,416791.0,2872934.0
2021-07-05,Albania,132537.0,2.0,2456.0,0.0,46132.978,854.875,574187.0,419894.0,2872934.0
2021-07-06,Albania,132544.0,7.0,2456.0,0.0,46135.414,854.875,576905.0,423158.0,2872934.0
2021-07-07,Albania,132557.0,13.0,2456.0,0.0,46139.939,854.875,579552.0,426111.0,2872934.0
2021-07-08,Albania,132565.0,8.0,2456.0,0.0,46142.724,854.875,582106.0,429191.0,2872934.0
2021-07-09,Albania,132580.0,15.0,2456.0,0.0,46147.945,854.875,584832.0,431722.0,2872934.0
2021-07-10,Albania,132587.0,7.0,2456.0,0.0,46150.381,854.875,587238.0,434170.0,2872934.0
2021-07-11,Albania,132592.0,5.0,2456.0,0.0,46152.122,854.875,587876.0,434926.0,2872934.0
2021-07-12,Albania,132597.0,5.0,2456.0,0.0,46153.862,854.875,590476.0,438758.0,2872934.0
2021-07-13,Albania,132608.0,11.0,2456.0,0.0,46157.691,854.875,592502.0,443165.0,2872934.0
2021-07-14,Albania,132616.0,8.0,2456.0,0.0,46160.476,854.875,594669.0,448830.0,2872934.0
2021-07-15,Albania,132629.0,13.0,2456.0,0.0,46165.001,854.875,596977.0,455131.0,2872934.0
2021-07-16,Albania,132647.0,18.0,2456.0,0.0,46171.266,854.875,599387.0,460655.0,2872934.0
2021-07-17,Albania,132665.0,18.0,2456.0,0.0,46177.531,854.875,601701.0,465434.0,2872934.0
2021-07-18,Albania,132686.0,21.0,2456.0,0.0,46184.841,854.875,602460.0,466905.0,2872934.0
2021-07-19,Albania,132697.0,11.0,2456.0,0.0,46188.67,854.875,0.0,0.0,2872934.0
2021-07-20,Albania,132740.0,43.0,2456.0,0.0,46203.637,854.875,609538.0,472886.0,2872934.0
2021-07-21,Albania,132763.0,23.0,2456.0,0.0,46211.643,854.875,616592.0,478861.0,2872934.0
2021-07-22,Albania,132797.0,34.0,2456.0,0.0,46223.477,854.875,624490.0,485295.0,2872934.0
2021-07-23,Albania,132828.0,31.0,2456.0,0.0,46234.268,854.875,0.0,0.0,2872934.0
2021-07-24,Albania,132853.0,25.0,2456.0,0.0,46242.97,854.875,0.0,0.0,2872934.0
2021-07-25,Albania,132875.0,22.0,2456.0,0.0,46250.627,854.875,640047.0,498724.0,2872934.0
2021-07-26,Albania,132891.0,16.0,2456.0,0.0,46256.197,854.875,0.0,0.0,2872934.0
2021-07-27,Albania,132922.0,31.0,2456.0,0.0,46266.987,854.875,0.0,0.0,2872934.0
2021-07-28,Albania,132952.0,30.0,2457.0,1.0,46277.429,855.223,0.0,0.0,2872934.0
2021-07-29,Albania,132999.0,47.0,2457.0,0.0,46293.789,855.223,660756.0,519013.0,2872934.0
2021-07-30,Albania,133036.0,37.0,2457.0,0.0,46306.668,855.223,665632.0,525215.0,2872934.0
2021-07-31,Albania,133081.0,45.0,2457.0,0.0,46322.331,855.223,670215.0,528718.0,2872934.0
2021-08-01,Albania,133121.0,40.0,2457.0,0.0,46336.254,855.223,672765.0,530322.0,2872934.0
2021-08-02,Albania,133146.0,25.0,2457.0,0.0,46344.956,855.223,677938.0,534823.0,2872934.0
2021-08-03,Albania,133211.0,65.0,2457.0,0.0,46367.581,855.223,683052.0,538588.0,2872934.0
2021-08-04,Albania,133310.0,99.0,2457.0,0.0,46402.041,855.223,687768.0,541637.0,2872934.0
2021-08-05,Albania,133442.0,132.0,2457.0,0.0,46447.987,855.223,693000.0,545036.0,2872934.0
2021-08-06,Albania,133591.0,149.0,2458.0,1.0,46499.85,855.571,0.0,0.0,2872934.0
2021-08-07,Albania,133730.0,139.0,2459.0,1.0,46548.233,855.919,0.0,0.0,2872934.0
2021-08-08,Albania,133912.0,182.0,2459.0,0.0,46611.582,855.919,706470.0,553482.0,2872934.0
2021-08-09,Albania,133981.0,69.0,2460.0,1.0,46635.6,856.267,0.0,0.0,2872934.0
2021-08-10,Albania,134201.0,220.0,2460.0,0.0,46712.176,856.267,720232.0,560007.0,2872934.0
2021-08-11,Albania,134487.0,286.0,2460.0,0.0,46811.726,856.267,0.0,0.0,2872934.0
2021-08-12,Albania,134761.0,274.0,2460.0,0.0,46907.099,856.267,0.0,0.0,2872934.0
2021-08-13,Albania,135140.0,379.0,2461.0,1.0,47039.02,856.616,742540.0,567455.0,2872934.0
2021-08-14,Albania,135550.0,410.0,2463.0,2.0,47181.731,857.312,0.0,0.0,2872934.0
2021-08-15,Albania,135947.0,397.0,2464.0,1.0,47319.918,857.66,750965.0,570233.0,2872934.0
2021-08-16,Albania,136147.0,200.0,2466.0,2.0,47389.533,858.356,757938.0,572816.0,2872934.0
2021-08-17,Albania,136598.0,451.0,2468.0,2.0,47546.515,859.052,764997.0,575342.0,2872934.0
2021-08-18,Albania,137075.0,477.0,2471.0,3.0,47712.548,860.096,0.0,0.0,2872934.0
2021-08-19,Albania,137597.0,522.0,2473.0,2.0,47894.243,860.792,776986.0,581242.0,2872934.0
2021-08-20,Albania,138132.0,535.0,2475.0,2.0,48080.464,861.489,0.0,0.0,2872934.0
2021-08-21,Albania,138790.0,658.0,2477.0,2.0,48309.498,862.185,785724.0,587625.0,2872934.0
2021-08-22,Albania,139324.0,534.0,2478.0,1.0,48495.371,862.533,787510.0,589253.0,2872934.0
2021-08-23,Albania,139721.0,397.0,2478.0,0.0,48633.557,862.533,792663.0,594050.0,2872934.0
2021-08-24,Albania,140521.0,800.0,2480.0,2.0,48912.018,863.229,797441.0,598949.0,2872934.0
2021-08-25,Albania,141365.0,844.0,2483.0,3.0,49205.794,864.273,802394.0,603259.0,2872934.0
2021-08-26,Albania,142253.0,888.0,2486.0,3.0,49514.886,865.317,807368.0,608539.0,2872934.0
2021-08-27,Albania,143174.0,921.0,2487.0,1.0,49835.464,865.666,812555.0,615422.0,2872934.0
2021-08-28,Albania,144079.0,905.0,2490.0,3.0,50150.473,866.71,0.0,0.0,2872934.0
2021-08-29,Albania,144847.0,768.0,2492.0,2.0,50417.796,867.406,818955.0,625809.0,2872934.0
2021-08-30,Albania,145333.0,486.0,2495.0,3.0,50586.961,868.45,824170.0,633878.0,2872934.0
2021-08-31,Albania,146387.0,1054.0,2498.0,3.0,50953.833,869.494,830396.0,641920.0,2872934.0
2021-09-01,Albania,147369.0,982.0,2501.0,3.0,51295.644,870.539,836613.0,648637.0,2872934.0
2021-09-02,Albania,148222.0,853.0,2505.0,4.0,51592.553,871.931,844304.0,655594.0,2872934.0
2021-09-03,Albania,149117.0,895.0,2508.0,3.0,51904.081,872.975,0.0,0.0,2872934.0
2021-09-04,Albania,150101.0,984.0,2512.0,4.0,52246.588,874.367,0.0,0.0,2872934.0
2021-09-05,Albania,150997.0,896.0,2515.0,3.0,52558.465,875.412,0.0,0.0,2872934.0
2021-09-06,Albania,151499.0,502.0,2519.0,4.0,52733.199,876.804,865281.0,673951.0,2872934.0
2021-09-07,Albania,152239.0,740.0,2523.0,4.0,52990.775,878.196,872116.0,681510.0,2872934.0
2021-09-08,Albania,153318.0,1079.0,2528.0,5.0,53366.35,879.937,879459.0,687854.0,2872934.0
2021-09-09,Albania,154316.0,998.0,2531.0,3.0,53713.73,880.981,885981.0,693421.0,2872934.0
2021-09-10,Albania,155293.0,977.0,2535.0,4.0,54053.8,882.373,890978.0,698597.0,2872934.0
2021-09-11,Albania,156162.0,869.0,2539.0,4.0,54356.278,883.766,895363.0,702833.0,2872934.0
2021-09-12,Albania,157026.0,864.0,2543.0,4.0,54657.016,885.158,896926.0,704626.0,2872934.0
2021-09-13,Albania,157436.0,410.0,2548.0,5.0,54799.727,886.898,900814.0,709343.0,2872934.0
2021-09-14,Albania,158431.0,995.0,2553.0,5.0,55146.063,888.639,904594.0,713517.0,2872934.0
2021-09-15,Albania,159423.0,992.0,2557.0,4.0,55491.355,890.031,908232.0,717404.0,2872934.0
2021-09-16,Albania,160365.0,942.0,2563.0,6.0,55819.243,892.119,911372.0,721614.0,2872934.0
2021-09-17,Albania,161324.0,959.0,2569.0,6.0,56153.048,894.208,914401.0,725838.0,2872934.0
2021-09-18,Albania,162173.0,849.0,2574.0,5.0,56448.564,895.948,0.0,0.0,2872934.0
2021-09-19,Albania,162953.0,780.0,2580.0,6.0,56720.064,898.037,918307.0,731577.0,2872934.0
2021-09-20,Albania,163404.0,451.0,2587.0,7.0,56877.046,900.473,921001.0,736594.0,2872934.0
2021-09-21,Albania,164276.0,872.0,2594.0,7.0,57180.569,902.91,923771.0,741819.0,2872934.0
2021-09-22,Albania,165096.0,820.0,2601.0,7.0,57465.991,905.346,926652.0,747441.0,2872934.0
2021-09-23,Albania,165864.0,768.0,2609.0,8.0,57733.314,908.131,929624.0,754020.0,2872934.0
2021-09-24,Albania,166690.0,826.0,2619.0,10.0,58020.825,911.612,932595.0,760960.0,2872934.0
2021-09-25,Albania,167354.0,664.0,2629.0,10.0,58251.947,915.092,0.0,0.0,2872934.0
2021-09-26,Albania,167893.0,539.0,2640.0,11.0,58439.56,918.921,0.0,0.0,2872934.0
2021-09-27,Albania,168188.0,295.0,2653.0,13.0,58542.243,923.446,938985.0,776148.0,2872934.0
2021-09-28,Albania,168782.0,594.0,2668.0,15.0,58749.0,928.667,941418.0,782578.0,2872934.0
2021-09-29,Albania,169462.0,680.0,2685.0,17.0,58985.692,934.585,944011.0,788538.0,2872934.0
2021-09-30,Albania,170131.0,669.0,2698.0,13.0,59218.555,939.11,946495.0,794878.0,2872934.0
2021-10-01,Albania,170778.0,647.0,2705.0,7.0,59443.76,941.546,948553.0,800553.0,2872934.0
2021-10-02,Albania,171327.0,549.0,2710.0,5.0,59634.854,943.287,950620.0,805420.0,2872934.0
2021-10-03,Albania,171794.0,467.0,2713.0,3.0,59797.406,944.331,0.0,0.0,2872934.0
2021-10-04,Albania,171794.0,0.0,2713.0,0.0,59797.406,944.331,952949.0,811765.0,2872934.0
2021-10-05,Albania,172618.0,824.0,2725.0,12.0,60084.221,948.508,955083.0,816459.0,2872934.0
2021-10-06,Albania,173190.0,572.0,2734.0,9.0,60283.32,951.64,957147.0,820946.0,2872934.0
2021-10-07,Albania,173723.0,533.0,2746.0,12.0,60468.845,955.817,958874.0,825110.0,2872934.0
2021-10-08,Albania,174168.0,445.0,2753.0,7.0,60623.739,958.254,960652.0,828940.0,2872934.0
2021-10-09,Albania,174643.0,475.0,2759.0,6.0,60789.075,960.342,962281.0,833070.0,2872934.0
2021-10-10,Albania,174968.0,325.0,2768.0,9.0,60902.2,963.475,0.0,0.0,2872934.0
2021-10-11,Albania,175163.0,195.0,2777.0,9.0,60970.074,966.608,0.0,834469.0,2872934.0
2021-10-12,Albania,175664.0,501.0,2783.0,6.0,61144.461,968.696,968117.0,842316.0,2872934.0
2021-10-13,Albania,176172.0,508.0,2788.0,5.0,61321.283,970.436,970703.0,845877.0,2872934.0
2021-10-14,Albania,176667.0,495.0,2797.0,9.0,61493.581,973.569,0.0,0.0,2872934.0
2021-10-15,Albania,177108.0,441.0,2807.0,10.0,61647.083,977.05,0.0,0.0,2872934.0
2021-10-16,Albania,177536.0,428.0,2810.0,3.0,61796.059,978.094,0.0,0.0,2872934.0
2021-10-17,Albania,177971.0,435.0,2820.0,10.0,61947.473,981.575,979655.0,857201.0,2872934.0
2021-10-18,Albania,178188.0,217.0,2829.0,9.0,62023.005,984.708,982467.0,860194.0,2872934.0
2021-10-19,Albania,178804.0,616.0,2841.0,12.0,62237.42,988.885,985320.0,863314.0,2872934.0
2021-10-20,Albania,179463.0,659.0,2849.0,8.0,62466.802,991.669,988414.0,866201.0,2872934.0
2021-10-21,Albania,180029.0,566.0,2855.0,6.0,62663.813,993.758,991371.0,868964.0,2872934.0
2021-10-22,Albania,180623.0,594.0,2863.0,8.0,62870.571,996.542,994446.0,871496.0,2872934.0
2021-10-23,Albania,181252.0,629.0,2870.0,7.0,63089.511,998.979,0.0,0.0,2872934.0
2021-10-24,Albania,181696.0,444.0,2874.0,4.0,63244.056,1000.371,998130.0,875773.0,2872934.0
2021-10-25,Albania,181960.0,264.0,2880.0,6.0,63335.949,1002.46,1000993.0,878398.0,2872934.0
2021-10-26,Albania,182610.0,650.0,2888.0,8.0,63562.198,1005.244,0.0,0.0,2872934.0
2021-10-27,Albania,183282.0,672.0,2893.0,5.0,63796.105,1006.984,1007734.0,883307.0,2872934.0
2021-10-28,Albania,183873.0,591.0,2902.0,9.0,64001.818,1010.117,1011039.0,885613.0,2872934.0
2021-10-29,Albania,184340.0,467.0,2909.0,7.0,64164.37,1012.554,1013959.0,887865.0,2872934.0
2021-10-30,Albania,184887.0,547.0,2916.0,7.0,64354.768,1014.99,0.0,0.0,2872934.0
2021-10-31,Albania,185300.0,413.0,2924.0,8.0,64498.523,1017.775,0.0,0.0,2872934.0
2021-11-01,Albania,185497.0,197.0,2931.0,7.0,64567.094,1020.211,1018154.0,891707.0,2872934.0
2021-11-02,Albania,186222.0,725.0,2937.0,6.0,64819.449,1022.3,0.0,0.0,2872934.0
2021-11-03,Albania,186793.0,571.0,2940.0,3.0,65018.201,1023.344,1025180.0,898625.0,2872934.0
2021-11-04,Albania,187363.0,570.0,2944.0,4.0,65216.604,1024.736,0.0,0.0,2872934.0
2021-11-05,Albania,187994.0,631.0,2948.0,4.0,65436.24,1026.129,0.0,0.0,2872934.0
2021-11-06,Albania,187994.0,0.0,2948.0,0.0,65436.24,1026.129,1031588.0,904858.0,2872934.0
2021-11-07,Albania,189125.0,1131.0,2955.0,7.0,65829.915,1028.565,1032457.0,905876.0,2872934.0
2021-11-08,Albania,189355.0,230.0,2966.0,11.0,65909.972,1032.394,0.0,0.0,2872934.0
2021-11-09,Albania,190125.0,770.0,2970.0,4.0,66177.991,1033.786,1037546.0,910845.0,2872934.0
2021-11-10,Albania,190815.0,690.0,2975.0,5.0,66418.163,1035.527,1040015.0,913524.0,2872934.0
2021-11-11,Albania,191440.0,625.0,2978.0,3.0,66635.711,1036.571,1042227.0,916432.0,2872934.0
2021-11-12,Albania,192013.0,573.0,2983.0,5.0,66835.159,1038.311,0.0,0.0,2872934.0
2021-11-13,Albania,192600.0,587.0,2986.0,3.0,67039.48,1039.356,0.0,0.0,2872934.0
2021-11-14,Albania,193075.0,475.0,2990.0,4.0,67204.816,1040.748,1047822.0,924194.0,2872934.0
2021-11-15,Albania,193269.0,194.0,2997.0,7.0,67272.342,1043.184,0.0,0.0,2872934.0
2021-11-16,Albania,193856.0,587.0,3004.0,7.0,67476.663,1045.621,1051540.0,930527.0,2872934.0
2021-11-17,Albania,194472.0,616.0,3014.0,10.0,67691.078,1049.102,1053553.0,933630.0,2872934.0
2021-11-18,Albania,195021.0,549.0,3022.0,8.0,67882.172,1051.886,1055690.0,936539.0,2872934.0
2021-11-19,Albania,195523.0,502.0,3029.0,7.0,68056.906,1054.323,0.0,0.0,2872934.0
2021-11-20,Albania,195988.0,465.0,3035.0,6.0,68218.762,1056.411,0.0,0.0,2872934.0
2021-11-21,Albania,195988.0,0.0,3035.0,0.0,68218.762,1056.411,1059927.0,942903.0,2872934.0
2021-11-22,Albania,196611.0,623.0,3049.0,14.0,68435.613,1061.284,0.0,0.0,2872934.0
2021-11-23,Albania,197167.0,556.0,3053.0,4.0,68629.144,1062.677,0.0,0.0,2872934.0
2021-11-24,Albania,197776.0,609.0,3063.0,10.0,68841.122,1066.157,1065961.0,951371.0,2872934.0
2021-11-25,Albania,198292.0,516.0,3068.0,5.0,69020.729,1067.898,1067769.0,953489.0,2872934.0
2021-11-26,Albania,198732.0,440.0,3077.0,9.0,69173.883,1071.031,0.0,0.0,2872934.0
2021-11-27,Albania,199137.0,405.0,3085.0,8.0,69314.854,1073.815,0.0,0.0,2872934.0
2021-11-28,Albania,199555.0,418.0,3089.0,4.0,69460.35,1075.207,1071871.0,959555.0,2872934.0
2021-11-29,Albania,199750.0,195.0,3092.0,3.0,69528.224,1076.252,0.0,0.0,2872934.0
2021-11-30,Albania,199945.0,195.0,3096.0,4.0,69596.099,1077.644,1072645.0,961013.0,2872934.0
2021-12-01,Albania,200173.0,228.0,3101.0,5.0,69675.461,1079.384,1075332.0,965964.0,2872934.0
2021-12-02,Albania,200639.0,466.0,3104.0,3.0,69837.664,1080.429,0.0,0.0,2872934.0
2021-12-03,Albania,201045.0,406.0,3108.0,4.0,69978.983,1081.821,1080490.0,971974.0,2872934.0
2021-12-04,Albania,201402.0,357.0,3109.0,1.0,70103.246,1082.169,0.0,0.0,2872934.0
2021-12-05,Albania,201730.0,328.0,3110.0,1.0,70217.415,1082.517,1084071.0,975573.0,2872934.0
2021-12-06,Albania,201902.0,172.0,3115.0,5.0,70277.284,1084.257,1087187.0,978333.0,2872934.0
2021-12-07,Albania,202295.0,393.0,3122.0,7.0,70414.078,1086.694,1090591.0,981170.0,2872934.0
2021-12-08,Albania,202641.0,346.0,3126.0,4.0,70534.513,1088.086,1092316.0,982658.0,2872934.0
2021-12-09,Albania,202863.0,222.0,3128.0,2.0,70611.786,1088.782,0.0,0.0,2872934.0
2021-12-10,Albania,203215.0,352.0,3130.0,2.0,70734.309,1089.479,0.0,0.0,2872934.0
2021-12-11,Albania,203524.0,309.0,3132.0,2.0,70841.864,1090.175,0.0,0.0,2872934.0
2021-12-12,Albania,203787.0,263.0,3134.0,2.0,70933.408,1090.871,1102621.0,992353.0,2872934.0
2021-12-13,Albania,203925.0,138.0,3140.0,6.0,70981.443,1092.959,1105501.0,995500.0,2872934.0
2021-12-14,Albania,204301.0,376.0,3144.0,4.0,71112.319,1094.352,1108572.0,998326.0,2872934.0
2021-12-15,Albania,204627.0,326.0,3152.0,8.0,71225.792,1097.136,1111494.0,1001189.0,2872934.0
2021-12-16,Albania,204928.0,301.0,3156.0,4.0,71330.563,1098.529,0.0,0.0,2872934.0
2021-12-17,Albania,205224.0,296.0,3158.0,2.0,71433.594,1099.225,0.0,0.0,2872934.0
2021-12-18,Albania,205549.0,325.0,3161.0,3.0,71546.718,1100.269,1119430.0,1008465.0,2872934.0
2021-12-19,Albania,205777.0,228.0,3166.0,5.0,71626.08,1102.009,0.0,0.0,2872934.0
2021-12-20,Albania,205897.0,120.0,3172.0,6.0,71667.849,1104.098,0.0,0.0,2872934.0
2021-12-21,Albania,206273.0,376.0,3178.0,6.0,71798.726,1106.186,1126181.0,1013806.0,2872934.0
2021-12-22,Albania,206616.0,343.0,3180.0,2.0,71918.116,1106.882,0.0,0.0,2872934.0
2021-12-23,Albania,206935.0,319.0,3181.0,1.0,72029.152,1107.23,1131547.0,1018549.0,2872934.0
2021-12-24,Albania,207221.0,286.0,3187.0,6.0,72128.702,1109.319,0.0,0.0,2872934.0
2021-12-25,Albania,207542.0,321.0,3189.0,2.0,72240.434,1110.015,0.0,0.0,2872934.0
2021-12-26,Albania,207709.0,167.0,3194.0,5.0,72298.563,1111.755,0.0,0.0,2872934.0
2021-12-27,Albania,207709.0,0.0,3194.0,0.0,72298.563,1111.755,0.0,0.0,2872934.0
2021-12-28,Albania,208352.0,643.0,3207.0,13.0,72522.376,1116.28,1141486.0,1031132.0,2872934.0
2021-12-29,Albania,208899.0,547.0,3212.0,5.0,72712.774,1118.021,0.0,0.0,2872934.0
2021-12-30,Albania,208899.0,0.0,3212.0,0.0,72712.774,1118.021,0.0,0.0,2872934.0
2021-12-31,Albania,210224.0,1325.0,3217.0,5.0,73173.975,1119.761,0.0,0.0,2872934.0
2022-01-01,Albania,210224.0,0.0,3217.0,0.0,73173.975,1119.761,0.0,0.0,2872934.0
2022-01-02,Albania,210885.0,661.0,3220.0,3.0,73404.053,1120.805,0.0,0.0,2872934.0
2022-01-03,Albania,210885.0,0.0,3220.0,0.0,73404.053,1120.805,0.0,0.0,2872934.0
2022-01-04,Albania,212021.0,1136.0,3224.0,4.0,73799.468,1122.198,1155638.0,1049525.0,2872934.0
2022-01-05,Albania,212021.0,0.0,3224.0,0.0,73799.468,1122.198,1160648.0,1053236.0,2872934.0
2022-01-06,Albania,213257.0,1236.0,3228.0,4.0,74229.69,1123.59,0.0,0.0,2872934.0
2022-01-07,Albania,214905.0,1648.0,3233.0,5.0,74803.32,1125.33,0.0,0.0,2872934.0
2022-01-08,Albania,214905.0,0.0,3233.0,0.0,74803.32,1125.33,1175177.0,1060267.0,2872934.0
2022-01-09,Albania,219694.0,4789.0,3240.0,7.0,76470.257,1127.767,0.0,0.0,2872934.0
2022-01-10,Albania,220487.0,793.0,3241.0,1.0,76746.281,1128.115,1179912.0,1064297.0,2872934.0
2022-01-11,Albania,222664.0,2177.0,3247.0,6.0,77504.043,1130.203,1183130.0,1067328.0,2872934.0
2022-01-12,Albania,224569.0,1905.0,3253.0,6.0,78167.128,1132.292,0.0,0.0,2872934.0
2022-01-13,Albania,226598.0,2029.0,3255.0,2.0,78873.375,1132.988,0.0,0.0,2872934.0
2022-01-14,Albania,228777.0,2179.0,3262.0,7.0,79631.833,1135.425,0.0,0.0,2872934.0
2022-01-15,Albania,230940.0,2163.0,3265.0,3.0,80384.722,1136.469,0.0,0.0,2872934.0
2022-01-16,Albania,232637.0,1697.0,3269.0,4.0,80975.407,1137.861,0.0,0.0,2872934.0
2022-01-17,Albania,233654.0,1017.0,3271.0,2.0,81329.401,1138.557,0.0,0.0,2872934.0
2022-01-18,Albania,236486.0,2832.0,3277.0,6.0,82315.152,1140.646,0.0,0.0,2872934.0
2022-01-19,Albania,239129.0,2643.0,3283.0,6.0,83235.118,1142.734,0.0,0.0,2872934.0
2022-01-20,Albania,241512.0,2383.0,3286.0,3.0,84064.583,1143.778,0.0,0.0,2872934.0
2022-01-21,Albania,244182.0,2670.0,3292.0,6.0,84993.947,1145.867,0.0,0.0,2872934.0
2022-01-22,Albania,246412.0,2230.0,3297.0,5.0,85770.157,1147.607,0.0,0.0,2872934.0
2022-01-23,Albania,248070.0,1658.0,3305.0,8.0,86347.267,1150.392,0.0,0.0,2872934.0
2022-01-24,Albania,248070.0,0.0,3305.0,0.0,86347.267,1150.392,0.0,0.0,2872934.0
2022-01-25,Albania,248859.0,789.0,3312.0,7.0,86621.899,1152.828,0.0,0.0,2872934.0
2022-01-26,Albania,251015.0,2156.0,3317.0,5.0,87372.352,1154.569,0.0,0.0,2872934.0
2022-01-27,Albania,252577.0,1562.0,3323.0,6.0,87916.047,1156.657,0.0,0.0,2872934.0
2022-01-28,Albania,254126.0,1549.0,3329.0,6.0,88455.217,1158.746,0.0,0.0,2872934.0
2022-01-29,Albania,254126.0,0.0,3329.0,0.0,88455.217,1158.746,0.0,0.0,2872934.0
2022-01-30,Albania,255741.0,1615.0,3334.0,5.0,89017.36,1160.486,1210040.0,1111520.0,2872934.0
2022-01-31,Albania,258543.0,2802.0,3346.0,12.0,89992.67,1164.663,0.0,0.0,2872934.0
2022-02-01,Albania,258543.0,0.0,3346.0,0.0,89992.67,1164.663,1250672.0,1156751.0,2872934.0
2022-02-02,Albania,261240.0,2697.0,3362.0,16.0,90931.431,1170.232,0.0,0.0,2872934.0
2022-02-03,Albania,261240.0,0.0,3362.0,0.0,90931.431,1170.232,0.0,0.0,2872934.0
2022-02-04,Albania,263172.0,1932.0,3371.0,9.0,91603.914,1173.365,0.0,0.0,2872934.0
2022-02-05,Albania,263172.0,0.0,3371.0,0.0,91603.914,1173.365,0.0,0.0,2872934.0
2022-02-06,Albania,264624.0,1452.0,3380.0,9.0,92109.321,1176.498,1255350.0,1166963.0,2872934.0
2022-02-07,Albania,264875.0,251.0,3387.0,7.0,92196.688,1178.934,1256409.0,1169470.0,2872934.0
2022-02-08,Albania,265716.0,841.0,3393.0,6.0,92489.42,1181.023,0.0,0.0,2872934.0
2022-02-09,Albania,266416.0,700.0,3399.0,6.0,92733.074,1183.111,0.0,0.0,2872934.0
2022-02-10,Albania,267020.0,604.0,3402.0,3.0,92943.312,1184.155,0.0,0.0,2872934.0
2022-02-11,Albania,267020.0,0.0,3402.0,0.0,92943.312,1184.155,0.0,0.0,2872934.0
2022-02-12,Albania,267551.0,531.0,3407.0,5.0,93128.14,1185.896,0.0,0.0,2872934.0
2022-02-13,Albania,268008.0,457.0,3410.0,3.0,93287.211,1186.94,1261189.0,1179476.0,2872934.0
2022-02-14,Albania,268304.0,296.0,3414.0,4.0,93390.241,1188.332,1262067.0,1181246.0,2872934.0
2022-02-15,Albania,268491.0,187.0,3420.0,6.0,93455.332,1190.421,1262935.0,1182883.0,2872934.0
2022-02-16,Albania,268940.0,449.0,3423.0,3.0,93611.618,1191.465,1263745.0,1184292.0,2872934.0
2022-02-17,Albania,269301.0,361.0,3430.0,7.0,93737.273,1193.901,0.0,0.0,2872934.0
2022-02-18,Albania,269601.0,300.0,3432.0,2.0,93841.696,1194.598,0.0,0.0,2872934.0
2022-02-19,Albania,269904.0,303.0,3433.0,1.0,93947.163,1194.946,0.0,0.0,2872934.0
2022-02-20,Albania,270164.0,260.0,3438.0,5.0,94037.663,1196.686,1265923.0,1188503.0,2872934.0
2022-02-21,Albania,270370.0,206.0,3445.0,7.0,94109.367,1199.123,0.0,0.0,2872934.0
2022-02-22,Albania,270455.0,85.0,3451.0,6.0,94138.953,1201.211,0.0,0.0,2872934.0
2022-02-23,Albania,270734.0,279.0,3453.0,2.0,94236.067,1201.907,0.0,0.0,2872934.0
2022-02-24,Albania,270947.0,213.0,3457.0,4.0,94310.207,1203.299,0.0,0.0,2872934.0
2022-02-25,Albania,271141.0,194.0,3458.0,1.0,94377.734,1203.648,0.0,0.0,2872934.0
2022-02-26,Albania,271141.0,0.0,3458.0,0.0,94377.734,1203.648,0.0,0.0,2872934.0
2022-02-27,Albania,271527.0,386.0,3464.0,6.0,94512.091,1205.736,1269746.0,1196277.0,2872934.0
2022-02-28,Albania,271563.0,36.0,3469.0,5.0,94524.622,1207.476,0.0,0.0,2872934.0
2022-03-01,Albania,271702.0,139.0,3472.0,3.0,94573.004,1208.521,1270745.0,1198759.0,2872934.0
2022-03-02,Albania,271825.0,123.0,3474.0,2.0,94615.818,1209.217,0.0,0.0,2872934.0
2022-03-03,Albania,271825.0,0.0,3474.0,0.0,94615.818,1209.217,0.0,0.0,2872934.0
2022-03-04,Albania,272030.0,205.0,3478.0,4.0,94687.173,1210.609,0.0,0.0,2872934.0
2022-03-05,Albania,272030.0,0.0,3478.0,0.0,94687.173,1210.609,0.0,0.0,2872934.0
2020-02-25,Algeria,1.0,1.0,0.0,0.0,0.022,0.0,0.0,0.0,44616626.0
2020-02-26,Algeria,1.0,0.0,0.0,0.0,0.022,0.0,0.0,0.0,44616626.0
2020-02-27,Algeria,1.0,0.0,0.0,0.0,0.022,0.0,0.0,0.0,44616626.0
2020-02-28,Algeria,1.0,0.0,0.0,0.0,0.022,0.0,0.0,0.0,44616626.0
2020-02-29,Algeria,1.0,0.0,0.0,0.0,0.022,0.0,0.0,0.0,44616626.0
2020-03-01,Algeria,1.0,0.0,0.0,0.0,0.022,0.0,0.0,0.0,44616626.0
2020-03-02,Algeria,3.0,2.0,0.0,0.0,0.067,0.0,0.0,0.0,44616626.0
2020-03-03,Algeria,5.0,2.0,0.0,0.0,0.112,0.0,0.0,0.0,44616626.0
2020-03-04,Algeria,12.0,7.0,0.0,0.0,0.269,0.0,0.0,0.0,44616626.0
2020-03-05,Algeria,12.0,0.0,0.0,0.0,0.269,0.0,0.0,0.0,44616626.0
2020-03-06,Algeria,17.0,5.0,0.0,0.0,0.381,0.0,0.0,0.0,44616626.0
2020-03-07,Algeria,17.0,0.0,0.0,0.0,0.381,0.0,0.0,0.0,44616626.0
2020-03-08,Algeria,19.0,2.0,0.0,0.0,0.426,0.0,0.0,0.0,44616626.0
2020-03-09,Algeria,20.0,1.0,0.0,0.0,0.448,0.0,0.0,0.0,44616626.0
2020-03-10,Algeria,20.0,0.0,0.0,0.0,0.448,0.0,0.0,0.0,44616626.0
2020-03-11,Algeria,20.0,0.0,0.0,0.0,0.448,0.0,0.0,0.0,44616626.0
2020-03-12,Algeria,24.0,4.0,1.0,1.0,0.538,0.022,0.0,0.0,44616626.0
2020-03-13,Algeria,26.0,2.0,2.0,1.0,0.583,0.045,0.0,0.0,44616626.0
2020-03-14,Algeria,37.0,11.0,3.0,1.0,0.829,0.067,0.0,0.0,44616626.0
2020-03-15,Algeria,48.0,11.0,4.0,1.0,1.076,0.09,0.0,0.0,44616626.0
2020-03-16,Algeria,54.0,6.0,4.0,0.0,1.21,0.09,0.0,0.0,44616626.0
2020-03-17,Algeria,60.0,6.0,4.0,0.0,1.345,0.09,0.0,0.0,44616626.0
2020-03-18,Algeria,74.0,14.0,7.0,3.0,1.659,0.157,0.0,0.0,44616626.0
2020-03-19,Algeria,87.0,13.0,9.0,2.0,1.95,0.202,0.0,0.0,44616626.0
2020-03-20,Algeria,90.0,3.0,11.0,2.0,2.017,0.247,0.0,0.0,44616626.0
2020-03-21,Algeria,139.0,49.0,15.0,4.0,3.115,0.336,0.0,0.0,44616626.0
2020-03-22,Algeria,201.0,62.0,17.0,2.0,4.505,0.381,0.0,0.0,44616626.0
2020-03-23,Algeria,230.0,29.0,17.0,0.0,5.155,0.381,0.0,0.0,44616626.0
2020-03-24,Algeria,264.0,34.0,19.0,2.0,5.917,0.426,0.0,0.0,44616626.0
2020-03-25,Algeria,302.0,38.0,21.0,2.0,6.769,0.471,0.0,0.0,44616626.0
2020-03-26,Algeria,367.0,65.0,25.0,4.0,8.226,0.56,0.0,0.0,44616626.0
2020-03-27,Algeria,409.0,42.0,26.0,1.0,9.167,0.583,0.0,0.0,44616626.0
2020-03-28,Algeria,454.0,45.0,29.0,3.0,10.176,0.65,0.0,0.0,44616626.0
2020-03-29,Algeria,511.0,57.0,31.0,2.0,11.453,0.695,0.0,0.0,44616626.0
2020-03-30,Algeria,584.0,73.0,35.0,4.0,13.089,0.784,0.0,0.0,44616626.0
2020-03-31,Algeria,716.0,132.0,44.0,9.0,16.048,0.986,0.0,0.0,44616626.0
2020-04-01,Algeria,847.0,131.0,58.0,14.0,18.984,1.3,0.0,0.0,44616626.0
2020-04-02,Algeria,986.0,139.0,86.0,28.0,22.099,1.928,0.0,0.0,44616626.0
2020-04-03,Algeria,1171.0,185.0,105.0,19.0,26.246,2.353,0.0,0.0,44616626.0
2020-04-04,Algeria,1251.0,80.0,130.0,25.0,28.039,2.914,0.0,0.0,44616626.0
2020-04-05,Algeria,1320.0,69.0,152.0,22.0,29.585,3.407,0.0,0.0,44616626.0
2020-04-06,Algeria,1423.0,103.0,173.0,21.0,31.894,3.877,0.0,0.0,44616626.0
2020-04-07,Algeria,1468.0,45.0,193.0,20.0,32.903,4.326,0.0,0.0,44616626.0
2020-04-08,Algeria,1572.0,104.0,205.0,12.0,35.234,4.595,0.0,0.0,44616626.0
2020-04-09,Algeria,1666.0,94.0,235.0,30.0,37.34,5.267,0.0,0.0,44616626.0
2020-04-10,Algeria,1761.0,95.0,256.0,21.0,39.47,5.738,0.0,0.0,44616626.0
2020-04-11,Algeria,1825.0,64.0,275.0,19.0,40.904,6.164,0.0,0.0,44616626.0
2020-04-12,Algeria,1914.0,89.0,293.0,18.0,42.899,6.567,0.0,0.0,44616626.0
2020-04-13,Algeria,1983.0,69.0,313.0,20.0,44.445,7.015,0.0,0.0,44616626.0
2020-04-14,Algeria,2070.0,87.0,326.0,13.0,46.395,7.307,0.0,0.0,44616626.0
2020-04-15,Algeria,2160.0,90.0,336.0,10.0,48.412,7.531,0.0,0.0,44616626.0
2020-04-16,Algeria,2268.0,108.0,348.0,12.0,50.833,7.8,0.0,0.0,44616626.0
2020-04-17,Algeria,2418.0,150.0,364.0,16.0,54.195,8.158,0.0,0.0,44616626.0
2020-04-18,Algeria,2534.0,116.0,367.0,3.0,56.795,8.226,0.0,0.0,44616626.0
2020-04-19,Algeria,2629.0,95.0,375.0,8.0,58.924,8.405,0.0,0.0,44616626.0
2020-04-20,Algeria,2718.0,89.0,384.0,9.0,60.919,8.607,0.0,0.0,44616626.0
2020-04-21,Algeria,2811.0,93.0,392.0,8.0,63.003,8.786,0.0,0.0,44616626.0
2020-04-22,Algeria,2910.0,99.0,402.0,10.0,65.222,9.01,0.0,0.0,44616626.0
2020-04-23,Algeria,3007.0,97.0,407.0,5.0,67.396,9.122,0.0,0.0,44616626.0
2020-04-24,Algeria,3127.0,120.0,415.0,8.0,70.086,9.301,0.0,0.0,44616626.0
2020-04-25,Algeria,3256.0,129.0,419.0,4.0,72.977,9.391,0.0,0.0,44616626.0
2020-04-26,Algeria,3382.0,126.0,425.0,6.0,75.801,9.526,0.0,0.0,44616626.0
2020-04-27,Algeria,3517.0,135.0,432.0,7.0,78.827,9.682,0.0,0.0,44616626.0
2020-04-28,Algeria,3649.0,132.0,437.0,5.0,81.786,9.795,0.0,0.0,44616626.0
2020-04-29,Algeria,3848.0,199.0,444.0,7.0,86.246,9.951,0.0,0.0,44616626.0
2020-04-30,Algeria,4006.0,158.0,450.0,6.0,89.787,10.086,0.0,0.0,44616626.0
2020-05-01,Algeria,4154.0,148.0,453.0,3.0,93.104,10.153,0.0,0.0,44616626.0
2020-05-02,Algeria,4295.0,141.0,459.0,6.0,96.265,10.288,0.0,0.0,44616626.0
2020-05-03,Algeria,4474.0,179.0,463.0,4.0,100.277,10.377,0.0,0.0,44616626.0
2020-05-04,Algeria,4648.0,174.0,465.0,2.0,104.176,10.422,0.0,0.0,44616626.0
2020-05-05,Algeria,4838.0,190.0,470.0,5.0,108.435,10.534,0.0,0.0,44616626.0
2020-05-06,Algeria,4997.0,159.0,476.0,6.0,111.999,10.669,0.0,0.0,44616626.0
2020-05-07,Algeria,5182.0,185.0,483.0,7.0,116.145,10.826,0.0,0.0,44616626.0
2020-05-08,Algeria,5369.0,187.0,488.0,5.0,120.336,10.938,0.0,0.0,44616626.0
2020-05-09,Algeria,5558.0,189.0,494.0,6.0,124.572,11.072,0.0,0.0,44616626.0
2020-05-10,Algeria,5723.0,165.0,502.0,8.0,128.271,11.251,0.0,0.0,44616626.0
2020-05-11,Algeria,5891.0,168.0,507.0,5.0,132.036,11.363,0.0,0.0,44616626.0
2020-05-12,Algeria,6067.0,176.0,515.0,8.0,135.981,11.543,0.0,0.0,44616626.0
2020-05-13,Algeria,6253.0,186.0,522.0,7.0,140.15,11.7,0.0,0.0,44616626.0
2020-05-14,Algeria,6442.0,189.0,529.0,7.0,144.386,11.857,0.0,0.0,44616626.0
2020-05-15,Algeria,6629.0,187.0,536.0,7.0,148.577,12.013,0.0,0.0,44616626.0
2020-05-16,Algeria,6821.0,192.0,542.0,6.0,152.88,12.148,0.0,0.0,44616626.0
2020-05-17,Algeria,7019.0,198.0,548.0,6.0,157.318,12.282,0.0,0.0,44616626.0
2020-05-18,Algeria,7201.0,182.0,555.0,7.0,161.397,12.439,0.0,0.0,44616626.0
2020-05-19,Algeria,7377.0,176.0,561.0,6.0,165.342,12.574,0.0,0.0,44616626.0
2020-05-20,Algeria,7542.0,165.0,568.0,7.0,169.04,12.731,0.0,0.0,44616626.0
2020-05-21,Algeria,7728.0,186.0,575.0,7.0,173.209,12.888,0.0,0.0,44616626.0
2020-05-22,Algeria,7918.0,190.0,582.0,7.0,177.467,13.044,0.0,0.0,44616626.0
2020-05-23,Algeria,8113.0,195.0,592.0,10.0,181.838,13.269,0.0,0.0,44616626.0
2020-05-24,Algeria,8306.0,193.0,600.0,8.0,186.164,13.448,0.0,0.0,44616626.0
2020-05-25,Algeria,8503.0,197.0,609.0,9.0,190.579,13.65,0.0,0.0,44616626.0
2020-05-26,Algeria,8697.0,194.0,617.0,8.0,194.927,13.829,0.0,0.0,44616626.0
2020-05-27,Algeria,8857.0,160.0,623.0,6.0,198.513,13.963,0.0,0.0,44616626.0
2020-05-28,Algeria,8997.0,140.0,630.0,7.0,201.651,14.12,0.0,0.0,44616626.0
2020-05-29,Algeria,9134.0,137.0,638.0,8.0,204.722,14.3,0.0,0.0,44616626.0
2020-05-30,Algeria,9267.0,133.0,646.0,8.0,207.703,14.479,0.0,0.0,44616626.0
2020-05-31,Algeria,9394.0,127.0,653.0,7.0,210.549,14.636,0.0,0.0,44616626.0
2020-06-01,Algeria,9513.0,119.0,661.0,8.0,213.216,14.815,0.0,0.0,44616626.0
2020-06-02,Algeria,9626.0,113.0,667.0,6.0,215.749,14.95,0.0,0.0,44616626.0
2020-06-03,Algeria,9733.0,107.0,673.0,6.0,218.147,15.084,0.0,0.0,44616626.0
2020-06-04,Algeria,9831.0,98.0,681.0,8.0,220.344,15.263,0.0,0.0,44616626.0
2020-06-05,Algeria,9935.0,104.0,690.0,9.0,222.675,15.465,0.0,0.0,44616626.0
2020-06-06,Algeria,10050.0,115.0,698.0,8.0,225.252,15.644,0.0,0.0,44616626.0
2020-06-07,Algeria,10154.0,104.0,707.0,9.0,227.583,15.846,0.0,0.0,44616626.0
2020-06-08,Algeria,10265.0,111.0,715.0,8.0,230.071,16.025,0.0,0.0,44616626.0
2020-06-09,Algeria,10382.0,117.0,724.0,9.0,232.694,16.227,0.0,0.0,44616626.0
2020-06-10,Algeria,10484.0,102.0,732.0,8.0,234.98,16.406,0.0,0.0,44616626.0
2020-06-11,Algeria,10589.0,105.0,741.0,9.0,237.333,16.608,0.0,0.0,44616626.0
2020-06-12,Algeria,10698.0,109.0,751.0,10.0,239.776,16.832,0.0,0.0,44616626.0
2020-06-13,Algeria,10810.0,112.0,760.0,9.0,242.286,17.034,0.0,0.0,44616626.0
2020-06-14,Algeria,10919.0,109.0,767.0,7.0,244.729,17.191,0.0,0.0,44616626.0
2020-06-15,Algeria,11031.0,112.0,777.0,10.0,247.24,17.415,0.0,0.0,44616626.0
2020-06-16,Algeria,11147.0,116.0,788.0,11.0,249.84,17.662,0.0,0.0,44616626.0
2020-06-17,Algeria,11268.0,121.0,799.0,11.0,252.552,17.908,0.0,0.0,44616626.0
2020-06-18,Algeria,11385.0,117.0,811.0,12.0,255.174,18.177,0.0,0.0,44616626.0
2020-06-19,Algeria,11504.0,119.0,825.0,14.0,257.841,18.491,0.0,0.0,44616626.0
2020-06-20,Algeria,11631.0,127.0,837.0,12.0,260.688,18.76,0.0,0.0,44616626.0
2020-06-21,Algeria,11771.0,140.0,845.0,8.0,263.825,18.939,0.0,0.0,44616626.0
2020-06-22,Algeria,11920.0,149.0,852.0,7.0,267.165,19.096,0.0,0.0,44616626.0
2020-06-23,Algeria,12076.0,156.0,861.0,9.0,270.661,19.298,0.0,0.0,44616626.0
2020-06-24,Algeria,12248.0,172.0,869.0,8.0,274.516,19.477,0.0,0.0,44616626.0
2020-06-25,Algeria,12445.0,197.0,878.0,9.0,278.932,19.679,0.0,0.0,44616626.0
2020-06-26,Algeria,12685.0,240.0,885.0,7.0,284.311,19.836,0.0,0.0,44616626.0
2020-06-27,Algeria,12968.0,283.0,892.0,7.0,290.654,19.993,0.0,0.0,44616626.0
2020-06-28,Algeria,13273.0,305.0,897.0,5.0,297.49,20.105,0.0,0.0,44616626.0
2020-06-29,Algeria,13571.0,298.0,905.0,8.0,304.169,20.284,0.0,0.0,44616626.0
2020-06-30,Algeria,13907.0,336.0,912.0,7.0,311.7,20.441,0.0,0.0,44616626.0
2020-07-01,Algeria,14272.0,365.0,920.0,8.0,319.881,20.62,0.0,0.0,44616626.0
2020-07-02,Algeria,14657.0,385.0,928.0,8.0,328.51,20.799,0.0,0.0,44616626.0
2020-07-03,Algeria,15070.0,413.0,937.0,9.0,337.766,21.001,0.0,0.0,44616626.0
2020-07-04,Algeria,15500.0,430.0,946.0,9.0,347.404,21.203,0.0,0.0,44616626.0
2020-07-05,Algeria,15941.0,441.0,952.0,6.0,357.288,21.337,0.0,0.0,44616626.0
2020-07-06,Algeria,16404.0,463.0,959.0,7.0,367.666,21.494,0.0,0.0,44616626.0
2020-07-07,Algeria,16879.0,475.0,968.0,9.0,378.312,21.696,0.0,0.0,44616626.0
2020-07-08,Algeria,17348.0,469.0,978.0,10.0,388.824,21.92,0.0,0.0,44616626.0
2020-07-09,Algeria,17808.0,460.0,988.0,10.0,399.134,22.144,0.0,0.0,44616626.0
2020-07-10,Algeria,18242.0,434.0,996.0,8.0,408.861,22.324,0.0,0.0,44616626.0
2020-07-11,Algeria,18712.0,470.0,1004.0,8.0,419.395,22.503,0.0,0.0,44616626.0
2020-07-12,Algeria,19195.0,483.0,1011.0,7.0,430.221,22.66,0.0,0.0,44616626.0
2020-07-13,Algeria,19689.0,494.0,1018.0,7.0,441.293,22.817,0.0,0.0,44616626.0
2020-07-14,Algeria,20216.0,527.0,1028.0,10.0,453.105,23.041,0.0,0.0,44616626.0
2020-07-15,Algeria,20770.0,554.0,1040.0,12.0,465.522,23.31,0.0,0.0,44616626.0
2020-07-16,Algeria,21355.0,585.0,1052.0,12.0,478.633,23.579,0.0,0.0,44616626.0
2020-07-17,Algeria,21948.0,593.0,1057.0,5.0,491.924,23.691,0.0,0.0,44616626.0
2020-07-18,Algeria,22549.0,601.0,1068.0,11.0,505.395,23.937,0.0,0.0,44616626.0
2020-07-19,Algeria,23084.0,535.0,1078.0,10.0,517.386,24.161,0.0,0.0,44616626.0
2020-07-20,Algeria,23691.0,607.0,1087.0,9.0,530.99,24.363,0.0,0.0,44616626.0
2020-07-21,Algeria,24278.0,587.0,1100.0,13.0,544.147,24.654,0.0,0.0,44616626.0
2020-07-22,Algeria,24872.0,594.0,1111.0,11.0,557.46,24.901,0.0,0.0,44616626.0
2020-07-23,Algeria,25484.0,612.0,1124.0,13.0,571.177,25.192,0.0,0.0,44616626.0
2020-07-24,Algeria,26159.0,675.0,1136.0,12.0,586.306,25.461,0.0,0.0,44616626.0
2020-07-25,Algeria,26764.0,605.0,1146.0,10.0,599.866,25.685,0.0,0.0,44616626.0
2020-07-26,Algeria,27357.0,593.0,1155.0,9.0,613.157,25.887,0.0,0.0,44616626.0
2020-07-27,Algeria,27973.0,616.0,1163.0,8.0,626.964,26.067,0.0,0.0,44616626.0
2020-07-28,Algeria,28615.0,642.0,1174.0,11.0,641.353,26.313,0.0,0.0,44616626.0
2020-07-29,Algeria,29229.0,614.0,1186.0,12.0,655.115,26.582,0.0,0.0,44616626.0
2020-07-30,Algeria,29831.0,602.0,1200.0,14.0,668.607,26.896,0.0,0.0,44616626.0
2020-07-31,Algeria,30394.0,563.0,1210.0,10.0,681.226,27.12,0.0,0.0,44616626.0
2020-08-01,Algeria,30950.0,556.0,1223.0,13.0,693.688,27.411,0.0,0.0,44616626.0
2020-08-02,Algeria,31465.0,515.0,1231.0,8.0,705.23,27.591,0.0,0.0,44616626.0
2020-08-03,Algeria,31972.0,507.0,1239.0,8.0,716.594,27.77,0.0,0.0,44616626.0
2020-08-04,Algeria,32504.0,532.0,1248.0,9.0,728.518,27.972,0.0,0.0,44616626.0
2020-08-05,Algeria,33055.0,551.0,1261.0,13.0,740.867,28.263,0.0,0.0,44616626.0
2020-08-06,Algeria,33626.0,571.0,1273.0,12.0,753.665,28.532,0.0,0.0,44616626.0
2020-08-07,Algeria,34155.0,529.0,1282.0,9.0,765.522,28.734,0.0,0.0,44616626.0
2020-08-08,Algeria,34693.0,538.0,1293.0,11.0,777.58,28.98,0.0,0.0,44616626.0
2020-08-09,Algeria,35160.0,467.0,1302.0,9.0,788.047,29.182,0.0,0.0,44616626.0
2020-08-10,Algeria,35712.0,552.0,1312.0,10.0,800.419,29.406,0.0,0.0,44616626.0
2020-08-11,Algeria,36204.0,492.0,1322.0,10.0,811.446,29.63,0.0,0.0,44616626.0
2020-08-12,Algeria,36699.0,495.0,1333.0,11.0,822.541,29.877,0.0,0.0,44616626.0
2020-08-13,Algeria,37187.0,488.0,1341.0,8.0,833.479,30.056,0.0,0.0,44616626.0
2020-08-14,Algeria,37664.0,477.0,1351.0,10.0,844.17,30.28,0.0,0.0,44616626.0
2020-08-15,Algeria,38133.0,469.0,1360.0,9.0,854.681,30.482,0.0,0.0,44616626.0
2020-08-16,Algeria,38583.0,450.0,1370.0,10.0,864.767,30.706,0.0,0.0,44616626.0
2020-08-17,Algeria,39025.0,442.0,1379.0,9.0,874.674,30.908,0.0,0.0,44616626.0
2020-08-18,Algeria,39444.0,419.0,1391.0,12.0,884.065,31.177,0.0,0.0,44616626.0
2020-08-19,Algeria,39847.0,403.0,1402.0,11.0,893.098,31.423,0.0,0.0,44616626.0
2020-08-20,Algeria,40258.0,411.0,1411.0,9.0,902.309,31.625,0.0,0.0,44616626.0
2020-08-21,Algeria,40667.0,409.0,1418.0,7.0,911.476,31.782,0.0,0.0,44616626.0
2020-08-22,Algeria,41068.0,401.0,1424.0,6.0,920.464,31.916,0.0,0.0,44616626.0
2020-08-23,Algeria,41460.0,392.0,1435.0,11.0,929.25,32.163,0.0,0.0,44616626.0
2020-08-24,Algeria,41858.0,398.0,1446.0,11.0,938.17,32.409,0.0,0.0,44616626.0
2020-08-25,Algeria,42228.0,370.0,1456.0,10.0,946.463,32.634,0.0,0.0,44616626.0
2020-08-26,Algeria,42619.0,391.0,1465.0,9.0,955.227,32.835,0.0,0.0,44616626.0
2020-08-27,Algeria,43016.0,397.0,1475.0,10.0,964.125,33.059,0.0,0.0,44616626.0
2020-08-28,Algeria,43403.0,387.0,1483.0,8.0,972.799,33.239,0.0,0.0,44616626.0
2020-08-29,Algeria,43781.0,378.0,1491.0,8.0,981.271,33.418,0.0,0.0,44616626.0
2020-08-30,Algeria,44146.0,365.0,1501.0,10.0,989.452,33.642,0.0,0.0,44616626.0
2020-08-31,Algeria,44494.0,348.0,1510.0,9.0,997.252,33.844,0.0,0.0,44616626.0
2020-09-01,Algeria,44833.0,339.0,1518.0,8.0,1004.85,34.023,0.0,0.0,44616626.0
2020-09-02,Algeria,45158.0,325.0,1523.0,5.0,1012.134,34.135,0.0,0.0,44616626.0
2020-09-03,Algeria,45469.0,311.0,1529.0,6.0,1019.104,34.27,0.0,0.0,44616626.0
2020-09-04,Algeria,45773.0,304.0,1539.0,10.0,1025.918,34.494,0.0,0.0,44616626.0
2020-09-05,Algeria,46071.0,298.0,1549.0,10.0,1032.597,34.718,0.0,0.0,44616626.0
2020-09-06,Algeria,46364.0,293.0,1556.0,7.0,1039.164,34.875,0.0,0.0,44616626.0
2020-09-07,Algeria,46653.0,289.0,1562.0,6.0,1045.642,35.009,0.0,0.0,44616626.0
2020-09-08,Algeria,46938.0,285.0,1571.0,9.0,1052.029,35.211,0.0,0.0,44616626.0
2020-09-09,Algeria,47216.0,278.0,1581.0,10.0,1058.26,35.435,0.0,0.0,44616626.0
2020-09-10,Algeria,47488.0,272.0,1591.0,10.0,1064.357,35.659,0.0,0.0,44616626.0
2020-09-11,Algeria,47752.0,264.0,1599.0,8.0,1070.274,35.839,0.0,0.0,44616626.0
2020-09-12,Algeria,48007.0,255.0,1605.0,6.0,1075.989,35.973,0.0,0.0,44616626.0
2020-09-13,Algeria,48254.0,247.0,1612.0,7.0,1081.525,36.13,0.0,0.0,44616626.0
2020-09-14,Algeria,48496.0,242.0,1620.0,8.0,1086.949,36.309,0.0,0.0,44616626.0
2020-09-15,Algeria,48734.0,238.0,1632.0,12.0,1092.283,36.578,0.0,0.0,44616626.0
2020-09-16,Algeria,48966.0,232.0,1645.0,13.0,1097.483,36.87,0.0,0.0,44616626.0
2020-09-17,Algeria,49194.0,228.0,1654.0,9.0,1102.593,37.071,0.0,0.0,44616626.0
2020-09-18,Algeria,49413.0,219.0,1659.0,5.0,1107.502,37.183,0.0,0.0,44616626.0
2020-09-19,Algeria,49623.0,210.0,1665.0,6.0,1112.209,37.318,0.0,0.0,44616626.0
2020-09-20,Algeria,49826.0,203.0,1672.0,7.0,1116.759,37.475,0.0,0.0,44616626.0
2020-09-21,Algeria,50023.0,197.0,1679.0,7.0,1121.174,37.632,0.0,0.0,44616626.0
2020-09-22,Algeria,50214.0,191.0,1689.0,10.0,1125.455,37.856,0.0,0.0,44616626.0
2020-09-23,Algeria,50400.0,186.0,1698.0,9.0,1129.624,38.058,0.0,0.0,44616626.0
2020-09-24,Algeria,50579.0,179.0,1703.0,5.0,1133.636,38.17,0.0,0.0,44616626.0
2020-09-25,Algeria,50754.0,175.0,1707.0,4.0,1137.558,38.259,0.0,0.0,44616626.0
2020-09-26,Algeria,50914.0,160.0,1711.0,4.0,1141.144,38.349,0.0,0.0,44616626.0
2020-09-27,Algeria,51067.0,153.0,1714.0,3.0,1144.573,38.416,0.0,0.0,44616626.0
2020-09-28,Algeria,51213.0,146.0,1719.0,5.0,1147.846,38.528,0.0,0.0,44616626.0
2020-09-29,Algeria,51368.0,155.0,1726.0,7.0,1151.32,38.685,0.0,0.0,44616626.0
2020-09-30,Algeria,51530.0,162.0,1736.0,10.0,1154.951,38.909,0.0,0.0,44616626.0
2020-10-01,Algeria,51690.0,160.0,1741.0,5.0,1158.537,39.021,0.0,0.0,44616626.0
2020-10-02,Algeria,51847.0,157.0,1749.0,8.0,1162.056,39.201,0.0,0.0,44616626.0
2020-10-03,Algeria,51995.0,148.0,1756.0,7.0,1165.373,39.358,0.0,0.0,44616626.0
2020-10-04,Algeria,52136.0,141.0,1760.0,4.0,1168.533,39.447,0.0,0.0,44616626.0
2020-10-05,Algeria,52270.0,134.0,1768.0,8.0,1171.536,39.626,0.0,0.0,44616626.0
2020-10-06,Algeria,52399.0,129.0,1768.0,0.0,1174.428,39.626,0.0,0.0,44616626.0
2020-10-07,Algeria,52520.0,121.0,1771.0,3.0,1177.14,39.694,0.0,0.0,44616626.0
2020-10-08,Algeria,52658.0,138.0,1783.0,12.0,1180.233,39.963,0.0,0.0,44616626.0
2020-10-09,Algeria,52804.0,146.0,1789.0,6.0,1183.505,40.097,0.0,0.0,44616626.0
2020-10-10,Algeria,52940.0,136.0,1795.0,6.0,1186.553,40.232,0.0,0.0,44616626.0
2020-10-11,Algeria,53072.0,132.0,1801.0,6.0,1189.512,40.366,0.0,0.0,44616626.0
2020-10-12,Algeria,53325.0,253.0,1809.0,8.0,1195.182,40.545,0.0,0.0,44616626.0
2020-10-13,Algeria,53399.0,74.0,1818.0,9.0,1196.841,40.747,0.0,0.0,44616626.0
2020-10-14,Algeria,53584.0,185.0,1827.0,9.0,1200.987,40.949,0.0,0.0,44616626.0
2020-10-15,Algeria,53777.0,193.0,1827.0,0.0,1205.313,40.949,0.0,0.0,44616626.0
2020-10-16,Algeria,53998.0,221.0,1841.0,14.0,1210.266,41.263,0.0,0.0,44616626.0
2020-10-17,Algeria,54203.0,205.0,1846.0,5.0,1214.861,41.375,0.0,0.0,44616626.0
2020-10-18,Algeria,54402.0,199.0,1856.0,10.0,1219.321,41.599,0.0,0.0,44616626.0
2020-10-19,Algeria,54616.0,214.0,1865.0,9.0,1224.118,41.801,0.0,0.0,44616626.0
2020-10-20,Algeria,54829.0,213.0,1873.0,8.0,1228.892,41.98,0.0,0.0,44616626.0
2020-10-21,Algeria,55081.0,252.0,1880.0,7.0,1234.54,42.137,0.0,0.0,44616626.0
2020-10-22,Algeria,55357.0,276.0,1888.0,8.0,1240.726,42.316,0.0,0.0,44616626.0
2020-10-23,Algeria,55630.0,273.0,1897.0,9.0,1246.845,42.518,0.0,0.0,44616626.0
2020-10-24,Algeria,55880.0,250.0,1907.0,10.0,1252.448,42.742,0.0,0.0,44616626.0
2020-10-25,Algeria,56143.0,263.0,1914.0,7.0,1258.343,42.899,0.0,0.0,44616626.0
2020-10-26,Algeria,56419.0,276.0,1922.0,8.0,1264.529,43.078,0.0,0.0,44616626.0
2020-10-27,Algeria,56706.0,287.0,1931.0,9.0,1270.961,43.28,0.0,0.0,44616626.0
2020-10-28,Algeria,57026.0,320.0,1941.0,10.0,1278.133,43.504,0.0,0.0,44616626.0
2020-10-29,Algeria,57332.0,306.0,1949.0,8.0,1284.992,43.683,0.0,0.0,44616626.0
2020-10-30,Algeria,57651.0,319.0,1956.0,7.0,1292.142,43.84,0.0,0.0,44616626.0
2020-10-31,Algeria,57942.0,291.0,1964.0,8.0,1298.664,44.019,0.0,0.0,44616626.0
2020-11-01,Algeria,58272.0,330.0,1973.0,9.0,1306.06,44.221,0.0,0.0,44616626.0
2020-11-02,Algeria,58574.0,302.0,1980.0,7.0,1312.829,44.378,0.0,0.0,44616626.0
2020-11-03,Algeria,58979.0,405.0,1980.0,0.0,1321.906,44.378,0.0,0.0,44616626.0
2020-11-04,Algeria,59527.0,548.0,1999.0,19.0,1334.189,44.804,0.0,0.0,44616626.0
2020-11-05,Algeria,60169.0,642.0,2011.0,12.0,1348.578,45.073,0.0,0.0,44616626.0
2020-11-06,Algeria,60800.0,631.0,2024.0,13.0,1362.721,45.364,0.0,0.0,44616626.0
2020-11-07,Algeria,61381.0,581.0,2036.0,12.0,1375.743,45.633,0.0,0.0,44616626.0
2020-11-08,Algeria,62051.0,670.0,2048.0,12.0,1390.76,45.902,0.0,0.0,44616626.0
2020-11-09,Algeria,62693.0,642.0,2062.0,14.0,1405.149,46.216,0.0,0.0,44616626.0
2020-11-10,Algeria,63446.0,753.0,2077.0,15.0,1422.026,46.552,0.0,0.0,44616626.0
2020-11-11,Algeria,64257.0,811.0,2093.0,16.0,1440.203,46.911,0.0,0.0,44616626.0
2020-11-12,Algeria,65108.0,851.0,2111.0,18.0,1459.277,47.314,0.0,0.0,44616626.0
2020-11-13,Algeria,65975.0,867.0,2124.0,13.0,1478.709,47.606,0.0,0.0,44616626.0
2020-11-14,Algeria,66819.0,844.0,2139.0,15.0,1497.626,47.942,0.0,0.0,44616626.0
2020-11-15,Algeria,67679.0,860.0,2154.0,15.0,1516.901,48.278,0.0,0.0,44616626.0
2020-11-16,Algeria,68589.0,910.0,2168.0,14.0,1537.297,48.592,0.0,0.0,44616626.0
2020-11-17,Algeria,69591.0,1002.0,2186.0,18.0,1559.755,48.995,0.0,0.0,44616626.0
2020-11-18,Algeria,70629.0,1038.0,2206.0,20.0,1583.02,49.443,0.0,0.0,44616626.0
2020-11-19,Algeria,71652.0,1023.0,2224.0,18.0,1605.948,49.847,0.0,0.0,44616626.0
2020-11-20,Algeria,72755.0,1103.0,2236.0,12.0,1630.67,50.116,0.0,0.0,44616626.0
2020-11-21,Algeria,73774.0,1019.0,2255.0,19.0,1653.509,50.542,0.0,0.0,44616626.0
2020-11-22,Algeria,74862.0,1088.0,2272.0,17.0,1677.895,50.923,0.0,0.0,44616626.0
2020-11-23,Algeria,75867.0,1005.0,2294.0,22.0,1700.42,51.416,0.0,0.0,44616626.0
2020-11-24,Algeria,77000.0,1133.0,2309.0,15.0,1725.814,51.752,0.0,0.0,44616626.0
2020-11-25,Algeria,78025.0,1025.0,2329.0,20.0,1748.788,52.2,0.0,0.0,44616626.0
2020-11-26,Algeria,79110.0,1085.0,2352.0,23.0,1773.106,52.716,0.0,0.0,44616626.0
2020-11-27,Algeria,80168.0,1058.0,2372.0,20.0,1796.819,53.164,0.0,0.0,44616626.0
2020-11-28,Algeria,81212.0,1044.0,2393.0,21.0,1820.218,53.635,0.0,0.0,44616626.0
2020-11-29,Algeria,82221.0,1009.0,2410.0,17.0,1842.833,54.016,0.0,0.0,44616626.0
2020-11-30,Algeria,83199.0,978.0,2431.0,21.0,1864.753,54.486,0.0,0.0,44616626.0
2020-12-01,Algeria,84152.0,953.0,2447.0,16.0,1886.113,54.845,0.0,0.0,44616626.0
2020-12-02,Algeria,85084.0,932.0,2464.0,17.0,1907.002,55.226,0.0,0.0,44616626.0
2020-12-03,Algeria,85927.0,843.0,2480.0,16.0,1925.896,55.585,0.0,0.0,44616626.0
2020-12-04,Algeria,86730.0,803.0,2492.0,12.0,1943.894,55.854,0.0,0.0,44616626.0
2020-12-05,Algeria,87502.0,772.0,2501.0,9.0,1961.197,56.055,0.0,0.0,44616626.0
2020-12-06,Algeria,88252.0,750.0,2516.0,15.0,1978.007,56.392,0.0,0.0,44616626.0
2020-12-07,Algeria,88825.0,573.0,2527.0,11.0,1990.85,56.638,0.0,0.0,44616626.0
2020-12-08,Algeria,89416.0,591.0,2539.0,12.0,2004.096,56.907,0.0,0.0,44616626.0
2020-12-09,Algeria,90014.0,598.0,2554.0,15.0,2017.499,57.243,0.0,0.0,44616626.0
2020-12-10,Algeria,90579.0,565.0,2564.0,10.0,2030.162,57.467,0.0,0.0,44616626.0
2020-12-11,Algeria,91121.0,542.0,2575.0,11.0,2042.31,57.714,0.0,0.0,44616626.0
2020-12-12,Algeria,91638.0,517.0,2584.0,9.0,2053.898,57.916,0.0,0.0,44616626.0
2020-12-13,Algeria,92102.0,464.0,2596.0,12.0,2064.298,58.185,0.0,0.0,44616626.0
2020-12-14,Algeria,92597.0,495.0,2609.0,13.0,2075.392,58.476,0.0,0.0,44616626.0
2020-12-15,Algeria,93065.0,468.0,2623.0,14.0,2085.882,58.79,0.0,0.0,44616626.0
2020-12-16,Algeria,93507.0,442.0,2631.0,8.0,2095.788,58.969,0.0,0.0,44616626.0
2020-12-17,Algeria,93933.0,426.0,2640.0,9.0,2105.336,59.171,0.0,0.0,44616626.0
2020-12-18,Algeria,94371.0,438.0,2647.0,7.0,2115.153,59.328,0.0,0.0,44616626.0
2020-12-19,Algeria,94781.0,410.0,2659.0,12.0,2124.343,59.597,0.0,0.0,44616626.0
2020-12-20,Algeria,95203.0,422.0,2666.0,7.0,2133.801,59.754,0.0,0.0,44616626.0
2020-12-21,Algeria,95659.0,456.0,2675.0,9.0,2144.021,59.955,0.0,0.0,44616626.0
2020-12-22,Algeria,96069.0,410.0,2687.0,12.0,2153.211,60.224,0.0,0.0,44616626.0
2020-12-23,Algeria,96549.0,480.0,2696.0,9.0,2163.969,60.426,0.0,0.0,44616626.0
2020-12-24,Algeria,97007.0,458.0,2705.0,9.0,2174.234,60.628,0.0,0.0,44616626.0
2020-12-25,Algeria,97441.0,434.0,2716.0,11.0,2183.962,60.874,0.0,0.0,44616626.0
2020-12-26,Algeria,97857.0,416.0,2722.0,6.0,2193.286,61.009,0.0,0.0,44616626.0
2020-12-27,Algeria,98249.0,392.0,2728.0,6.0,2202.071,61.143,0.0,0.0,44616626.0
2020-12-28,Algeria,98631.0,382.0,2737.0,9.0,2210.633,61.345,0.0,0.0,44616626.0
2020-12-29,Algeria,98988.0,357.0,2745.0,8.0,2218.635,61.524,0.0,0.0,44616626.0
2020-12-30,Algeria,99311.0,323.0,2751.0,6.0,2225.874,61.659,0.0,0.0,44616626.0
2020-12-31,Algeria,99610.0,299.0,2756.0,5.0,2232.576,61.771,0.0,0.0,44616626.0
2021-01-01,Algeria,99897.0,287.0,2762.0,6.0,2239.008,61.905,0.0,0.0,44616626.0
2021-01-02,Algeria,100159.0,262.0,2769.0,7.0,2244.881,62.062,0.0,0.0,44616626.0
2021-01-03,Algeria,100408.0,249.0,2772.0,3.0,2250.462,62.129,0.0,0.0,44616626.0
2021-01-04,Algeria,100645.0,237.0,2777.0,5.0,2255.773,62.241,0.0,0.0,44616626.0
2021-01-05,Algeria,100873.0,228.0,2782.0,5.0,2260.884,62.353,0.0,0.0,44616626.0
2021-01-06,Algeria,101120.0,247.0,2786.0,4.0,2266.42,62.443,0.0,0.0,44616626.0
2021-01-07,Algeria,101382.0,262.0,2792.0,6.0,2272.292,62.578,0.0,0.0,44616626.0
2021-01-08,Algeria,101657.0,275.0,2798.0,6.0,2278.456,62.712,0.0,0.0,44616626.0
2021-01-09,Algeria,101913.0,256.0,2803.0,5.0,2284.193,62.824,0.0,0.0,44616626.0
2021-01-10,Algeria,102144.0,231.0,2807.0,4.0,2289.371,62.914,0.0,0.0,44616626.0
2021-01-11,Algeria,102369.0,225.0,2812.0,5.0,2294.414,63.026,0.0,0.0,44616626.0
2021-01-12,Algeria,102641.0,272.0,2816.0,4.0,2300.51,63.115,0.0,0.0,44616626.0
2021-01-13,Algeria,102860.0,219.0,2819.0,3.0,2305.419,63.183,0.0,0.0,44616626.0
2021-01-14,Algeria,103127.0,267.0,2822.0,3.0,2311.403,63.25,0.0,0.0,44616626.0
2021-01-15,Algeria,103381.0,254.0,2827.0,5.0,2317.096,63.362,0.0,0.0,44616626.0
2021-01-16,Algeria,103611.0,230.0,2831.0,4.0,2322.251,63.452,0.0,0.0,44616626.0
2021-01-17,Algeria,103833.0,222.0,2836.0,5.0,2327.227,63.564,0.0,0.0,44616626.0
2021-01-18,Algeria,104092.0,259.0,2840.0,4.0,2333.032,63.653,0.0,0.0,44616626.0
2021-01-19,Algeria,104341.0,249.0,2843.0,3.0,2338.613,63.721,0.0,0.0,44616626.0
2021-01-20,Algeria,104606.0,265.0,2849.0,6.0,2344.552,63.855,0.0,0.0,44616626.0
2021-01-21,Algeria,104852.0,246.0,2853.0,4.0,2350.066,63.945,0.0,0.0,44616626.0
2021-01-22,Algeria,105124.0,272.0,2856.0,3.0,2356.162,64.012,0.0,0.0,44616626.0
2021-01-23,Algeria,105369.0,245.0,2861.0,5.0,2361.653,64.124,0.0,0.0,44616626.0
2021-01-24,Algeria,105596.0,227.0,2863.0,2.0,2366.741,64.169,0.0,0.0,44616626.0
2021-01-25,Algeria,105854.0,258.0,2866.0,3.0,2372.524,64.236,0.0,0.0,44616626.0
2021-01-26,Algeria,106097.0,243.0,2871.0,5.0,2377.97,64.348,0.0,0.0,44616626.0
2021-01-27,Algeria,106359.0,262.0,2877.0,6.0,2383.842,64.483,0.0,0.0,44616626.0
2021-01-28,Algeria,106610.0,251.0,2881.0,4.0,2389.468,64.572,0.0,0.0,44616626.0
2021-01-29,Algeria,106887.0,277.0,2884.0,3.0,2395.676,64.64,0.0,0.0,44616626.0
2021-01-30,Algeria,107122.0,235.0,2888.0,4.0,2400.944,64.729,30.0,0.0,44616626.0
2021-01-31,Algeria,107339.0,217.0,2891.0,3.0,2405.807,64.796,0.0,0.0,44616626.0
2021-02-01,Algeria,107578.0,239.0,2894.0,3.0,2411.164,64.864,0.0,0.0,44616626.0
2021-02-02,Algeria,107841.0,263.0,2898.0,4.0,2417.059,64.953,0.0,0.0,44616626.0
2021-02-03,Algeria,108116.0,275.0,2900.0,2.0,2423.222,64.998,0.0,0.0,44616626.0
2021-02-04,Algeria,108381.0,265.0,2904.0,4.0,2429.162,65.088,0.0,0.0,44616626.0
2021-02-05,Algeria,108629.0,248.0,2909.0,5.0,2434.72,65.2,0.0,0.0,44616626.0
2021-02-06,Algeria,108629.0,0.0,2909.0,0.0,2434.72,65.2,0.0,0.0,44616626.0
2021-02-07,Algeria,109088.0,459.0,2914.0,5.0,2445.008,65.312,0.0,0.0,44616626.0
2021-02-08,Algeria,109313.0,225.0,2918.0,4.0,2450.051,65.402,0.0,0.0,44616626.0
2021-02-09,Algeria,109559.0,246.0,2924.0,6.0,2455.564,65.536,0.0,0.0,44616626.0
2021-02-10,Algeria,109782.0,223.0,2926.0,2.0,2460.563,65.581,0.0,0.0,44616626.0
2021-02-11,Algeria,110049.0,267.0,2930.0,4.0,2466.547,65.671,0.0,0.0,44616626.0
2021-02-12,Algeria,110303.0,254.0,2932.0,2.0,2472.24,65.715,0.0,0.0,44616626.0
2021-02-13,Algeria,110513.0,210.0,2935.0,3.0,2476.947,65.783,0.0,0.0,44616626.0
2021-02-14,Algeria,110711.0,198.0,2939.0,4.0,2481.384,65.872,0.0,0.0,44616626.0
2021-02-15,Algeria,110894.0,183.0,2943.0,4.0,2485.486,65.962,0.0,0.0,44616626.0
2021-02-16,Algeria,111069.0,175.0,2945.0,2.0,2489.408,66.007,0.0,0.0,44616626.0
2021-02-17,Algeria,111247.0,178.0,2947.0,2.0,2493.398,66.052,0.0,0.0,44616626.0
2021-02-18,Algeria,111418.0,171.0,2950.0,3.0,2497.231,66.119,0.0,0.0,44616626.0
2021-02-19,Algeria,111600.0,182.0,2954.0,4.0,2501.31,66.209,75000.0,0.0,44616626.0
2021-02-20,Algeria,111764.0,164.0,2958.0,4.0,2504.985,66.298,0.0,0.0,44616626.0
2021-02-21,Algeria,111917.0,153.0,2961.0,3.0,2508.415,66.365,0.0,0.0,44616626.0
2021-02-22,Algeria,112094.0,177.0,2964.0,3.0,2512.382,66.433,0.0,0.0,44616626.0
2021-02-23,Algeria,112279.0,185.0,2967.0,3.0,2516.528,66.5,0.0,0.0,44616626.0
2021-02-24,Algeria,112461.0,182.0,2970.0,3.0,2520.607,66.567,0.0,0.0,44616626.0
2021-02-25,Algeria,112622.0,161.0,2973.0,3.0,2524.216,66.634,0.0,0.0,44616626.0
2021-02-26,Algeria,112805.0,183.0,2977.0,4.0,2528.318,66.724,0.0,0.0,44616626.0
2021-02-27,Algeria,112960.0,155.0,2979.0,2.0,2531.792,66.769,0.0,0.0,44616626.0
2021-02-28,Algeria,113092.0,132.0,2983.0,4.0,2534.75,66.858,0.0,0.0,44616626.0
2021-03-01,Algeria,113255.0,163.0,2987.0,4.0,2538.404,66.948,0.0,0.0,44616626.0
2021-03-02,Algeria,113430.0,175.0,2991.0,4.0,2542.326,67.038,0.0,0.0,44616626.0
2021-03-03,Algeria,113593.0,163.0,2996.0,5.0,2545.979,67.15,0.0,0.0,44616626.0
2021-03-04,Algeria,113761.0,168.0,3002.0,6.0,2549.745,67.284,0.0,0.0,44616626.0
2021-03-05,Algeria,113948.0,187.0,3007.0,5.0,2553.936,67.396,0.0,0.0,44616626.0
2021-03-06,Algeria,114104.0,156.0,3010.0,3.0,2557.432,67.464,0.0,0.0,44616626.0
2021-03-07,Algeria,114234.0,130.0,3013.0,3.0,2560.346,67.531,0.0,0.0,44616626.0
2021-03-08,Algeria,114382.0,148.0,3018.0,5.0,2563.663,67.643,0.0,0.0,44616626.0
2021-03-09,Algeria,114543.0,161.0,3022.0,4.0,2567.272,67.733,0.0,0.0,44616626.0
2021-03-10,Algeria,114681.0,138.0,3026.0,4.0,2570.365,67.822,0.0,0.0,44616626.0
2021-03-11,Algeria,114851.0,170.0,3028.0,2.0,2574.175,67.867,0.0,0.0,44616626.0
2021-03-12,Algeria,115008.0,157.0,3031.0,3.0,2577.694,67.934,0.0,0.0,44616626.0
2021-03-13,Algeria,115143.0,135.0,3034.0,3.0,2580.72,68.002,0.0,0.0,44616626.0
2021-03-14,Algeria,115265.0,122.0,3036.0,2.0,2583.454,68.046,0.0,0.0,44616626.0
2021-03-15,Algeria,115410.0,145.0,3040.0,4.0,2586.704,68.136,0.0,0.0,44616626.0
2021-03-16,Algeria,115540.0,130.0,3045.0,5.0,2589.618,68.248,0.0,0.0,44616626.0
2021-03-17,Algeria,115688.0,148.0,3048.0,3.0,2592.935,68.315,0.0,0.0,44616626.0
2021-03-18,Algeria,115842.0,154.0,3051.0,3.0,2596.386,68.383,0.0,0.0,44616626.0
2021-03-19,Algeria,115970.0,128.0,3053.0,2.0,2599.255,68.427,0.0,0.0,44616626.0
2021-03-20,Algeria,116066.0,96.0,3055.0,2.0,2601.407,68.472,0.0,0.0,44616626.0
2021-03-21,Algeria,116157.0,91.0,3057.0,2.0,2603.447,68.517,0.0,0.0,44616626.0
2021-03-22,Algeria,116255.0,98.0,3061.0,4.0,2605.643,68.607,0.0,0.0,44616626.0
2021-03-23,Algeria,116349.0,94.0,3066.0,5.0,2607.75,68.719,0.0,0.0,44616626.0
2021-03-24,Algeria,116438.0,89.0,3069.0,3.0,2609.745,68.786,0.0,0.0,44616626.0
2021-03-25,Algeria,116543.0,105.0,3071.0,2.0,2612.098,68.831,0.0,0.0,44616626.0
2021-03-26,Algeria,116657.0,114.0,3074.0,3.0,2614.653,68.898,0.0,0.0,44616626.0
2021-03-27,Algeria,116750.0,93.0,3077.0,3.0,2616.738,68.965,0.0,0.0,44616626.0
2021-03-28,Algeria,116836.0,86.0,3080.0,3.0,2618.665,69.033,0.0,0.0,44616626.0
2021-03-29,Algeria,116946.0,110.0,3084.0,4.0,2621.131,69.122,0.0,0.0,44616626.0
2021-03-30,Algeria,117061.0,115.0,3089.0,5.0,2623.708,69.234,0.0,0.0,44616626.0
2021-03-31,Algeria,117192.0,131.0,3093.0,4.0,2626.644,69.324,0.0,0.0,44616626.0
2021-04-01,Algeria,117304.0,112.0,3096.0,3.0,2629.154,69.391,0.0,0.0,44616626.0
2021-04-02,Algeria,117429.0,125.0,3099.0,3.0,2631.956,69.458,0.0,0.0,44616626.0
2021-04-03,Algeria,117524.0,95.0,3102.0,3.0,2634.085,69.526,0.0,0.0,44616626.0
2021-04-04,Algeria,117622.0,98.0,3105.0,3.0,2636.282,69.593,0.0,0.0,44616626.0
2021-04-05,Algeria,117739.0,117.0,3108.0,3.0,2638.904,69.66,0.0,0.0,44616626.0
2021-04-06,Algeria,117879.0,140.0,3112.0,4.0,2642.042,69.75,0.0,0.0,44616626.0
2021-04-07,Algeria,118004.0,125.0,3116.0,4.0,2644.844,69.839,0.0,0.0,44616626.0
2021-04-08,Algeria,118116.0,112.0,3119.0,3.0,2647.354,69.907,0.0,0.0,44616626.0
2021-04-09,Algeria,118251.0,135.0,3123.0,4.0,2650.38,69.996,0.0,0.0,44616626.0
2021-04-10,Algeria,118378.0,127.0,3126.0,3.0,2653.226,70.064,0.0,0.0,44616626.0
2021-04-11,Algeria,118516.0,138.0,3130.0,4.0,2656.319,70.153,0.0,0.0,44616626.0
2021-04-12,Algeria,118645.0,129.0,3134.0,4.0,2659.21,70.243,0.0,0.0,44616626.0
2021-04-13,Algeria,118799.0,154.0,3137.0,3.0,2662.662,70.31,0.0,0.0,44616626.0
2021-04-14,Algeria,118975.0,176.0,3141.0,4.0,2666.607,70.4,0.0,0.0,44616626.0
2021-04-15,Algeria,119142.0,167.0,3144.0,3.0,2670.35,70.467,0.0,0.0,44616626.0
2021-04-16,Algeria,119323.0,181.0,3148.0,4.0,2674.407,70.557,0.0,0.0,44616626.0
2021-04-17,Algeria,119486.0,163.0,3152.0,4.0,2678.06,70.646,0.0,0.0,44616626.0
2021-04-18,Algeria,119642.0,156.0,3155.0,3.0,2681.556,70.714,0.0,0.0,44616626.0
2021-04-19,Algeria,119805.0,163.0,3160.0,5.0,2685.21,70.826,0.0,0.0,44616626.0
2021-04-20,Algeria,119992.0,187.0,3165.0,5.0,2689.401,70.938,0.0,0.0,44616626.0
2021-04-21,Algeria,120174.0,182.0,3172.0,7.0,2693.48,71.095,0.0,0.0,44616626.0
2021-04-22,Algeria,120363.0,189.0,3181.0,9.0,2697.716,71.296,0.0,0.0,44616626.0
2021-04-23,Algeria,120562.0,199.0,3190.0,9.0,2702.177,71.498,0.0,0.0,44616626.0
2021-04-24,Algeria,120736.0,174.0,3198.0,8.0,2706.076,71.677,0.0,0.0,44616626.0
2021-04-25,Algeria,120922.0,186.0,3207.0,9.0,2710.245,71.879,0.0,0.0,44616626.0
2021-04-26,Algeria,121112.0,190.0,3217.0,10.0,2714.504,72.103,0.0,0.0,44616626.0
2021-04-27,Algeria,121344.0,232.0,3225.0,8.0,2719.704,72.282,0.0,0.0,44616626.0
2021-04-28,Algeria,121580.0,236.0,3234.0,9.0,2724.993,72.484,0.0,0.0,44616626.0
2021-04-29,Algeria,121866.0,286.0,3244.0,10.0,2731.403,72.708,0.0,0.0,44616626.0
2021-04-30,Algeria,122108.0,242.0,3253.0,9.0,2736.827,72.91,0.0,0.0,44616626.0
2021-05-01,Algeria,122311.0,203.0,3261.0,8.0,2741.377,73.089,0.0,0.0,44616626.0
2021-05-02,Algeria,122522.0,211.0,3270.0,9.0,2746.106,73.291,0.0,0.0,44616626.0
2021-05-03,Algeria,122717.0,195.0,3280.0,10.0,2750.477,73.515,0.0,0.0,44616626.0
2021-05-04,Algeria,122999.0,282.0,3289.0,9.0,2756.797,73.717,0.0,0.0,44616626.0
2021-05-05,Algeria,123272.0,273.0,3299.0,10.0,2762.916,73.941,0.0,0.0,44616626.0
2021-05-06,Algeria,123473.0,201.0,3307.0,8.0,2767.421,74.12,0.0,0.0,44616626.0
2021-05-07,Algeria,123692.0,219.0,3315.0,8.0,2772.33,74.3,0.0,0.0,44616626.0
2021-05-08,Algeria,123900.0,208.0,3321.0,6.0,2776.992,74.434,0.0,0.0,44616626.0
2021-05-09,Algeria,124104.0,204.0,3328.0,7.0,2781.564,74.591,0.0,0.0,44616626.0
2021-05-10,Algeria,124288.0,184.0,3335.0,7.0,2785.688,74.748,0.0,0.0,44616626.0
2021-05-11,Algeria,124483.0,195.0,3343.0,8.0,2790.059,74.927,0.0,0.0,44616626.0
2021-05-12,Algeria,124682.0,199.0,3350.0,7.0,2794.519,75.084,0.0,0.0,44616626.0
2021-05-13,Algeria,124889.0,207.0,3355.0,5.0,2799.158,75.196,0.0,0.0,44616626.0
2021-05-14,Algeria,125059.0,170.0,3360.0,5.0,2802.969,75.308,0.0,0.0,44616626.0
2021-05-15,Algeria,125194.0,135.0,3366.0,6.0,2805.994,75.443,0.0,0.0,44616626.0
2021-05-16,Algeria,125311.0,117.0,3374.0,8.0,2808.617,75.622,0.0,0.0,44616626.0
2021-05-17,Algeria,125485.0,174.0,3381.0,7.0,2812.517,75.779,0.0,0.0,44616626.0
2021-05-18,Algeria,125693.0,208.0,3388.0,7.0,2817.179,75.936,0.0,0.0,44616626.0
2021-05-19,Algeria,125896.0,203.0,3395.0,7.0,2821.728,76.093,0.0,0.0,44616626.0
2021-05-20,Algeria,126156.0,260.0,3401.0,6.0,2827.556,76.227,0.0,0.0,44616626.0
2021-05-21,Algeria,126434.0,278.0,3405.0,4.0,2833.787,76.317,0.0,0.0,44616626.0
2021-05-22,Algeria,126651.0,217.0,3411.0,6.0,2838.65,76.451,0.0,0.0,44616626.0
2021-05-23,Algeria,126860.0,209.0,3418.0,7.0,2843.335,76.608,0.0,0.0,44616626.0
2021-05-24,Algeria,127107.0,247.0,3426.0,8.0,2848.871,76.788,0.0,0.0,44616626.0
2021-05-25,Algeria,127361.0,254.0,3433.0,7.0,2854.564,76.944,0.0,0.0,44616626.0
2021-05-26,Algeria,127646.0,285.0,3440.0,7.0,2860.951,77.101,0.0,0.0,44616626.0
2021-05-27,Algeria,127926.0,280.0,3448.0,8.0,2867.227,77.281,0.0,0.0,44616626.0
2021-05-28,Algeria,128198.0,272.0,3455.0,7.0,2873.324,77.438,0.0,0.0,44616626.0
2021-05-29,Algeria,128456.0,258.0,3460.0,5.0,2879.106,77.55,0.0,0.0,44616626.0
2021-05-30,Algeria,128725.0,269.0,3465.0,5.0,2885.135,77.662,0.0,0.0,44616626.0
2021-05-31,Algeria,128913.0,188.0,3472.0,7.0,2889.349,77.819,0.0,0.0,44616626.0
2021-06-01,Algeria,129218.0,305.0,3480.0,8.0,2896.185,77.998,0.0,0.0,44616626.0
2021-06-02,Algeria,129640.0,422.0,3490.0,10.0,2905.643,78.222,0.0,0.0,44616626.0
2021-06-03,Algeria,129976.0,336.0,3497.0,7.0,2913.174,78.379,0.0,0.0,44616626.0
2021-06-04,Algeria,130361.0,385.0,3504.0,7.0,2921.803,78.536,0.0,0.0,44616626.0
2021-06-05,Algeria,130681.0,320.0,3510.0,6.0,2928.975,78.67,0.0,0.0,44616626.0
2021-06-06,Algeria,130958.0,277.0,3518.0,8.0,2935.184,78.85,0.0,0.0,44616626.0
2021-06-07,Algeria,131283.0,325.0,3527.0,9.0,2942.468,79.051,0.0,0.0,44616626.0
2021-06-08,Algeria,131647.0,364.0,3537.0,10.0,2950.627,79.275,0.0,0.0,44616626.0
2021-06-09,Algeria,132034.0,387.0,3544.0,7.0,2959.3,79.432,0.0,0.0,44616626.0
2021-06-10,Algeria,132355.0,321.0,3552.0,8.0,2966.495,79.612,0.0,0.0,44616626.0
2021-06-11,Algeria,132727.0,372.0,3560.0,8.0,2974.833,79.791,0.0,0.0,44616626.0
2021-06-12,Algeria,133070.0,343.0,3565.0,5.0,2982.52,79.903,0.0,0.0,44616626.0
2021-06-13,Algeria,133388.0,318.0,3571.0,6.0,2989.648,80.037,0.0,0.0,44616626.0
2021-06-14,Algeria,133742.0,354.0,3579.0,8.0,2997.582,80.217,0.0,0.0,44616626.0
2021-06-15,Algeria,134115.0,373.0,3588.0,9.0,3005.942,80.418,0.0,0.0,44616626.0
2021-06-16,Algeria,134458.0,343.0,3598.0,10.0,3013.63,80.643,0.0,0.0,44616626.0
2021-06-17,Algeria,134840.0,382.0,3605.0,7.0,3022.192,80.799,0.0,0.0,44616626.0
2021-06-18,Algeria,135219.0,379.0,3615.0,10.0,3030.686,81.024,0.0,0.0,44616626.0
2021-06-19,Algeria,135586.0,367.0,3624.0,9.0,3038.912,81.225,0.0,0.0,44616626.0
2021-06-20,Algeria,135821.0,235.0,3631.0,7.0,3044.179,81.382,0.0,0.0,44616626.0
2021-06-21,Algeria,136294.0,473.0,3641.0,10.0,3054.781,81.606,0.0,0.0,44616626.0
2021-06-22,Algeria,136679.0,385.0,3650.0,9.0,3063.41,81.808,0.0,0.0,44616626.0
2021-06-23,Algeria,137049.0,370.0,3660.0,10.0,3071.702,82.032,0.0,0.0,44616626.0
2021-06-24,Algeria,137403.0,354.0,3669.0,9.0,3079.637,82.234,0.0,0.0,44616626.0
2021-06-25,Algeria,137772.0,369.0,3678.0,9.0,3087.907,82.436,0.0,0.0,44616626.0
2021-06-26,Algeria,138113.0,341.0,3685.0,7.0,3095.55,82.593,0.0,0.0,44616626.0
2021-06-27,Algeria,138465.0,352.0,3693.0,8.0,3103.44,82.772,0.0,0.0,44616626.0
2021-06-28,Algeria,138840.0,375.0,3699.0,6.0,3111.844,82.906,0.0,0.0,44616626.0
2021-06-29,Algeria,139229.0,389.0,3708.0,9.0,3120.563,83.108,0.0,0.0,44616626.0
2021-06-30,Algeria,139626.0,397.0,3716.0,8.0,3129.461,83.287,0.0,0.0,44616626.0
2021-07-01,Algeria,140075.0,449.0,3726.0,10.0,3139.525,83.511,0.0,0.0,44616626.0
2021-07-02,Algeria,140550.0,475.0,3735.0,9.0,3150.171,83.713,0.0,0.0,44616626.0
2021-07-03,Algeria,141007.0,457.0,3745.0,10.0,3160.414,83.937,0.0,0.0,44616626.0
2021-07-04,Algeria,141471.0,464.0,3755.0,10.0,3170.813,84.161,0.0,0.0,44616626.0
2021-07-05,Algeria,141966.0,495.0,3765.0,10.0,3181.908,84.386,0.0,0.0,44616626.0
2021-07-06,Algeria,142447.0,481.0,3775.0,10.0,3192.689,84.61,0.0,0.0,44616626.0
2021-07-07,Algeria,143032.0,585.0,3786.0,11.0,3205.8,84.856,0.0,0.0,44616626.0
2021-07-08,Algeria,143652.0,620.0,3798.0,12.0,3219.697,85.125,0.0,0.0,44616626.0
2021-07-09,Algeria,144483.0,831.0,3811.0,13.0,3238.322,85.417,0.0,0.0,44616626.0
2021-07-10,Algeria,145296.0,813.0,3824.0,13.0,3256.544,85.708,0.0,0.0,44616626.0
2021-07-11,Algeria,146064.0,768.0,3836.0,12.0,3273.757,85.977,0.0,0.0,44616626.0
2021-07-12,Algeria,146942.0,878.0,3851.0,15.0,3293.436,86.313,0.0,0.0,44616626.0
2021-07-13,Algeria,147883.0,941.0,3867.0,16.0,3314.527,86.672,0.0,0.0,44616626.0
2021-07-14,Algeria,148797.0,914.0,3882.0,15.0,3335.012,87.008,0.0,0.0,44616626.0
2021-07-15,Algeria,149906.0,1109.0,3895.0,13.0,3359.869,87.299,0.0,0.0,44616626.0
2021-07-16,Algeria,151103.0,1197.0,3910.0,15.0,3386.697,87.635,0.0,0.0,44616626.0
2021-07-17,Algeria,152210.0,1107.0,3922.0,12.0,3411.509,87.904,0.0,0.0,44616626.0
2021-07-18,Algeria,153309.0,1099.0,3938.0,16.0,3436.141,88.263,0.0,0.0,44616626.0
2021-07-19,Algeria,154486.0,1177.0,3956.0,18.0,3462.521,88.666,0.0,0.0,44616626.0
2021-07-20,Algeria,155784.0,1298.0,3979.0,23.0,3491.613,89.182,0.0,0.0,44616626.0
2021-07-21,Algeria,157005.0,1221.0,3994.0,15.0,3518.98,89.518,0.0,0.0,44616626.0
2021-07-22,Algeria,158213.0,1208.0,4008.0,14.0,3546.055,89.832,0.0,0.0,44616626.0
2021-07-23,Algeria,159563.0,1350.0,4026.0,18.0,3576.313,90.235,0.0,0.0,44616626.0
2021-07-24,Algeria,160868.0,1305.0,4042.0,16.0,3605.562,90.594,0.0,0.0,44616626.0
2021-07-25,Algeria,162155.0,1287.0,4063.0,21.0,3634.407,91.065,0.0,0.0,44616626.0
2021-07-26,Algeria,163660.0,1505.0,4087.0,24.0,3668.139,91.603,0.0,0.0,44616626.0
2021-07-27,Algeria,165204.0,1544.0,4112.0,25.0,3702.745,92.163,0.0,0.0,44616626.0
2021-07-28,Algeria,167131.0,1927.0,4161.0,49.0,3745.935,93.261,0.0,0.0,44616626.0
2021-07-29,Algeria,168668.0,1537.0,4189.0,28.0,3780.384,93.889,0.0,0.0,44616626.0
2021-07-30,Algeria,170189.0,1521.0,4219.0,30.0,3814.475,94.561,0.0,0.0,44616626.0
2021-07-31,Algeria,171392.0,1203.0,4254.0,35.0,3841.438,95.346,0.0,0.0,44616626.0
2021-08-01,Algeria,172564.0,1172.0,4291.0,37.0,3867.706,96.175,0.0,0.0,44616626.0
2021-08-02,Algeria,173922.0,1358.0,4329.0,38.0,3898.143,97.027,0.0,0.0,44616626.0
2021-08-03,Algeria,175229.0,1307.0,4370.0,41.0,3927.437,97.946,0.0,0.0,44616626.0
2021-08-04,Algeria,176724.0,1495.0,4404.0,34.0,3960.945,98.708,0.0,0.0,44616626.0
2021-08-05,Algeria,178013.0,1289.0,4441.0,37.0,3989.836,99.537,0.0,0.0,44616626.0
2021-08-06,Algeria,179216.0,1203.0,4487.0,46.0,4016.799,100.568,0.0,0.0,44616626.0
2021-08-07,Algeria,180356.0,1140.0,4520.0,33.0,4042.35,101.308,0.0,0.0,44616626.0
2021-08-08,Algeria,181376.0,1020.0,4550.0,30.0,4065.211,101.98,0.0,0.0,44616626.0
2021-08-09,Algeria,182368.0,992.0,4578.0,28.0,4087.445,102.607,0.0,0.0,44616626.0
2021-08-10,Algeria,183347.0,979.0,4618.0,40.0,4109.387,103.504,0.0,0.0,44616626.0
2021-08-11,Algeria,184191.0,844.0,4654.0,36.0,4128.304,104.311,0.0,0.0,44616626.0
2021-08-12,Algeria,185042.0,851.0,4695.0,41.0,4147.378,105.23,0.0,0.0,44616626.0
2021-08-13,Algeria,185902.0,860.0,4730.0,35.0,4166.653,106.014,0.0,0.0,44616626.0
2021-08-14,Algeria,186655.0,753.0,4766.0,36.0,4183.53,106.821,0.0,0.0,44616626.0
2021-08-15,Algeria,187258.0,603.0,4794.0,28.0,4197.045,107.449,0.0,0.0,44616626.0
2021-08-16,Algeria,187968.0,710.0,4830.0,36.0,4212.959,108.256,0.0,0.0,44616626.0
2021-08-17,Algeria,188663.0,695.0,4867.0,37.0,4228.536,109.085,0.0,0.0,44616626.0
2021-08-18,Algeria,189384.0,721.0,4898.0,31.0,4244.696,109.78,0.0,0.0,44616626.0
2021-08-19,Algeria,190078.0,694.0,4929.0,31.0,4260.25,110.475,0.0,0.0,44616626.0
2021-08-20,Algeria,190656.0,578.0,4957.0,28.0,4273.205,111.102,3421279.0,724812.0,44616626.0
2021-08-21,Algeria,191171.0,515.0,4984.0,27.0,4284.748,111.707,0.0,0.0,44616626.0
2021-08-22,Algeria,191583.0,412.0,5004.0,20.0,4293.982,112.156,0.0,0.0,44616626.0
2021-08-23,Algeria,192089.0,506.0,5034.0,30.0,4305.323,112.828,0.0,0.0,44616626.0
2021-08-24,Algeria,192626.0,537.0,5063.0,29.0,4317.359,113.478,0.0,0.0,44616626.0
2021-08-25,Algeria,193171.0,545.0,5096.0,33.0,4329.574,114.218,0.0,0.0,44616626.0
2021-08-26,Algeria,193674.0,503.0,5121.0,25.0,4340.848,114.778,0.0,0.0,44616626.0
2021-08-27,Algeria,194186.0,512.0,5148.0,27.0,4352.324,115.383,0.0,0.0,44616626.0
2021-08-28,Algeria,194671.0,485.0,5179.0,31.0,4363.194,116.078,0.0,0.0,44616626.0
2021-08-29,Algeria,195162.0,491.0,5209.0,30.0,4374.199,116.75,0.0,0.0,44616626.0
2021-08-30,Algeria,195574.0,412.0,5240.0,31.0,4383.433,117.445,0.0,0.0,44616626.0
2021-08-31,Algeria,196080.0,506.0,5269.0,29.0,4394.774,118.095,0.0,0.0,44616626.0
2021-09-01,Algeria,196527.0,447.0,5302.0,33.0,4404.793,118.835,0.0,0.0,44616626.0
2021-09-02,Algeria,196915.0,388.0,5339.0,37.0,4413.489,119.664,0.0,0.0,44616626.0
2021-09-03,Algeria,197308.0,393.0,5373.0,34.0,4422.298,120.426,0.0,0.0,44616626.0
2021-09-04,Algeria,197659.0,351.0,5399.0,26.0,4430.165,121.009,5000000.0,3000000.0,44616626.0
2021-09-05,Algeria,198004.0,345.0,5420.0,21.0,4437.897,121.479,0.0,0.0,44616626.0
2021-09-06,Algeria,198313.0,309.0,5445.0,25.0,4444.823,122.04,0.0,0.0,44616626.0
2021-09-07,Algeria,198645.0,332.0,5471.0,26.0,4452.264,122.622,0.0,0.0,44616626.0
2021-09-08,Algeria,198962.0,317.0,5489.0,18.0,4459.369,123.026,0.0,0.0,44616626.0
2021-09-09,Algeria,199275.0,313.0,5519.0,30.0,4466.384,123.698,0.0,0.0,44616626.0
2021-09-10,Algeria,199560.0,285.0,5539.0,20.0,4472.772,124.147,0.0,0.0,44616626.0
2021-09-11,Algeria,199822.0,262.0,5558.0,19.0,4478.644,124.572,0.0,0.0,44616626.0
2021-09-12,Algeria,200068.0,246.0,5578.0,20.0,4484.158,125.021,5815039.0,0.0,44616626.0
2021-09-13,Algeria,200301.0,233.0,5596.0,18.0,4489.38,125.424,0.0,0.0,44616626.0
2021-09-14,Algeria,200528.0,227.0,5614.0,18.0,4494.468,125.828,0.0,0.0,44616626.0
2021-09-15,Algeria,200770.0,242.0,5630.0,16.0,4499.892,126.186,0.0,0.0,44616626.0
2021-09-16,Algeria,200989.0,219.0,5651.0,21.0,4504.801,126.657,0.0,0.0,44616626.0
2021-09-17,Algeria,201224.0,235.0,5670.0,19.0,4510.068,127.083,0.0,0.0,44616626.0
2021-09-18,Algeria,201425.0,201.0,5681.0,11.0,4514.573,127.329,0.0,0.0,44616626.0
2021-09-19,Algeria,201600.0,175.0,5694.0,13.0,4518.495,127.621,0.0,0.0,44616626.0
2021-09-20,Algeria,201766.0,166.0,5709.0,15.0,4522.216,127.957,0.0,0.0,44616626.0
2021-09-21,Algeria,201948.0,182.0,5725.0,16.0,4526.295,128.315,0.0,0.0,44616626.0
2021-09-22,Algeria,202122.0,174.0,5739.0,14.0,4530.195,128.629,0.0,0.0,44616626.0
2021-09-23,Algeria,202283.0,161.0,5748.0,9.0,4533.803,128.831,0.0,0.0,44616626.0
2021-09-24,Algeria,202449.0,166.0,5758.0,10.0,4537.524,129.055,0.0,0.0,44616626.0
2021-09-25,Algeria,202574.0,125.0,5767.0,9.0,4540.325,129.257,6017036.0,4032942.0,44616626.0
2021-09-26,Algeria,202722.0,148.0,5777.0,10.0,4543.643,129.481,0.0,0.0,44616626.0
2021-09-27,Algeria,202877.0,155.0,5786.0,9.0,4547.117,129.683,0.0,0.0,44616626.0
2021-09-28,Algeria,203045.0,168.0,5797.0,11.0,4550.882,129.929,0.0,0.0,44616626.0
2021-09-29,Algeria,203198.0,153.0,5805.0,8.0,4554.311,130.108,0.0,0.0,44616626.0
2021-09-30,Algeria,203359.0,161.0,5812.0,7.0,4557.92,130.265,0.0,0.0,44616626.0
2021-10-01,Algeria,203517.0,158.0,5815.0,3.0,4561.461,130.333,0.0,0.0,44616626.0
2021-10-02,Algeria,203657.0,140.0,5819.0,4.0,4564.599,130.422,0.0,0.0,44616626.0
2021-10-03,Algeria,203789.0,132.0,5822.0,3.0,4567.557,130.489,0.0,0.0,44616626.0
2021-10-04,Algeria,203915.0,126.0,5826.0,4.0,4570.381,130.579,0.0,0.0,44616626.0
2021-10-05,Algeria,204046.0,131.0,5831.0,5.0,4573.318,130.691,0.0,0.0,44616626.0
2021-10-06,Algeria,204171.0,125.0,5838.0,7.0,4576.119,130.848,0.0,0.0,44616626.0
2021-10-07,Algeria,204276.0,105.0,5843.0,5.0,4578.473,130.96,0.0,0.0,44616626.0
2021-10-08,Algeria,204388.0,112.0,5846.0,3.0,4580.983,131.027,0.0,0.0,44616626.0
2021-10-09,Algeria,204490.0,102.0,5850.0,4.0,4583.269,131.117,0.0,0.0,44616626.0
2021-10-10,Algeria,204597.0,107.0,5853.0,3.0,4585.667,131.184,0.0,0.0,44616626.0
2021-10-11,Algeria,204695.0,98.0,5855.0,2.0,4587.864,131.229,0.0,0.0,44616626.0
2021-10-12,Algeria,204790.0,95.0,5859.0,4.0,4589.993,131.319,0.0,0.0,44616626.0
2021-10-13,Algeria,204900.0,110.0,5862.0,3.0,4592.458,131.386,0.0,0.0,44616626.0
2021-10-14,Algeria,205005.0,105.0,5864.0,2.0,4594.812,131.431,0.0,0.0,44616626.0
2021-10-15,Algeria,205106.0,101.0,5867.0,3.0,4597.076,131.498,0.0,0.0,44616626.0
2021-10-16,Algeria,205199.0,93.0,5870.0,3.0,4599.16,131.565,0.0,0.0,44616626.0
2021-10-17,Algeria,205286.0,87.0,5872.0,2.0,4601.11,131.61,0.0,0.0,44616626.0
2021-10-18,Algeria,205364.0,78.0,5873.0,1.0,4602.858,131.633,0.0,0.0,44616626.0
2021-10-19,Algeria,205453.0,89.0,5875.0,2.0,4604.853,131.677,0.0,0.0,44616626.0
2021-10-20,Algeria,205529.0,76.0,5878.0,3.0,4606.556,131.745,0.0,0.0,44616626.0
2021-10-21,Algeria,205599.0,70.0,5881.0,3.0,4608.125,131.812,0.0,0.0,44616626.0
2021-10-22,Algeria,205683.0,84.0,5883.0,2.0,4610.008,131.857,0.0,0.0,44616626.0
2021-10-23,Algeria,205750.0,67.0,5886.0,3.0,4611.51,131.924,0.0,0.0,44616626.0
2021-10-24,Algeria,205822.0,72.0,5890.0,4.0,4613.123,132.014,6328806.0,4751933.0,44616626.0
2021-10-25,Algeria,205903.0,81.0,5894.0,4.0,4614.939,132.103,0.0,0.0,44616626.0
2021-10-26,Algeria,205990.0,87.0,5899.0,5.0,4616.889,132.215,0.0,0.0,44616626.0
2021-10-27,Algeria,206069.0,79.0,5904.0,5.0,4618.659,132.327,6351998.0,4796722.0,44616626.0
2021-10-28,Algeria,206160.0,91.0,5907.0,3.0,4620.699,132.395,0.0,0.0,44616626.0
2021-10-29,Algeria,206270.0,110.0,5913.0,6.0,4623.164,132.529,0.0,0.0,44616626.0
2021-10-30,Algeria,206358.0,88.0,5918.0,5.0,4625.137,132.641,6364327.0,4815027.0,44616626.0
2021-10-31,Algeria,206452.0,94.0,5920.0,2.0,4627.244,132.686,0.0,0.0,44616626.0
2021-11-01,Algeria,206566.0,114.0,5924.0,4.0,4629.799,132.776,0.0,0.0,44616626.0
2021-11-02,Algeria,206649.0,83.0,5927.0,3.0,4631.659,132.843,6399209.0,4872110.0,44616626.0
2021-11-03,Algeria,206754.0,105.0,5931.0,4.0,4634.012,132.933,0.0,0.0,44616626.0
2021-11-04,Algeria,206878.0,124.0,5936.0,5.0,4636.792,133.045,0.0,0.0,44616626.0
2021-11-05,Algeria,206995.0,117.0,5939.0,3.0,4639.414,133.112,0.0,0.0,44616626.0
2021-11-06,Algeria,207079.0,84.0,5941.0,2.0,4641.297,133.157,0.0,0.0,44616626.0
2021-11-07,Algeria,207156.0,77.0,5945.0,4.0,4643.023,133.246,0.0,0.0,44616626.0
2021-11-08,Algeria,207254.0,98.0,5950.0,5.0,4645.219,133.358,6418827.0,4897288.0,44616626.0
2021-11-09,Algeria,207385.0,131.0,5954.0,4.0,4648.155,133.448,0.0,0.0,44616626.0
2021-11-10,Algeria,207509.0,124.0,5960.0,6.0,4650.934,133.582,0.0,0.0,44616626.0
2021-11-11,Algeria,207624.0,115.0,5966.0,6.0,4653.512,133.717,0.0,0.0,44616626.0
2021-11-12,Algeria,207764.0,140.0,5971.0,5.0,4656.65,133.829,0.0,0.0,44616626.0
2021-11-13,Algeria,207873.0,109.0,5977.0,6.0,4659.093,133.964,6446373.0,4930443.0,44616626.0
2021-11-14,Algeria,207970.0,97.0,5984.0,7.0,4661.267,134.12,0.0,0.0,44616626.0
2021-11-15,Algeria,208104.0,134.0,5991.0,7.0,4664.27,134.277,0.0,0.0,44616626.0
2021-11-16,Algeria,208245.0,141.0,5997.0,6.0,4667.43,134.412,0.0,0.0,44616626.0
2021-11-17,Algeria,208380.0,135.0,6005.0,8.0,4670.456,134.591,0.0,0.0,44616626.0
2021-11-18,Algeria,208532.0,152.0,6009.0,4.0,4673.863,134.681,0.0,0.0,44616626.0
2021-11-19,Algeria,208695.0,163.0,6015.0,6.0,4677.516,134.815,0.0,0.0,44616626.0
2021-11-20,Algeria,208839.0,144.0,6017.0,2.0,4680.744,134.86,0.0,0.0,44616626.0
2021-11-21,Algeria,208952.0,113.0,6021.0,4.0,4683.277,134.95,6697263.0,5298544.0,44616626.0
2021-11-22,Algeria,209111.0,159.0,6026.0,5.0,4686.84,135.062,6703364.0,5314016.0,44616626.0
2021-11-23,Algeria,209283.0,172.0,6030.0,4.0,4690.695,135.151,0.0,0.0,44616626.0
2021-11-24,Algeria,209463.0,180.0,6035.0,5.0,4694.73,135.263,0.0,0.0,44616626.0
2021-11-25,Algeria,209624.0,161.0,6041.0,6.0,4698.338,135.398,6716299.0,5340231.0,44616626.0
2021-11-26,Algeria,209817.0,193.0,6046.0,5.0,4702.664,135.51,0.0,0.0,44616626.0
2021-11-27,Algeria,209980.0,163.0,6052.0,6.0,4706.317,135.645,0.0,0.0,44616626.0
2021-11-28,Algeria,210152.0,172.0,6058.0,6.0,4710.172,135.779,0.0,0.0,44616626.0
2021-11-29,Algeria,210344.0,192.0,6064.0,6.0,4714.476,135.913,6740064.0,5380385.0,44616626.0
2021-11-30,Algeria,210531.0,187.0,6071.0,7.0,4718.667,136.07,6875003.0,5391232.0,44616626.0
2021-12-01,Algeria,210723.0,192.0,6076.0,5.0,4722.97,136.182,0.0,0.0,44616626.0
2021-12-02,Algeria,210921.0,198.0,6083.0,7.0,4727.408,136.339,0.0,0.0,44616626.0
2021-12-03,Algeria,211112.0,191.0,6089.0,6.0,4731.689,136.474,0.0,0.0,44616626.0
2021-12-04,Algeria,211297.0,185.0,6096.0,7.0,4735.835,136.631,0.0,0.0,44616626.0
2021-12-05,Algeria,211469.0,172.0,6103.0,7.0,4739.691,136.788,0.0,0.0,44616626.0
2021-12-06,Algeria,211662.0,193.0,6111.0,8.0,4744.016,136.967,0.0,0.0,44616626.0
2021-12-07,Algeria,211859.0,197.0,6114.0,3.0,4748.432,137.034,0.0,0.0,44616626.0
2021-12-08,Algeria,212047.0,188.0,6122.0,8.0,4752.645,137.213,0.0,0.0,44616626.0
2021-12-09,Algeria,212224.0,177.0,6126.0,4.0,4756.612,137.303,0.0,0.0,44616626.0
2021-12-10,Algeria,212434.0,210.0,6132.0,6.0,4761.319,137.438,0.0,0.0,44616626.0
2021-12-11,Algeria,212652.0,218.0,6137.0,5.0,4766.205,137.55,0.0,0.0,44616626.0
2021-12-12,Algeria,212848.0,196.0,6145.0,8.0,4770.598,137.729,0.0,0.0,44616626.0
2021-12-13,Algeria,213058.0,210.0,6151.0,6.0,4775.305,137.863,0.0,0.0,44616626.0
2021-12-14,Algeria,213288.0,230.0,6155.0,4.0,4780.46,137.953,7019879.0,5554702.0,44616626.0
2021-12-15,Algeria,213533.0,245.0,6165.0,10.0,4785.951,138.177,0.0,0.0,44616626.0
2021-12-16,Algeria,213745.0,212.0,6171.0,6.0,4790.703,138.312,0.0,0.0,44616626.0
2021-12-17,Algeria,214044.0,299.0,6175.0,4.0,4797.404,138.401,0.0,0.0,44616626.0
2021-12-18,Algeria,214330.0,286.0,6180.0,5.0,4803.815,138.513,0.0,0.0,44616626.0
2021-12-19,Algeria,214592.0,262.0,6184.0,4.0,4809.687,138.603,0.0,0.0,44616626.0
2021-12-20,Algeria,214835.0,243.0,6190.0,6.0,4815.133,138.738,0.0,0.0,44616626.0
2021-12-21,Algeria,215145.0,310.0,6198.0,8.0,4822.081,138.917,7060737.0,5609040.0,44616626.0
2021-12-22,Algeria,215430.0,285.0,6205.0,7.0,4828.469,139.074,0.0,0.0,44616626.0
2021-12-23,Algeria,215723.0,293.0,6213.0,8.0,4835.036,139.253,0.0,0.0,44616626.0
2021-12-24,Algeria,216098.0,375.0,6222.0,9.0,4843.441,139.455,0.0,0.0,44616626.0
2021-12-25,Algeria,216376.0,278.0,6229.0,7.0,4849.672,139.612,0.0,0.0,44616626.0
2021-12-26,Algeria,216637.0,261.0,6238.0,9.0,4855.522,139.813,0.0,0.0,44616626.0
2021-12-27,Algeria,216930.0,293.0,6246.0,8.0,4862.089,139.993,0.0,0.0,44616626.0
2021-12-28,Algeria,217265.0,335.0,6254.0,8.0,4869.597,140.172,0.0,0.0,44616626.0
2021-12-29,Algeria,217647.0,382.0,6263.0,9.0,4878.159,140.374,0.0,0.0,44616626.0
2021-12-30,Algeria,218037.0,390.0,6271.0,8.0,4886.9,140.553,0.0,0.0,44616626.0
2021-12-31,Algeria,218432.0,395.0,6276.0,5.0,4895.753,140.665,0.0,0.0,44616626.0
2022-01-01,Algeria,218818.0,386.0,6284.0,8.0,4904.405,140.844,0.0,0.0,44616626.0
2022-01-02,Algeria,219159.0,341.0,6291.0,7.0,4912.048,141.001,0.0,0.0,44616626.0
2022-01-03,Algeria,219532.0,373.0,6298.0,7.0,4920.408,141.158,0.0,0.0,44616626.0
2022-01-04,Algeria,219953.0,421.0,6303.0,5.0,4929.844,141.27,0.0,0.0,44616626.0
2022-01-05,Algeria,220415.0,462.0,6310.0,7.0,4940.199,141.427,0.0,0.0,44616626.0
2022-01-06,Algeria,220825.0,410.0,6318.0,8.0,4949.388,141.606,0.0,0.0,44616626.0
2022-01-07,Algeria,221316.0,491.0,6325.0,7.0,4960.393,141.763,0.0,0.0,44616626.0
2022-01-08,Algeria,221742.0,426.0,6330.0,5.0,4969.941,141.875,0.0,0.0,44616626.0
2022-01-09,Algeria,222157.0,415.0,6339.0,9.0,4979.242,142.077,7247787.0,5796432.0,44616626.0
2022-01-10,Algeria,222639.0,482.0,6349.0,10.0,4990.046,142.301,0.0,0.0,44616626.0
2022-01-11,Algeria,223196.0,557.0,6363.0,14.0,5002.53,142.615,0.0,0.0,44616626.0
2022-01-12,Algeria,223806.0,610.0,6372.0,9.0,5016.202,142.817,0.0,0.0,44616626.0
2022-01-13,Algeria,224383.0,577.0,6383.0,11.0,5029.134,143.063,0.0,0.0,44616626.0
2022-01-14,Algeria,224979.0,596.0,6393.0,10.0,5042.492,143.287,0.0,0.0,44616626.0
2022-01-15,Algeria,225484.0,505.0,6404.0,11.0,5053.811,143.534,0.0,0.0,44616626.0
2022-01-16,Algeria,226057.0,573.0,6412.0,8.0,5066.654,143.713,0.0,0.0,44616626.0
2022-01-17,Algeria,226749.0,692.0,6423.0,11.0,5082.164,143.96,0.0,0.0,44616626.0
2022-01-18,Algeria,227559.0,810.0,6435.0,12.0,5100.318,144.229,0.0,0.0,44616626.0
2022-01-19,Algeria,228918.0,1359.0,6443.0,8.0,5130.778,144.408,0.0,0.0,44616626.0
2022-01-20,Algeria,230470.0,1552.0,6453.0,10.0,5165.563,144.632,0.0,0.0,44616626.0
2022-01-21,Algeria,232325.0,1855.0,6468.0,15.0,5207.14,144.968,0.0,0.0,44616626.0
2022-01-22,Algeria,234536.0,2211.0,6481.0,13.0,5256.695,145.26,0.0,0.0,44616626.0
2022-01-23,Algeria,236670.0,2134.0,6495.0,14.0,5304.525,145.574,0.0,0.0,44616626.0
2022-01-24,Algeria,238885.0,2215.0,6508.0,13.0,5354.17,145.865,0.0,0.0,44616626.0
2022-01-25,Algeria,241406.0,2521.0,6516.0,8.0,5410.674,146.044,0.0,0.0,44616626.0
2022-01-26,Algeria,243568.0,2162.0,6526.0,10.0,5459.131,146.268,0.0,0.0,44616626.0
2022-01-27,Algeria,245698.0,2130.0,6539.0,13.0,5506.871,146.56,0.0,0.0,44616626.0
2022-01-28,Algeria,247568.0,1870.0,6545.0,6.0,5548.784,146.694,0.0,0.0,44616626.0
2022-01-29,Algeria,249310.0,1742.0,6555.0,10.0,5587.827,146.918,0.0,0.0,44616626.0
2022-01-30,Algeria,250774.0,1464.0,6566.0,11.0,5620.64,147.165,0.0,0.0,44616626.0
2022-01-31,Algeria,252117.0,1343.0,6579.0,13.0,5650.741,147.456,0.0,0.0,44616626.0
2022-02-01,Algeria,253520.0,1403.0,6593.0,14.0,5682.187,147.77,0.0,0.0,44616626.0
2022-02-02,Algeria,254885.0,1365.0,6604.0,11.0,5712.781,148.017,0.0,0.0,44616626.0
2022-02-03,Algeria,255836.0,951.0,6618.0,14.0,5734.096,148.33,0.0,0.0,44616626.0
2022-02-04,Algeria,256806.0,970.0,6631.0,13.0,5755.836,148.622,0.0,0.0,44616626.0
2022-02-05,Algeria,257598.0,792.0,6640.0,9.0,5773.588,148.823,0.0,0.0,44616626.0
2022-02-06,Algeria,257976.0,378.0,6646.0,6.0,5782.06,148.958,0.0,0.0,44616626.0
2022-02-07,Algeria,258478.0,502.0,6654.0,8.0,5793.311,149.137,0.0,0.0,44616626.0
2022-02-08,Algeria,259088.0,610.0,6667.0,13.0,5806.983,149.429,7403900.0,6003539.0,44616626.0
2022-02-09,Algeria,259673.0,585.0,6678.0,11.0,5820.095,149.675,0.0,0.0,44616626.0
2022-02-10,Algeria,260191.0,518.0,6690.0,12.0,5831.705,149.944,0.0,0.0,44616626.0
2022-02-11,Algeria,260723.0,532.0,6703.0,13.0,5843.629,150.235,0.0,0.0,44616626.0
2022-02-12,Algeria,261226.0,503.0,6715.0,12.0,5854.903,150.504,0.0,0.0,44616626.0
2022-02-13,Algeria,261752.0,526.0,6729.0,14.0,5866.692,150.818,0.0,0.0,44616626.0
2022-02-14,Algeria,262165.0,413.0,6744.0,15.0,5875.949,151.154,0.0,0.0,44616626.0
2022-02-15,Algeria,262570.0,405.0,6753.0,9.0,5885.026,151.356,0.0,0.0,44616626.0
2022-02-16,Algeria,262994.0,424.0,6762.0,9.0,5894.529,151.558,0.0,0.0,44616626.0
2022-02-17,Algeria,263369.0,375.0,6772.0,10.0,5902.934,151.782,0.0,0.0,44616626.0
2022-02-18,Algeria,263685.0,316.0,6780.0,8.0,5910.017,151.961,0.0,0.0,44616626.0
2022-02-19,Algeria,263936.0,251.0,6787.0,7.0,5915.642,152.118,0.0,0.0,44616626.0
2022-02-20,Algeria,264054.0,118.0,6797.0,10.0,5918.287,152.342,7456361.0,6076272.0,44616626.0
2022-02-21,Algeria,264201.0,147.0,6805.0,8.0,5921.582,152.522,0.0,0.0,44616626.0
2022-02-22,Algeria,264365.0,164.0,6812.0,7.0,5925.258,152.679,0.0,0.0,44616626.0
2022-02-23,Algeria,264488.0,123.0,6816.0,4.0,5928.014,152.768,0.0,0.0,44616626.0
2022-02-24,Algeria,264603.0,115.0,6820.0,4.0,5930.592,152.858,0.0,0.0,44616626.0
2022-02-25,Algeria,264706.0,103.0,6823.0,3.0,5932.9,152.925,0.0,0.0,44616626.0
2022-02-26,Algeria,264778.0,72.0,6828.0,5.0,5934.514,153.037,0.0,0.0,44616626.0
2022-02-27,Algeria,264855.0,77.0,6831.0,3.0,5936.24,153.104,0.0,0.0,44616626.0
2022-02-28,Algeria,264936.0,81.0,6835.0,4.0,5938.055,153.194,0.0,0.0,44616626.0
2022-03-01,Algeria,265010.0,74.0,6840.0,5.0,5939.714,153.306,0.0,0.0,44616626.0
2022-03-02,Algeria,265079.0,69.0,6843.0,3.0,5941.261,153.373,0.0,0.0,44616626.0
2022-03-03,Algeria,265130.0,51.0,6848.0,5.0,5942.404,153.485,0.0,0.0,44616626.0
2022-03-04,Algeria,265186.0,56.0,6852.0,4.0,5943.659,153.575,0.0,0.0,44616626.0
2022-03-05,Algeria,265227.0,41.0,6853.0,1.0,5944.578,153.597,0.0,0.0,44616626.0
2020-03-02,Andorra,1.0,1.0,0.0,0.0,12.928,0.0,0.0,0.0,77354.0
2020-03-03,Andorra,1.0,0.0,0.0,0.0,12.928,0.0,0.0,0.0,77354.0
2020-03-04,Andorra,1.0,0.0,0.0,0.0,12.928,0.0,0.0,0.0,77354.0
2020-03-05,Andorra,1.0,0.0,0.0,0.0,12.928,0.0,0.0,0.0,77354.0
2020-03-06,Andorra,1.0,0.0,0.0,0.0,12.928,0.0,0.0,0.0,77354.0
2020-03-07,Andorra,1.0,0.0,0.0,0.0,12.928,0.0,0.0,0.0,77354.0
2020-03-08,Andorra,1.0,0.0,0.0,0.0,12.928,0.0,0.0,0.0,77354.0
2020-03-09,Andorra,1.0,0.0,0.0,0.0,12.928,0.0,0.0,0.0,77354.0
2020-03-10,Andorra,1.0,0.0,0.0,0.0,12.928,0.0,0.0,0.0,77354.0
2020-03-11,Andorra,1.0,0.0,0.0,0.0,12.928,0.0,0.0,0.0,77354.0
2020-03-12,Andorra,1.0,0.0,0.0,0.0,12.928,0.0,0.0,0.0,77354.0
2020-03-13,Andorra,1.0,0.0,0.0,0.0,12.928,0.0,0.0,0.0,77354.0
2020-03-14,Andorra,1.0,0.0,0.0,0.0,12.928,0.0,0.0,0.0,77354.0
2020-03-15,Andorra,1.0,0.0,0.0,0.0,12.928,0.0,0.0,0.0,77354.0
2020-03-16,Andorra,2.0,1.0,0.0,0.0,25.855,0.0,0.0,0.0,77354.0
2020-03-17,Andorra,39.0,37.0,0.0,0.0,504.176,0.0,0.0,0.0,77354.0
2020-03-18,Andorra,39.0,0.0,0.0,0.0,504.176,0.0,0.0,0.0,77354.0
2020-03-19,Andorra,53.0,14.0,0.0,0.0,685.162,0.0,0.0,0.0,77354.0
2020-03-20,Andorra,75.0,22.0,0.0,0.0,969.568,0.0,0.0,0.0,77354.0
2020-03-21,Andorra,88.0,13.0,0.0,0.0,1137.627,0.0,0.0,0.0,77354.0
2020-03-22,Andorra,113.0,25.0,1.0,1.0,1460.817,12.928,0.0,0.0,77354.0
2020-03-23,Andorra,133.0,20.0,1.0,0.0,1719.368,12.928,0.0,0.0,77354.0
2020-03-24,Andorra,164.0,31.0,1.0,0.0,2120.123,12.928,0.0,0.0,77354.0
2020-03-25,Andorra,188.0,24.0,1.0,0.0,2430.385,12.928,0.0,0.0,77354.0
2020-03-26,Andorra,224.0,36.0,3.0,2.0,2895.778,38.783,0.0,0.0,77354.0
2020-03-27,Andorra,267.0,43.0,3.0,0.0,3451.664,38.783,0.0,0.0,77354.0
2020-03-28,Andorra,308.0,41.0,3.0,0.0,3981.695,38.783,0.0,0.0,77354.0
2020-03-29,Andorra,334.0,26.0,6.0,3.0,4317.812,77.565,0.0,0.0,77354.0
2020-03-30,Andorra,370.0,36.0,8.0,2.0,4783.204,103.421,0.0,0.0,77354.0
2020-03-31,Andorra,376.0,6.0,12.0,4.0,4860.77,155.131,0.0,0.0,77354.0
2020-04-01,Andorra,390.0,14.0,14.0,2.0,5041.756,180.986,0.0,0.0,77354.0
2020-04-02,Andorra,428.0,38.0,15.0,1.0,5533.004,193.914,0.0,0.0,77354.0
2020-04-03,Andorra,439.0,11.0,16.0,1.0,5675.207,206.841,0.0,0.0,77354.0
2020-04-04,Andorra,466.0,27.0,17.0,1.0,6024.252,219.769,0.0,0.0,77354.0
2020-04-05,Andorra,501.0,35.0,18.0,1.0,6476.717,232.696,0.0,0.0,77354.0
2020-04-06,Andorra,525.0,24.0,21.0,3.0,6786.979,271.479,0.0,0.0,77354.0
2020-04-07,Andorra,545.0,20.0,22.0,1.0,7045.531,284.407,0.0,0.0,77354.0
2020-04-08,Andorra,564.0,19.0,23.0,1.0,7291.155,297.334,0.0,0.0,77354.0
2020-04-09,Andorra,583.0,19.0,25.0,2.0,7536.779,323.189,0.0,0.0,77354.0
2020-04-10,Andorra,601.0,18.0,26.0,1.0,7769.475,336.117,0.0,0.0,77354.0
2020-04-11,Andorra,601.0,0.0,26.0,0.0,7769.475,336.117,0.0,0.0,77354.0
2020-04-12,Andorra,638.0,37.0,29.0,3.0,8247.796,374.9,0.0,0.0,77354.0
2020-04-13,Andorra,646.0,8.0,29.0,0.0,8351.216,374.9,0.0,0.0,77354.0
2020-04-14,Andorra,659.0,13.0,31.0,2.0,8519.275,400.755,0.0,0.0,77354.0
2020-04-15,Andorra,673.0,14.0,33.0,2.0,8700.261,426.61,0.0,0.0,77354.0
2020-04-16,Andorra,673.0,0.0,33.0,0.0,8700.261,426.61,0.0,0.0,77354.0
2020-04-17,Andorra,696.0,23.0,35.0,2.0,8997.595,452.465,0.0,0.0,77354.0
2020-04-18,Andorra,704.0,8.0,35.0,0.0,9101.016,452.465,0.0,0.0,77354.0
2020-04-19,Andorra,713.0,9.0,36.0,1.0,9217.364,465.393,0.0,0.0,77354.0
2020-04-20,Andorra,717.0,4.0,37.0,1.0,9269.075,478.32,0.0,0.0,77354.0
2020-04-21,Andorra,717.0,0.0,37.0,0.0,9269.075,478.32,0.0,0.0,77354.0
2020-04-22,Andorra,723.0,6.0,37.0,0.0,9346.64,478.32,0.0,0.0,77354.0
2020-04-23,Andorra,723.0,0.0,37.0,0.0,9346.64,478.32,0.0,0.0,77354.0
2020-04-24,Andorra,731.0,8.0,40.0,3.0,9450.061,517.103,0.0,0.0,77354.0
2020-04-25,Andorra,738.0,7.0,40.0,0.0,9540.554,517.103,0.0,0.0,77354.0
2020-04-26,Andorra,738.0,0.0,40.0,0.0,9540.554,517.103,0.0,0.0,77354.0
2020-04-27,Andorra,743.0,5.0,40.0,0.0,9605.192,517.103,0.0,0.0,77354.0
2020-04-28,Andorra,743.0,0.0,41.0,1.0,9605.192,530.031,0.0,0.0,77354.0
2020-04-29,Andorra,743.0,0.0,42.0,1.0,9605.192,542.958,0.0,0.0,77354.0
2020-04-30,Andorra,745.0,2.0,42.0,0.0,9631.047,542.958,0.0,0.0,77354.0
2020-05-01,Andorra,745.0,0.0,43.0,1.0,9631.047,555.886,0.0,0.0,77354.0
2020-05-02,Andorra,747.0,2.0,44.0,1.0,9656.902,568.814,0.0,0.0,77354.0
2020-05-03,Andorra,748.0,1.0,45.0,1.0,9669.83,581.741,0.0,0.0,77354.0
2020-05-04,Andorra,750.0,2.0,45.0,0.0,9695.685,581.741,0.0,0.0,77354.0
2020-05-05,Andorra,751.0,1.0,46.0,1.0,9708.612,594.669,0.0,0.0,77354.0
2020-05-06,Andorra,751.0,0.0,46.0,0.0,9708.612,594.669,0.0,0.0,77354.0
2020-05-07,Andorra,752.0,1.0,47.0,1.0,9721.54,607.596,0.0,0.0,77354.0
2020-05-08,Andorra,752.0,0.0,47.0,0.0,9721.54,607.596,0.0,0.0,77354.0
2020-05-09,Andorra,754.0,2.0,48.0,1.0,9747.395,620.524,0.0,0.0,77354.0
2020-05-10,Andorra,755.0,1.0,48.0,0.0,9760.323,620.524,0.0,0.0,77354.0
2020-05-11,Andorra,755.0,0.0,48.0,0.0,9760.323,620.524,0.0,0.0,77354.0
2020-05-12,Andorra,758.0,3.0,48.0,0.0,9799.105,620.524,0.0,0.0,77354.0
2020-05-13,Andorra,760.0,2.0,49.0,1.0,9824.961,633.451,0.0,0.0,77354.0
2020-05-14,Andorra,761.0,1.0,49.0,0.0,9837.888,633.451,0.0,0.0,77354.0
2020-05-15,Andorra,761.0,0.0,49.0,0.0,9837.888,633.451,0.0,0.0,77354.0
2020-05-16,Andorra,761.0,0.0,51.0,2.0,9837.888,659.307,0.0,0.0,77354.0
2020-05-17,Andorra,761.0,0.0,51.0,0.0,9837.888,659.307,0.0,0.0,77354.0
2020-05-18,Andorra,761.0,0.0,51.0,0.0,9837.888,659.307,0.0,0.0,77354.0
2020-05-19,Andorra,761.0,0.0,51.0,0.0,9837.888,659.307,0.0,0.0,77354.0
2020-05-20,Andorra,762.0,1.0,51.0,0.0,9850.816,659.307,0.0,0.0,77354.0
2020-05-21,Andorra,762.0,0.0,51.0,0.0,9850.816,659.307,0.0,0.0,77354.0
2020-05-22,Andorra,762.0,0.0,51.0,0.0,9850.816,659.307,0.0,0.0,77354.0
2020-05-23,Andorra,762.0,0.0,51.0,0.0,9850.816,659.307,0.0,0.0,77354.0
2020-05-24,Andorra,762.0,0.0,51.0,0.0,9850.816,659.307,0.0,0.0,77354.0
2020-05-25,Andorra,763.0,1.0,51.0,0.0,9863.743,659.307,0.0,0.0,77354.0
2020-05-26,Andorra,763.0,0.0,51.0,0.0,9863.743,659.307,0.0,0.0,77354.0
2020-05-27,Andorra,763.0,0.0,51.0,0.0,9863.743,659.307,0.0,0.0,77354.0
2020-05-28,Andorra,763.0,0.0,51.0,0.0,9863.743,659.307,0.0,0.0,77354.0
2020-05-29,Andorra,764.0,1.0,51.0,0.0,9876.671,659.307,0.0,0.0,77354.0
2020-05-30,Andorra,764.0,0.0,51.0,0.0,9876.671,659.307,0.0,0.0,77354.0
2020-05-31,Andorra,764.0,0.0,51.0,0.0,9876.671,659.307,0.0,0.0,77354.0
2020-06-01,Andorra,765.0,1.0,51.0,0.0,9889.598,659.307,0.0,0.0,77354.0
2020-06-02,Andorra,844.0,79.0,51.0,0.0,10910.877,659.307,0.0,0.0,77354.0
2020-06-03,Andorra,851.0,7.0,51.0,0.0,11001.37,659.307,0.0,0.0,77354.0
2020-06-04,Andorra,852.0,1.0,51.0,0.0,11014.298,659.307,0.0,0.0,77354.0
2020-06-05,Andorra,852.0,0.0,51.0,0.0,11014.298,659.307,0.0,0.0,77354.0
2020-06-06,Andorra,852.0,0.0,51.0,0.0,11014.298,659.307,0.0,0.0,77354.0
2020-06-07,Andorra,852.0,0.0,51.0,0.0,11014.298,659.307,0.0,0.0,77354.0
2020-06-08,Andorra,852.0,0.0,51.0,0.0,11014.298,659.307,0.0,0.0,77354.0
2020-06-09,Andorra,852.0,0.0,51.0,0.0,11014.298,659.307,0.0,0.0,77354.0
2020-06-10,Andorra,852.0,0.0,51.0,0.0,11014.298,659.307,0.0,0.0,77354.0
2020-06-11,Andorra,852.0,0.0,51.0,0.0,11014.298,659.307,0.0,0.0,77354.0
2020-06-12,Andorra,853.0,1.0,51.0,0.0,11027.225,659.307,0.0,0.0,77354.0
2020-06-13,Andorra,853.0,0.0,51.0,0.0,11027.225,659.307,0.0,0.0,77354.0
2020-06-14,Andorra,853.0,0.0,51.0,0.0,11027.225,659.307,0.0,0.0,77354.0
2020-06-15,Andorra,853.0,0.0,51.0,0.0,11027.225,659.307,0.0,0.0,77354.0
2020-06-16,Andorra,854.0,1.0,52.0,1.0,11040.153,672.234,0.0,0.0,77354.0
2020-06-17,Andorra,854.0,0.0,52.0,0.0,11040.153,672.234,0.0,0.0,77354.0
2020-06-18,Andorra,855.0,1.0,52.0,0.0,11053.081,672.234,0.0,0.0,77354.0
2020-06-19,Andorra,855.0,0.0,52.0,0.0,11053.081,672.234,0.0,0.0,77354.0
2020-06-20,Andorra,855.0,0.0,52.0,0.0,11053.081,672.234,0.0,0.0,77354.0
2020-06-21,Andorra,855.0,0.0,52.0,0.0,11053.081,672.234,0.0,0.0,77354.0
2020-06-22,Andorra,855.0,0.0,52.0,0.0,11053.081,672.234,0.0,0.0,77354.0
2020-06-23,Andorra,855.0,0.0,52.0,0.0,11053.081,672.234,0.0,0.0,77354.0
2020-06-24,Andorra,855.0,0.0,52.0,0.0,11053.081,672.234,0.0,0.0,77354.0
2020-06-25,Andorra,855.0,0.0,52.0,0.0,11053.081,672.234,0.0,0.0,77354.0
2020-06-26,Andorra,855.0,0.0,52.0,0.0,11053.081,672.234,0.0,0.0,77354.0
2020-06-27,Andorra,855.0,0.0,52.0,0.0,11053.081,672.234,0.0,0.0,77354.0
2020-06-28,Andorra,855.0,0.0,52.0,0.0,11053.081,672.234,0.0,0.0,77354.0
2020-06-29,Andorra,855.0,0.0,52.0,0.0,11053.081,672.234,0.0,0.0,77354.0
2020-06-30,Andorra,855.0,0.0,52.0,0.0,11053.081,672.234,0.0,0.0,77354.0
2020-07-01,Andorra,855.0,0.0,52.0,0.0,11053.081,672.234,0.0,0.0,77354.0
2020-07-02,Andorra,855.0,0.0,52.0,0.0,11053.081,672.234,0.0,0.0,77354.0
2020-07-03,Andorra,855.0,0.0,52.0,0.0,11053.081,672.234,0.0,0.0,77354.0
2020-07-04,Andorra,855.0,0.0,52.0,0.0,11053.081,672.234,0.0,0.0,77354.0
2020-07-05,Andorra,855.0,0.0,52.0,0.0,11053.081,672.234,0.0,0.0,77354.0
2020-07-06,Andorra,855.0,0.0,52.0,0.0,11053.081,672.234,0.0,0.0,77354.0
2020-07-07,Andorra,855.0,0.0,52.0,0.0,11053.081,672.234,0.0,0.0,77354.0
2020-07-08,Andorra,855.0,0.0,52.0,0.0,11053.081,672.234,0.0,0.0,77354.0
2020-07-09,Andorra,855.0,0.0,52.0,0.0,11053.081,672.234,0.0,0.0,77354.0
2020-07-10,Andorra,855.0,0.0,52.0,0.0,11053.081,672.234,0.0,0.0,77354.0
2020-07-11,Andorra,855.0,0.0,52.0,0.0,11053.081,672.234,0.0,0.0,77354.0
2020-07-12,Andorra,855.0,0.0,52.0,0.0,11053.081,672.234,0.0,0.0,77354.0
2020-07-13,Andorra,858.0,3.0,52.0,0.0,11091.863,672.234,0.0,0.0,77354.0
2020-07-14,Andorra,861.0,3.0,52.0,0.0,11130.646,672.234,0.0,0.0,77354.0
2020-07-15,Andorra,862.0,1.0,52.0,0.0,11143.574,672.234,0.0,0.0,77354.0
2020-07-16,Andorra,877.0,15.0,52.0,0.0,11337.487,672.234,0.0,0.0,77354.0
2020-07-17,Andorra,880.0,3.0,52.0,0.0,11376.27,672.234,0.0,0.0,77354.0
2020-07-18,Andorra,880.0,0.0,52.0,0.0,11376.27,672.234,0.0,0.0,77354.0
2020-07-19,Andorra,880.0,0.0,52.0,0.0,11376.27,672.234,0.0,0.0,77354.0
2020-07-20,Andorra,884.0,4.0,52.0,0.0,11427.98,672.234,0.0,0.0,77354.0
2020-07-21,Andorra,884.0,0.0,52.0,0.0,11427.98,672.234,0.0,0.0,77354.0
2020-07-22,Andorra,889.0,5.0,52.0,0.0,11492.618,672.234,0.0,0.0,77354.0
2020-07-23,Andorra,889.0,0.0,52.0,0.0,11492.618,672.234,0.0,0.0,77354.0
2020-07-24,Andorra,897.0,8.0,52.0,0.0,11596.039,672.234,0.0,0.0,77354.0
2020-07-25,Andorra,897.0,0.0,52.0,0.0,11596.039,672.234,0.0,0.0,77354.0
2020-07-26,Andorra,897.0,0.0,52.0,0.0,11596.039,672.234,0.0,0.0,77354.0
2020-07-27,Andorra,907.0,10.0,52.0,0.0,11725.315,672.234,0.0,0.0,77354.0
2020-07-28,Andorra,907.0,0.0,52.0,0.0,11725.315,672.234,0.0,0.0,77354.0
2020-07-29,Andorra,918.0,11.0,52.0,0.0,11867.518,672.234,0.0,0.0,77354.0
2020-07-30,Andorra,922.0,4.0,52.0,0.0,11919.228,672.234,0.0,0.0,77354.0
2020-07-31,Andorra,925.0,3.0,52.0,0.0,11958.011,672.234,0.0,0.0,77354.0
2020-08-01,Andorra,925.0,0.0,52.0,0.0,11958.011,672.234,0.0,0.0,77354.0
2020-08-02,Andorra,925.0,0.0,52.0,0.0,11958.011,672.234,0.0,0.0,77354.0
2020-08-03,Andorra,937.0,12.0,52.0,0.0,12113.142,672.234,0.0,0.0,77354.0
2020-08-04,Andorra,939.0,2.0,52.0,0.0,12138.997,672.234,0.0,0.0,77354.0
2020-08-05,Andorra,939.0,0.0,52.0,0.0,12138.997,672.234,0.0,0.0,77354.0
2020-08-06,Andorra,944.0,5.0,52.0,0.0,12203.635,672.234,0.0,0.0,77354.0
2020-08-07,Andorra,955.0,11.0,52.0,0.0,12345.839,672.234,0.0,0.0,77354.0
2020-08-08,Andorra,955.0,0.0,52.0,0.0,12345.839,672.234,0.0,0.0,77354.0
2020-08-09,Andorra,955.0,0.0,52.0,0.0,12345.839,672.234,0.0,0.0,77354.0
2020-08-10,Andorra,963.0,8.0,52.0,0.0,12449.259,672.234,0.0,0.0,77354.0
2020-08-11,Andorra,963.0,0.0,52.0,0.0,12449.259,672.234,0.0,0.0,77354.0
2020-08-12,Andorra,977.0,14.0,53.0,1.0,12630.245,685.162,0.0,0.0,77354.0
2020-08-13,Andorra,981.0,4.0,53.0,0.0,12681.956,685.162,0.0,0.0,77354.0
2020-08-14,Andorra,989.0,8.0,53.0,0.0,12785.376,685.162,0.0,0.0,77354.0
2020-08-15,Andorra,989.0,0.0,53.0,0.0,12785.376,685.162,0.0,0.0,77354.0
2020-08-16,Andorra,989.0,0.0,53.0,0.0,12785.376,685.162,0.0,0.0,77354.0
2020-08-17,Andorra,1005.0,16.0,53.0,0.0,12992.218,685.162,0.0,0.0,77354.0
2020-08-18,Andorra,1005.0,0.0,53.0,0.0,12992.218,685.162,0.0,0.0,77354.0
2020-08-19,Andorra,1024.0,19.0,53.0,0.0,13237.842,685.162,0.0,0.0,77354.0
2020-08-20,Andorra,1024.0,0.0,53.0,0.0,13237.842,685.162,0.0,0.0,77354.0
2020-08-21,Andorra,1045.0,21.0,53.0,0.0,13509.321,685.162,0.0,0.0,77354.0
2020-08-22,Andorra,1045.0,0.0,53.0,0.0,13509.321,685.162,0.0,0.0,77354.0
2020-08-23,Andorra,1045.0,0.0,53.0,0.0,13509.321,685.162,0.0,0.0,77354.0
2020-08-24,Andorra,1060.0,15.0,53.0,0.0,13703.234,685.162,0.0,0.0,77354.0
2020-08-25,Andorra,1060.0,0.0,53.0,0.0,13703.234,685.162,0.0,0.0,77354.0
2020-08-26,Andorra,1098.0,38.0,53.0,0.0,14194.483,685.162,0.0,0.0,77354.0
2020-08-27,Andorra,1098.0,0.0,53.0,0.0,14194.483,685.162,0.0,0.0,77354.0
2020-08-28,Andorra,1124.0,26.0,53.0,0.0,14530.6,685.162,0.0,0.0,77354.0
2020-08-29,Andorra,1124.0,0.0,53.0,0.0,14530.6,685.162,0.0,0.0,77354.0
2020-08-30,Andorra,1124.0,0.0,53.0,0.0,14530.6,685.162,0.0,0.0,77354.0
2020-08-31,Andorra,1176.0,52.0,53.0,0.0,15202.834,685.162,0.0,0.0,77354.0
2020-09-01,Andorra,1184.0,8.0,53.0,0.0,15306.254,685.162,0.0,0.0,77354.0
2020-09-02,Andorra,1199.0,15.0,53.0,0.0,15500.168,685.162,0.0,0.0,77354.0
2020-09-03,Andorra,1199.0,0.0,53.0,0.0,15500.168,685.162,0.0,0.0,77354.0
2020-09-04,Andorra,1215.0,16.0,53.0,0.0,15707.009,685.162,0.0,0.0,77354.0
2020-09-05,Andorra,1215.0,0.0,53.0,0.0,15707.009,685.162,0.0,0.0,77354.0
2020-09-06,Andorra,1215.0,0.0,53.0,0.0,15707.009,685.162,0.0,0.0,77354.0
2020-09-07,Andorra,1261.0,46.0,53.0,0.0,16301.678,685.162,0.0,0.0,77354.0
2020-09-08,Andorra,1261.0,0.0,53.0,0.0,16301.678,685.162,0.0,0.0,77354.0
2020-09-09,Andorra,1301.0,40.0,53.0,0.0,16818.781,685.162,0.0,0.0,77354.0
2020-09-10,Andorra,1301.0,0.0,53.0,0.0,16818.781,685.162,0.0,0.0,77354.0
2020-09-11,Andorra,1344.0,43.0,53.0,0.0,17374.667,685.162,0.0,0.0,77354.0
2020-09-12,Andorra,1344.0,0.0,53.0,0.0,17374.667,685.162,0.0,0.0,77354.0
2020-09-13,Andorra,1344.0,0.0,53.0,0.0,17374.667,685.162,0.0,0.0,77354.0
2020-09-14,Andorra,1438.0,94.0,53.0,0.0,18589.86,685.162,0.0,0.0,77354.0
2020-09-15,Andorra,1438.0,0.0,53.0,0.0,18589.86,685.162,0.0,0.0,77354.0
2020-09-16,Andorra,1483.0,45.0,53.0,0.0,19171.601,685.162,0.0,0.0,77354.0
2020-09-17,Andorra,1483.0,0.0,53.0,0.0,19171.601,685.162,0.0,0.0,77354.0
2020-09-18,Andorra,1564.0,81.0,53.0,0.0,20218.735,685.162,0.0,0.0,77354.0
2020-09-19,Andorra,1564.0,0.0,53.0,0.0,20218.735,685.162,0.0,0.0,77354.0
2020-09-20,Andorra,1564.0,0.0,53.0,0.0,20218.735,685.162,0.0,0.0,77354.0
2020-09-21,Andorra,1681.0,117.0,53.0,0.0,21731.261,685.162,0.0,0.0,77354.0
2020-09-22,Andorra,1681.0,0.0,53.0,0.0,21731.261,685.162,0.0,0.0,77354.0
2020-09-23,Andorra,1753.0,72.0,53.0,0.0,22662.047,685.162,0.0,0.0,77354.0
2020-09-24,Andorra,1753.0,0.0,53.0,0.0,22662.047,685.162,0.0,0.0,77354.0
2020-09-25,Andorra,1836.0,83.0,53.0,0.0,23735.036,685.162,0.0,0.0,77354.0
2020-09-26,Andorra,1836.0,0.0,53.0,0.0,23735.036,685.162,0.0,0.0,77354.0
2020-09-27,Andorra,1836.0,0.0,53.0,0.0,23735.036,685.162,0.0,0.0,77354.0
2020-09-28,Andorra,1966.0,130.0,53.0,0.0,25415.622,685.162,0.0,0.0,77354.0
2020-09-29,Andorra,1966.0,0.0,53.0,0.0,25415.622,685.162,0.0,0.0,77354.0
2020-09-30,Andorra,2050.0,84.0,53.0,0.0,26501.538,685.162,0.0,0.0,77354.0
2020-10-01,Andorra,2050.0,0.0,53.0,0.0,26501.538,685.162,0.0,0.0,77354.0
2020-10-02,Andorra,2110.0,60.0,53.0,0.0,27277.193,685.162,0.0,0.0,77354.0
2020-10-03,Andorra,2110.0,0.0,53.0,0.0,27277.193,685.162,0.0,0.0,77354.0
2020-10-04,Andorra,2110.0,0.0,53.0,0.0,27277.193,685.162,0.0,0.0,77354.0
2020-10-05,Andorra,2370.0,260.0,53.0,0.0,30638.364,685.162,0.0,0.0,77354.0
2020-10-06,Andorra,2370.0,0.0,53.0,0.0,30638.364,685.162,0.0,0.0,77354.0
2020-10-07,Andorra,2568.0,198.0,53.0,0.0,33198.025,685.162,0.0,0.0,77354.0
2020-10-08,Andorra,2568.0,0.0,54.0,1.0,33198.025,698.089,0.0,0.0,77354.0
2020-10-09,Andorra,2696.0,128.0,55.0,1.0,34852.755,711.017,0.0,0.0,77354.0
2020-10-10,Andorra,2696.0,0.0,55.0,0.0,34852.755,711.017,0.0,0.0,77354.0
2020-10-11,Andorra,2696.0,0.0,55.0,0.0,34852.755,711.017,0.0,0.0,77354.0
2020-10-12,Andorra,2995.0,299.0,57.0,2.0,38718.101,736.872,0.0,0.0,77354.0
2020-10-13,Andorra,2995.0,0.0,57.0,0.0,38718.101,736.872,0.0,0.0,77354.0
2020-10-14,Andorra,3190.0,195.0,59.0,2.0,41238.979,762.727,0.0,0.0,77354.0
2020-10-15,Andorra,3190.0,0.0,59.0,0.0,41238.979,762.727,0.0,0.0,77354.0
2020-10-16,Andorra,3377.0,187.0,59.0,0.0,43656.437,762.727,0.0,0.0,77354.0
2020-10-17,Andorra,3377.0,0.0,59.0,0.0,43656.437,762.727,0.0,0.0,77354.0
2020-10-18,Andorra,3377.0,0.0,59.0,0.0,43656.437,762.727,0.0,0.0,77354.0
2020-10-19,Andorra,3623.0,246.0,62.0,3.0,46836.621,801.51,0.0,0.0,77354.0
2020-10-20,Andorra,3623.0,0.0,62.0,0.0,46836.621,801.51,0.0,0.0,77354.0
2020-10-21,Andorra,3811.0,188.0,63.0,1.0,49267.006,814.438,0.0,0.0,77354.0
2020-10-22,Andorra,3811.0,0.0,63.0,0.0,49267.006,814.438,0.0,0.0,77354.0
2020-10-23,Andorra,4038.0,227.0,69.0,6.0,52201.567,892.003,0.0,0.0,77354.0
2020-10-24,Andorra,4038.0,0.0,69.0,0.0,52201.567,892.003,0.0,0.0,77354.0
2020-10-25,Andorra,4038.0,0.0,69.0,0.0,52201.567,892.003,0.0,0.0,77354.0
2020-10-26,Andorra,4325.0,287.0,72.0,3.0,55911.782,930.786,0.0,0.0,77354.0
2020-10-27,Andorra,4410.0,85.0,72.0,0.0,57010.626,930.786,0.0,0.0,77354.0
2020-10-28,Andorra,4517.0,107.0,72.0,0.0,58393.877,930.786,0.0,0.0,77354.0
2020-10-29,Andorra,4567.0,50.0,73.0,1.0,59040.256,943.713,0.0,0.0,77354.0
2020-10-30,Andorra,4665.0,98.0,75.0,2.0,60307.159,969.568,0.0,0.0,77354.0
2020-10-31,Andorra,4756.0,91.0,75.0,0.0,61483.569,969.568,0.0,0.0,77354.0
2020-11-01,Andorra,4825.0,69.0,75.0,0.0,62375.572,969.568,0.0,0.0,77354.0
2020-11-02,Andorra,4888.0,63.0,75.0,0.0,63190.01,969.568,0.0,0.0,77354.0
2020-11-03,Andorra,4910.0,22.0,75.0,0.0,63474.416,969.568,0.0,0.0,77354.0
2020-11-04,Andorra,5045.0,135.0,75.0,0.0,65219.64,969.568,0.0,0.0,77354.0
2020-11-05,Andorra,5135.0,90.0,75.0,0.0,66383.122,969.568,0.0,0.0,77354.0
2020-11-06,Andorra,5135.0,0.0,75.0,0.0,66383.122,969.568,0.0,0.0,77354.0
2020-11-07,Andorra,5319.0,184.0,75.0,0.0,68761.796,969.568,0.0,0.0,77354.0
2020-11-08,Andorra,5383.0,64.0,75.0,0.0,69589.162,969.568,0.0,0.0,77354.0
2020-11-09,Andorra,5437.0,54.0,75.0,0.0,70287.251,969.568,0.0,0.0,77354.0
2020-11-10,Andorra,5477.0,40.0,75.0,0.0,70804.354,969.568,0.0,0.0,77354.0
2020-11-11,Andorra,5567.0,90.0,75.0,0.0,71967.836,969.568,0.0,0.0,77354.0
2020-11-12,Andorra,5616.0,49.0,75.0,0.0,72601.288,969.568,0.0,0.0,77354.0
2020-11-13,Andorra,5725.0,109.0,75.0,0.0,74010.394,969.568,0.0,0.0,77354.0
2020-11-14,Andorra,5725.0,0.0,75.0,0.0,74010.394,969.568,0.0,0.0,77354.0
2020-11-15,Andorra,5872.0,147.0,76.0,1.0,75910.748,982.496,0.0,0.0,77354.0
2020-11-16,Andorra,5914.0,42.0,76.0,0.0,76453.706,982.496,0.0,0.0,77354.0
2020-11-17,Andorra,5951.0,37.0,76.0,0.0,76932.027,982.496,0.0,0.0,77354.0
2020-11-18,Andorra,6018.0,67.0,76.0,0.0,77798.175,982.496,0.0,0.0,77354.0
2020-11-19,Andorra,6066.0,48.0,76.0,0.0,78418.698,982.496,0.0,0.0,77354.0
2020-11-20,Andorra,6142.0,76.0,76.0,0.0,79401.195,982.496,0.0,0.0,77354.0
2020-11-21,Andorra,6207.0,65.0,76.0,0.0,80241.487,982.496,0.0,0.0,77354.0
2020-11-22,Andorra,6256.0,49.0,76.0,0.0,80874.939,982.496,0.0,0.0,77354.0
2020-11-23,Andorra,6304.0,48.0,76.0,0.0,81495.462,982.496,0.0,0.0,77354.0
2020-11-24,Andorra,6351.0,47.0,76.0,0.0,82103.059,982.496,0.0,0.0,77354.0
2020-11-25,Andorra,6428.0,77.0,76.0,0.0,83098.482,982.496,0.0,0.0,77354.0
2020-11-26,Andorra,6534.0,106.0,76.0,0.0,84468.806,982.496,0.0,0.0,77354.0
2020-11-27,Andorra,6610.0,76.0,76.0,0.0,85451.302,982.496,0.0,0.0,77354.0
2020-11-28,Andorra,6610.0,0.0,76.0,0.0,85451.302,982.496,0.0,0.0,77354.0
2020-11-29,Andorra,6712.0,102.0,76.0,0.0,86769.915,982.496,0.0,0.0,77354.0
2020-11-30,Andorra,6745.0,33.0,76.0,0.0,87196.525,982.496,0.0,0.0,77354.0
2020-12-01,Andorra,6790.0,45.0,76.0,0.0,87778.266,982.496,0.0,0.0,77354.0
2020-12-02,Andorra,6842.0,52.0,76.0,0.0,88450.5,982.496,0.0,0.0,77354.0
2020-12-03,Andorra,6904.0,62.0,77.0,1.0,89252.01,995.424,0.0,0.0,77354.0
2020-12-04,Andorra,6955.0,51.0,77.0,0.0,89911.317,995.424,0.0,0.0,77354.0
2020-12-05,Andorra,7005.0,50.0,78.0,1.0,90557.696,1008.351,0.0,0.0,77354.0
2020-12-06,Andorra,7050.0,45.0,78.0,0.0,91139.437,1008.351,0.0,0.0,77354.0
2020-12-07,Andorra,7084.0,34.0,78.0,0.0,91578.975,1008.351,0.0,0.0,77354.0
2020-12-08,Andorra,7127.0,43.0,78.0,0.0,92134.861,1008.351,0.0,0.0,77354.0
2020-12-09,Andorra,7162.0,35.0,78.0,0.0,92587.326,1008.351,0.0,0.0,77354.0
2020-12-10,Andorra,7190.0,28.0,78.0,0.0,92949.298,1008.351,0.0,0.0,77354.0
2020-12-11,Andorra,7236.0,46.0,78.0,0.0,93543.967,1008.351,0.0,0.0,77354.0
2020-12-12,Andorra,7288.0,52.0,78.0,0.0,94216.201,1008.351,0.0,0.0,77354.0
2020-12-13,Andorra,7338.0,50.0,79.0,1.0,94862.58,1021.279,0.0,0.0,77354.0
2020-12-14,Andorra,7382.0,44.0,79.0,0.0,95431.393,1021.279,0.0,0.0,77354.0
2020-12-15,Andorra,7382.0,0.0,79.0,0.0,95431.393,1021.279,0.0,0.0,77354.0
2020-12-16,Andorra,7446.0,64.0,79.0,0.0,96258.758,1021.279,0.0,0.0,77354.0
2020-12-17,Andorra,7466.0,20.0,79.0,0.0,96517.31,1021.279,0.0,0.0,77354.0
2020-12-18,Andorra,7519.0,53.0,80.0,1.0,97202.472,1034.206,0.0,0.0,77354.0
2020-12-19,Andorra,7560.0,41.0,80.0,0.0,97732.503,1034.206,0.0,0.0,77354.0
2020-12-20,Andorra,7577.0,17.0,81.0,1.0,97952.271,1047.134,0.0,0.0,77354.0
2020-12-21,Andorra,7602.0,25.0,81.0,0.0,98275.461,1047.134,0.0,0.0,77354.0
2020-12-22,Andorra,7633.0,31.0,82.0,1.0,98676.216,1060.062,0.0,0.0,77354.0
2020-12-23,Andorra,7669.0,36.0,82.0,0.0,99141.609,1060.062,0.0,0.0,77354.0
2020-12-24,Andorra,7699.0,30.0,83.0,1.0,99529.436,1072.989,0.0,0.0,77354.0
2020-12-25,Andorra,7756.0,57.0,83.0,0.0,100266.308,1072.989,0.0,0.0,77354.0
2020-12-26,Andorra,7806.0,50.0,83.0,0.0,100912.687,1072.989,0.0,0.0,77354.0
2020-12-27,Andorra,7821.0,15.0,83.0,0.0,101106.601,1072.989,0.0,0.0,77354.0
2020-12-28,Andorra,7875.0,54.0,83.0,0.0,101804.69,1072.989,0.0,0.0,77354.0
2020-12-29,Andorra,7919.0,44.0,84.0,1.0,102373.504,1085.917,0.0,0.0,77354.0
2020-12-30,Andorra,7983.0,64.0,84.0,0.0,103200.869,1085.917,0.0,0.0,77354.0
2020-12-31,Andorra,8049.0,66.0,84.0,0.0,104054.089,1085.917,0.0,0.0,77354.0
2021-01-01,Andorra,8117.0,68.0,84.0,0.0,104933.164,1085.917,0.0,0.0,77354.0
2021-01-02,Andorra,8166.0,49.0,84.0,0.0,105566.616,1085.917,0.0,0.0,77354.0
2021-01-03,Andorra,8192.0,26.0,84.0,0.0,105902.733,1085.917,0.0,0.0,77354.0
2021-01-04,Andorra,8249.0,57.0,84.0,0.0,106639.605,1085.917,0.0,0.0,77354.0
2021-01-05,Andorra,8308.0,59.0,84.0,0.0,107402.332,1085.917,0.0,0.0,77354.0
2021-01-06,Andorra,8348.0,40.0,84.0,0.0,107919.435,1085.917,0.0,0.0,77354.0
2021-01-07,Andorra,8348.0,0.0,84.0,0.0,107919.435,1085.917,0.0,0.0,77354.0
2021-01-08,Andorra,8489.0,141.0,84.0,0.0,109742.224,1085.917,0.0,0.0,77354.0
2021-01-09,Andorra,8586.0,97.0,85.0,1.0,110996.199,1098.844,0.0,0.0,77354.0
2021-01-10,Andorra,8586.0,0.0,85.0,0.0,110996.199,1098.844,0.0,0.0,77354.0
2021-01-11,Andorra,8586.0,0.0,85.0,0.0,110996.199,1098.844,0.0,0.0,77354.0
2021-01-12,Andorra,8682.0,96.0,86.0,1.0,112237.247,1111.772,0.0,0.0,77354.0
2021-01-13,Andorra,8818.0,136.0,87.0,1.0,113995.398,1124.699,0.0,0.0,77354.0
2021-01-14,Andorra,8868.0,50.0,88.0,1.0,114641.777,1137.627,0.0,0.0,77354.0
2021-01-15,Andorra,8946.0,78.0,88.0,0.0,115650.128,1137.627,0.0,0.0,77354.0
2021-01-16,Andorra,9038.0,92.0,91.0,3.0,116839.465,1176.41,0.0,0.0,77354.0
2021-01-17,Andorra,9083.0,45.0,91.0,0.0,117421.206,1176.41,0.0,0.0,77354.0
2021-01-18,Andorra,9083.0,0.0,91.0,0.0,117421.206,1176.41,0.0,0.0,77354.0
2021-01-19,Andorra,9194.0,111.0,92.0,1.0,118856.168,1189.337,0.0,0.0,77354.0
2021-01-20,Andorra,9308.0,114.0,92.0,0.0,120329.912,1189.337,0.0,0.0,77354.0
2021-01-21,Andorra,9379.0,71.0,93.0,1.0,121247.77,1202.265,0.0,0.0,77354.0
2021-01-22,Andorra,9416.0,37.0,93.0,0.0,121726.09,1202.265,0.0,0.0,77354.0
2021-01-23,Andorra,9499.0,83.0,96.0,3.0,122799.08,1241.048,0.0,0.0,77354.0
2021-01-24,Andorra,9549.0,50.0,96.0,0.0,123445.459,1241.048,0.0,0.0,77354.0
2021-01-25,Andorra,9596.0,47.0,97.0,1.0,124053.055,1253.975,576.0,0.0,77354.0
2021-01-26,Andorra,9638.0,42.0,97.0,0.0,124596.013,1253.975,0.0,0.0,77354.0
2021-01-27,Andorra,9716.0,78.0,98.0,1.0,125604.364,1266.903,0.0,0.0,77354.0
2021-01-28,Andorra,9779.0,63.0,100.0,2.0,126418.802,1292.758,0.0,0.0,77354.0
2021-01-29,Andorra,9837.0,58.0,100.0,0.0,127168.601,1292.758,0.0,0.0,77354.0
2021-01-30,Andorra,9885.0,48.0,101.0,1.0,127789.125,1305.686,0.0,0.0,77354.0
2021-01-31,Andorra,9937.0,52.0,101.0,0.0,128461.359,1305.686,0.0,0.0,77354.0
2021-02-01,Andorra,9972.0,35.0,101.0,0.0,128913.825,1305.686,1036.0,0.0,77354.0
2021-02-02,Andorra,10017.0,45.0,102.0,1.0,129495.566,1318.613,0.0,0.0,77354.0
2021-02-03,Andorra,10070.0,53.0,103.0,1.0,130180.728,1331.541,0.0,0.0,77354.0
2021-02-04,Andorra,10137.0,67.0,103.0,0.0,131046.875,1331.541,0.0,0.0,77354.0
2021-02-05,Andorra,10172.0,35.0,104.0,1.0,131499.341,1344.468,0.0,0.0,77354.0
2021-02-06,Andorra,10206.0,34.0,105.0,1.0,131938.878,1357.396,0.0,0.0,77354.0
2021-02-07,Andorra,10251.0,45.0,106.0,1.0,132520.619,1370.323,0.0,0.0,77354.0
2021-02-08,Andorra,10275.0,24.0,106.0,0.0,132830.881,1370.323,0.0,0.0,77354.0
2021-02-09,Andorra,10312.0,37.0,106.0,0.0,133309.202,1370.323,0.0,0.0,77354.0
2021-02-10,Andorra,10352.0,40.0,106.0,0.0,133826.305,1370.323,1291.0,0.0,77354.0
2021-02-11,Andorra,10391.0,39.0,106.0,0.0,134330.481,1370.323,0.0,0.0,77354.0
2021-02-12,Andorra,10427.0,36.0,106.0,0.0,134795.874,1370.323,1622.0,0.0,77354.0
2021-02-13,Andorra,10463.0,36.0,107.0,1.0,135261.266,1383.251,0.0,0.0,77354.0
2021-02-14,Andorra,10503.0,40.0,107.0,0.0,135778.37,1383.251,0.0,0.0,77354.0
2021-02-15,Andorra,10538.0,35.0,107.0,0.0,136230.835,1383.251,0.0,0.0,77354.0
2021-02-16,Andorra,10555.0,17.0,107.0,0.0,136450.604,1383.251,0.0,0.0,77354.0
2021-02-17,Andorra,10583.0,28.0,107.0,0.0,136812.576,1383.251,0.0,0.0,77354.0
2021-02-18,Andorra,10610.0,27.0,107.0,0.0,137161.621,1383.251,0.0,0.0,77354.0
2021-02-19,Andorra,10645.0,35.0,107.0,0.0,137614.086,1383.251,2141.0,0.0,77354.0
2021-02-20,Andorra,10672.0,27.0,107.0,0.0,137963.131,1383.251,0.0,0.0,77354.0
2021-02-21,Andorra,10699.0,27.0,107.0,0.0,138312.175,1383.251,0.0,0.0,77354.0
2021-02-22,Andorra,10712.0,13.0,109.0,2.0,138480.234,1409.106,0.0,0.0,77354.0
2021-02-23,Andorra,10739.0,27.0,110.0,1.0,138829.278,1422.034,0.0,0.0,77354.0
2021-02-24,Andorra,10775.0,36.0,110.0,0.0,139294.671,1422.034,2390.0,0.0,77354.0
2021-02-25,Andorra,10799.0,24.0,110.0,0.0,139604.933,1422.034,0.0,0.0,77354.0
2021-02-26,Andorra,10822.0,23.0,110.0,0.0,139902.267,1422.034,0.0,0.0,77354.0
2021-02-27,Andorra,10849.0,27.0,110.0,0.0,140251.312,1422.034,0.0,0.0,77354.0
2021-02-28,Andorra,10866.0,17.0,110.0,0.0,140471.081,1422.034,0.0,0.0,77354.0
2021-03-01,Andorra,10889.0,23.0,110.0,0.0,140768.415,1422.034,0.0,0.0,77354.0
2021-03-02,Andorra,10908.0,19.0,110.0,0.0,141014.039,1422.034,0.0,0.0,77354.0
2021-03-03,Andorra,10948.0,40.0,112.0,2.0,141531.143,1447.889,0.0,0.0,77354.0
2021-03-04,Andorra,10976.0,28.0,112.0,0.0,141893.115,1447.889,0.0,0.0,77354.0
2021-03-05,Andorra,10998.0,22.0,112.0,0.0,142177.522,1447.889,0.0,0.0,77354.0
2021-03-06,Andorra,11019.0,21.0,112.0,0.0,142449.001,1447.889,0.0,0.0,77354.0
2021-03-07,Andorra,11042.0,23.0,112.0,0.0,142746.335,1447.889,0.0,0.0,77354.0
2021-03-08,Andorra,11069.0,27.0,112.0,0.0,143095.38,1447.889,2439.0,1172.0,77354.0
2021-03-09,Andorra,11089.0,20.0,112.0,0.0,143353.931,1447.889,0.0,0.0,77354.0
2021-03-10,Andorra,11130.0,41.0,112.0,0.0,143883.962,1447.889,3650.0,1264.0,77354.0
2021-03-11,Andorra,11130.0,0.0,112.0,0.0,143883.962,1447.889,0.0,0.0,77354.0
2021-03-12,Andorra,11199.0,69.0,112.0,0.0,144775.965,1447.889,0.0,0.0,77354.0
2021-03-13,Andorra,11228.0,29.0,112.0,0.0,145150.865,1447.889,0.0,0.0,77354.0
2021-03-14,Andorra,11266.0,38.0,113.0,1.0,145642.113,1460.817,0.0,0.0,77354.0
2021-03-15,Andorra,11289.0,23.0,113.0,0.0,145939.447,1460.817,7098.0,1265.0,77354.0
2021-03-16,Andorra,11319.0,30.0,113.0,0.0,146327.275,1460.817,0.0,0.0,77354.0
2021-03-17,Andorra,11360.0,41.0,113.0,0.0,146857.305,1460.817,0.0,0.0,77354.0
2021-03-18,Andorra,11393.0,33.0,113.0,0.0,147283.916,1460.817,0.0,0.0,77354.0
2021-03-19,Andorra,11431.0,38.0,113.0,0.0,147775.164,1460.817,0.0,0.0,77354.0
2021-03-20,Andorra,11481.0,50.0,113.0,0.0,148421.543,1460.817,0.0,0.0,77354.0
2021-03-21,Andorra,11517.0,36.0,113.0,0.0,148886.935,1460.817,0.0,0.0,77354.0
2021-03-22,Andorra,11545.0,28.0,113.0,0.0,149248.908,1460.817,0.0,0.0,77354.0
2021-03-23,Andorra,11591.0,46.0,113.0,0.0,149843.576,1460.817,0.0,0.0,77354.0
2021-03-24,Andorra,11638.0,47.0,114.0,1.0,150451.173,1473.744,0.0,0.0,77354.0
2021-03-25,Andorra,11687.0,49.0,114.0,0.0,151084.624,1473.744,0.0,0.0,77354.0
2021-03-26,Andorra,11732.0,45.0,114.0,0.0,151666.365,1473.744,0.0,0.0,77354.0
2021-03-27,Andorra,11809.0,77.0,115.0,1.0,152661.789,1486.672,0.0,0.0,77354.0
2021-03-28,Andorra,11850.0,41.0,115.0,0.0,153191.819,1486.672,0.0,0.0,77354.0
2021-03-29,Andorra,11888.0,38.0,115.0,0.0,153683.067,1486.672,0.0,0.0,77354.0
2021-03-30,Andorra,11944.0,56.0,115.0,0.0,154407.012,1486.672,0.0,0.0,77354.0
2021-03-31,Andorra,12010.0,66.0,115.0,0.0,155260.232,1486.672,0.0,0.0,77354.0
2021-04-01,Andorra,12053.0,43.0,115.0,0.0,155816.118,1486.672,0.0,0.0,77354.0
2021-04-02,Andorra,12115.0,62.0,116.0,1.0,156617.628,1499.599,0.0,0.0,77354.0
2021-04-03,Andorra,12174.0,59.0,117.0,1.0,157380.355,1512.527,0.0,0.0,77354.0
2021-04-04,Andorra,12231.0,57.0,117.0,0.0,158117.227,1512.527,0.0,0.0,77354.0
2021-04-05,Andorra,12286.0,55.0,117.0,0.0,158828.244,1512.527,9781.0,4484.0,77354.0
2021-04-06,Andorra,12328.0,42.0,117.0,0.0,159371.203,1512.527,0.0,0.0,77354.0
2021-04-07,Andorra,12363.0,35.0,119.0,2.0,159823.668,1538.382,0.0,0.0,77354.0
2021-04-08,Andorra,12409.0,46.0,120.0,1.0,160418.336,1551.31,0.0,0.0,77354.0
2021-04-09,Andorra,12456.0,47.0,120.0,0.0,161025.933,1551.31,0.0,0.0,77354.0
2021-04-10,Andorra,12497.0,41.0,120.0,0.0,161555.963,1551.31,0.0,0.0,77354.0
2021-04-11,Andorra,12545.0,48.0,120.0,0.0,162176.487,1551.31,0.0,0.0,77354.0
2021-04-12,Andorra,12581.0,36.0,121.0,1.0,162641.88,1564.237,0.0,0.0,77354.0
2021-04-13,Andorra,12614.0,33.0,121.0,0.0,163068.49,1564.237,0.0,0.0,77354.0
2021-04-14,Andorra,12641.0,27.0,121.0,0.0,163417.535,1564.237,0.0,0.0,77354.0
2021-04-15,Andorra,12641.0,0.0,121.0,0.0,163417.535,1564.237,0.0,0.0,77354.0
2021-04-16,Andorra,12712.0,71.0,123.0,2.0,164335.393,1590.092,0.0,0.0,77354.0
2021-04-17,Andorra,12771.0,59.0,123.0,0.0,165098.12,1590.092,0.0,0.0,77354.0
2021-04-18,Andorra,12805.0,34.0,123.0,0.0,165537.658,1590.092,0.0,0.0,77354.0
2021-04-19,Andorra,12805.0,0.0,123.0,0.0,165537.658,1590.092,21733.0,4681.0,77354.0
2021-04-20,Andorra,12874.0,69.0,123.0,0.0,166429.661,1590.092,0.0,0.0,77354.0
2021-04-21,Andorra,12917.0,43.0,123.0,0.0,166985.547,1590.092,0.0,0.0,77354.0
2021-04-22,Andorra,12942.0,25.0,123.0,0.0,167308.736,1590.092,0.0,0.0,77354.0
2021-04-23,Andorra,13007.0,65.0,123.0,0.0,168149.029,1590.092,0.0,0.0,77354.0
2021-04-24,Andorra,13024.0,17.0,124.0,1.0,168368.798,1603.02,0.0,0.0,77354.0
2021-04-25,Andorra,13060.0,36.0,124.0,0.0,168834.191,1603.02,0.0,0.0,77354.0
2021-04-26,Andorra,13083.0,23.0,124.0,0.0,169131.525,1603.02,23822.0,4681.0,77354.0
2021-04-27,Andorra,13121.0,38.0,124.0,0.0,169622.773,1603.02,0.0,0.0,77354.0
2021-04-28,Andorra,13148.0,27.0,125.0,1.0,169971.818,1615.947,0.0,0.0,77354.0
2021-04-29,Andorra,13198.0,50.0,125.0,0.0,170618.197,1615.947,0.0,0.0,77354.0
2021-04-30,Andorra,13232.0,34.0,125.0,0.0,171057.735,1615.947,0.0,0.0,77354.0
2021-05-01,Andorra,13232.0,0.0,125.0,0.0,171057.735,1615.947,0.0,0.0,77354.0
2021-05-02,Andorra,13282.0,50.0,127.0,2.0,171704.114,1641.803,0.0,0.0,77354.0
2021-05-03,Andorra,13295.0,13.0,127.0,0.0,171872.172,1641.803,24182.0,4699.0,77354.0
2021-05-04,Andorra,13316.0,21.0,127.0,0.0,172143.651,1641.803,0.0,0.0,77354.0
2021-05-05,Andorra,13340.0,24.0,127.0,0.0,172453.913,1641.803,0.0,0.0,77354.0
2021-05-06,Andorra,13363.0,23.0,127.0,0.0,172751.248,1641.803,0.0,0.0,77354.0
2021-05-07,Andorra,13390.0,27.0,127.0,0.0,173100.292,1641.803,0.0,0.0,77354.0
2021-05-08,Andorra,13406.0,16.0,127.0,0.0,173307.133,1641.803,0.0,0.0,77354.0
2021-05-09,Andorra,13423.0,17.0,127.0,0.0,173526.902,1641.803,0.0,0.0,77354.0
2021-05-10,Andorra,13429.0,6.0,127.0,0.0,173604.468,1641.803,26931.0,4702.0,77354.0
2021-05-11,Andorra,13447.0,18.0,127.0,0.0,173837.164,1641.803,0.0,0.0,77354.0
2021-05-12,Andorra,13470.0,23.0,127.0,0.0,174134.499,1641.803,0.0,0.0,77354.0
2021-05-13,Andorra,13470.0,0.0,127.0,0.0,174134.499,1641.803,0.0,0.0,77354.0
2021-05-14,Andorra,13510.0,40.0,127.0,0.0,174651.602,1641.803,0.0,0.0,77354.0
2021-05-15,Andorra,13510.0,0.0,127.0,0.0,174651.602,1641.803,0.0,0.0,77354.0
2021-05-16,Andorra,13510.0,0.0,127.0,0.0,174651.602,1641.803,0.0,0.0,77354.0
2021-05-17,Andorra,13555.0,45.0,127.0,0.0,175233.343,1641.803,27613.0,4704.0,77354.0
2021-05-18,Andorra,13569.0,14.0,127.0,0.0,175414.329,1641.803,0.0,0.0,77354.0
2021-05-19,Andorra,13569.0,0.0,127.0,0.0,175414.329,1641.803,0.0,0.0,77354.0
2021-05-20,Andorra,13569.0,0.0,127.0,0.0,175414.329,1641.803,0.0,0.0,77354.0
2021-05-21,Andorra,13569.0,0.0,127.0,0.0,175414.329,1641.803,0.0,0.0,77354.0
2021-05-22,Andorra,13569.0,0.0,127.0,0.0,175414.329,1641.803,0.0,0.0,77354.0
2021-05-23,Andorra,13569.0,0.0,127.0,0.0,175414.329,1641.803,0.0,0.0,77354.0
2021-05-24,Andorra,13569.0,0.0,127.0,0.0,175414.329,1641.803,0.0,0.0,77354.0
2021-05-25,Andorra,13664.0,95.0,127.0,0.0,176642.449,1641.803,0.0,0.0,77354.0
2021-05-26,Andorra,13671.0,7.0,127.0,0.0,176732.942,1641.803,0.0,0.0,77354.0
2021-05-27,Andorra,13682.0,11.0,127.0,0.0,176875.145,1641.803,0.0,0.0,77354.0
2021-05-28,Andorra,13693.0,11.0,127.0,0.0,177017.349,1641.803,0.0,0.0,77354.0
2021-05-29,Andorra,13693.0,0.0,127.0,0.0,177017.349,1641.803,0.0,0.0,77354.0
2021-05-30,Andorra,13693.0,0.0,127.0,0.0,177017.349,1641.803,0.0,0.0,77354.0
2021-05-31,Andorra,13727.0,34.0,127.0,0.0,177456.887,1641.803,27613.0,8303.0,77354.0
2021-06-01,Andorra,13729.0,2.0,127.0,0.0,177482.742,1641.803,0.0,0.0,77354.0
2021-06-02,Andorra,13744.0,15.0,127.0,0.0,177676.655,1641.803,0.0,0.0,77354.0
2021-06-03,Andorra,13752.0,8.0,127.0,0.0,177780.076,1641.803,0.0,0.0,77354.0
2021-06-04,Andorra,13758.0,6.0,127.0,0.0,177857.641,1641.803,0.0,0.0,77354.0
2021-06-05,Andorra,13758.0,0.0,127.0,0.0,177857.641,1641.803,0.0,0.0,77354.0
2021-06-06,Andorra,13758.0,0.0,127.0,0.0,177857.641,1641.803,0.0,0.0,77354.0
2021-06-07,Andorra,13777.0,19.0,127.0,0.0,178103.266,1641.803,30535.0,10938.0,77354.0
2021-06-08,Andorra,13781.0,4.0,127.0,0.0,178154.976,1641.803,0.0,0.0,77354.0
2021-06-09,Andorra,13791.0,10.0,127.0,0.0,178284.252,1641.803,0.0,0.0,77354.0
2021-06-10,Andorra,13805.0,14.0,127.0,0.0,178465.238,1641.803,0.0,0.0,77354.0
2021-06-11,Andorra,13813.0,8.0,127.0,0.0,178568.658,1641.803,0.0,0.0,77354.0
2021-06-12,Andorra,13813.0,0.0,127.0,0.0,178568.658,1641.803,0.0,0.0,77354.0
2021-06-13,Andorra,13813.0,0.0,127.0,0.0,178568.658,1641.803,0.0,0.0,77354.0
2021-06-14,Andorra,13826.0,13.0,127.0,0.0,178736.717,1641.803,34646.0,16416.0,77354.0
2021-06-15,Andorra,13828.0,2.0,127.0,0.0,178762.572,1641.803,0.0,0.0,77354.0
2021-06-16,Andorra,13836.0,8.0,127.0,0.0,178865.993,1641.803,0.0,0.0,77354.0
2021-06-17,Andorra,13839.0,3.0,127.0,0.0,178904.775,1641.803,0.0,0.0,77354.0
2021-06-18,Andorra,13842.0,3.0,127.0,0.0,178943.558,1641.803,0.0,0.0,77354.0
2021-06-19,Andorra,13842.0,0.0,127.0,0.0,178943.558,1641.803,0.0,0.0,77354.0
2021-06-20,Andorra,13842.0,0.0,127.0,0.0,178943.558,1641.803,0.0,0.0,77354.0
2021-06-21,Andorra,13864.0,22.0,127.0,0.0,179227.965,1641.803,38667.0,24598.0,77354.0
2021-06-22,Andorra,13864.0,0.0,127.0,0.0,179227.965,1641.803,0.0,0.0,77354.0
2021-06-23,Andorra,13873.0,9.0,127.0,0.0,179344.313,1641.803,0.0,0.0,77354.0
2021-06-24,Andorra,13877.0,4.0,127.0,0.0,179396.023,1641.803,0.0,0.0,77354.0
2021-06-25,Andorra,13882.0,5.0,127.0,0.0,179460.661,1641.803,0.0,0.0,77354.0
2021-06-26,Andorra,13882.0,0.0,127.0,0.0,179460.661,1641.803,0.0,0.0,77354.0
2021-06-27,Andorra,13882.0,0.0,127.0,0.0,179460.661,1641.803,0.0,0.0,77354.0
2021-06-28,Andorra,13882.0,0.0,127.0,0.0,179460.661,1641.803,41716.0,26613.0,77354.0
2021-06-29,Andorra,13900.0,18.0,127.0,0.0,179693.358,1641.803,0.0,0.0,77354.0
2021-06-30,Andorra,13911.0,11.0,127.0,0.0,179835.561,1641.803,0.0,0.0,77354.0
2021-07-01,Andorra,13918.0,7.0,127.0,0.0,179926.054,1641.803,0.0,0.0,77354.0
2021-07-02,Andorra,13918.0,0.0,127.0,0.0,179926.054,1641.803,0.0,0.0,77354.0
2021-07-03,Andorra,13918.0,0.0,127.0,0.0,179926.054,1641.803,0.0,0.0,77354.0
2021-07-04,Andorra,13918.0,0.0,127.0,0.0,179926.054,1641.803,0.0,0.0,77354.0
2021-07-05,Andorra,13918.0,0.0,127.0,0.0,179926.054,1641.803,0.0,0.0,77354.0
2021-07-06,Andorra,13991.0,73.0,127.0,0.0,180869.768,1641.803,0.0,0.0,77354.0
2021-07-07,Andorra,14021.0,30.0,127.0,0.0,181257.595,1641.803,0.0,0.0,77354.0
2021-07-08,Andorra,14050.0,29.0,127.0,0.0,181632.495,1641.803,0.0,0.0,77354.0
2021-07-09,Andorra,14075.0,25.0,127.0,0.0,181955.684,1641.803,0.0,0.0,77354.0
2021-07-10,Andorra,14075.0,0.0,127.0,0.0,181955.684,1641.803,0.0,0.0,77354.0
2021-07-11,Andorra,14075.0,0.0,127.0,0.0,181955.684,1641.803,0.0,0.0,77354.0
2021-07-12,Andorra,14155.0,80.0,127.0,0.0,182989.891,1641.803,43008.0,27010.0,77354.0
2021-07-13,Andorra,14167.0,12.0,127.0,0.0,183145.022,1641.803,0.0,0.0,77354.0
2021-07-14,Andorra,14167.0,0.0,127.0,0.0,183145.022,1641.803,0.0,0.0,77354.0
2021-07-15,Andorra,14239.0,72.0,127.0,0.0,184075.807,1641.803,0.0,0.0,77354.0
2021-07-16,Andorra,14273.0,34.0,127.0,0.0,184515.345,1641.803,0.0,0.0,77354.0
2021-07-17,Andorra,14273.0,0.0,127.0,0.0,184515.345,1641.803,0.0,0.0,77354.0
2021-07-18,Andorra,14273.0,0.0,127.0,0.0,184515.345,1641.803,0.0,0.0,77354.0
2021-07-19,Andorra,14359.0,86.0,127.0,0.0,185627.117,1641.803,48445.0,33904.0,77354.0
2021-07-20,Andorra,14379.0,20.0,127.0,0.0,185885.668,1641.803,0.0,0.0,77354.0
2021-07-21,Andorra,14379.0,0.0,127.0,0.0,185885.668,1641.803,0.0,0.0,77354.0
2021-07-22,Andorra,14464.0,85.0,127.0,0.0,186984.513,1641.803,0.0,0.0,77354.0
2021-07-23,Andorra,14498.0,34.0,127.0,0.0,187424.05,1641.803,0.0,0.0,77354.0
2021-07-24,Andorra,14498.0,0.0,127.0,0.0,187424.05,1641.803,0.0,0.0,77354.0
2021-07-25,Andorra,14498.0,0.0,127.0,0.0,187424.05,1641.803,0.0,0.0,77354.0
2021-07-26,Andorra,14577.0,79.0,127.0,0.0,188445.329,1641.803,0.0,0.0,77354.0
2021-07-27,Andorra,14586.0,9.0,127.0,0.0,188561.677,1641.803,0.0,0.0,77354.0
2021-07-28,Andorra,14586.0,0.0,127.0,0.0,188561.677,1641.803,0.0,0.0,77354.0
2021-07-29,Andorra,14655.0,69.0,127.0,0.0,189453.68,1641.803,0.0,0.0,77354.0
2021-07-30,Andorra,14678.0,23.0,128.0,1.0,189751.015,1654.73,0.0,0.0,77354.0
2021-07-31,Andorra,14678.0,0.0,128.0,0.0,189751.015,1654.73,0.0,0.0,77354.0
2021-08-01,Andorra,14678.0,0.0,128.0,0.0,189751.015,1654.73,50747.0,35573.0,77354.0
2021-08-02,Andorra,14747.0,69.0,128.0,0.0,190643.018,1654.73,0.0,0.0,77354.0
2021-08-03,Andorra,14766.0,19.0,128.0,0.0,190888.642,1654.73,0.0,0.0,77354.0
2021-08-04,Andorra,14797.0,31.0,128.0,0.0,191289.397,1654.73,0.0,0.0,77354.0
2021-08-05,Andorra,14809.0,12.0,128.0,0.0,191444.528,1654.73,0.0,0.0,77354.0
2021-08-06,Andorra,14836.0,27.0,128.0,0.0,191793.572,1654.73,0.0,0.0,77354.0
2021-08-07,Andorra,14836.0,0.0,128.0,0.0,191793.572,1654.73,0.0,0.0,77354.0
2021-08-08,Andorra,14836.0,0.0,128.0,0.0,191793.572,1654.73,0.0,0.0,77354.0
2021-08-09,Andorra,14836.0,0.0,128.0,0.0,191793.572,1654.73,0.0,0.0,77354.0
2021-08-10,Andorra,14873.0,37.0,129.0,1.0,192271.893,1667.658,0.0,0.0,77354.0
2021-08-11,Andorra,14891.0,18.0,129.0,0.0,192504.589,1667.658,0.0,0.0,77354.0
2021-08-12,Andorra,14908.0,17.0,129.0,0.0,192724.358,1667.658,0.0,0.0,77354.0
2021-08-13,Andorra,14924.0,16.0,129.0,0.0,192931.199,1667.658,0.0,0.0,77354.0
2021-08-14,Andorra,14924.0,0.0,129.0,0.0,192931.199,1667.658,0.0,0.0,77354.0
2021-08-15,Andorra,14924.0,0.0,129.0,0.0,192931.199,1667.658,51044.0,40616.0,77354.0
2021-08-16,Andorra,14954.0,30.0,129.0,0.0,193319.027,1667.658,0.0,0.0,77354.0
2021-08-17,Andorra,14960.0,6.0,129.0,0.0,193396.592,1667.658,0.0,0.0,77354.0
2021-08-18,Andorra,14976.0,16.0,129.0,0.0,193603.434,1667.658,0.0,0.0,77354.0
2021-08-19,Andorra,14981.0,5.0,129.0,0.0,193668.071,1667.658,0.0,0.0,77354.0
2021-08-20,Andorra,14988.0,7.0,129.0,0.0,193758.565,1667.658,0.0,0.0,77354.0
2021-08-21,Andorra,14988.0,0.0,129.0,0.0,193758.565,1667.658,0.0,0.0,77354.0
2021-08-22,Andorra,14988.0,0.0,129.0,0.0,193758.565,1667.658,0.0,0.0,77354.0
2021-08-23,Andorra,15002.0,14.0,130.0,1.0,193939.551,1680.585,0.0,0.0,77354.0
2021-08-24,Andorra,15003.0,1.0,130.0,0.0,193952.478,1680.585,0.0,0.0,77354.0
2021-08-25,Andorra,15014.0,11.0,130.0,0.0,194094.682,1680.585,0.0,0.0,77354.0
2021-08-26,Andorra,15016.0,2.0,130.0,0.0,194120.537,1680.585,0.0,0.0,77354.0
2021-08-27,Andorra,15025.0,9.0,130.0,0.0,194236.885,1680.585,0.0,0.0,77354.0
2021-08-28,Andorra,15025.0,0.0,130.0,0.0,194236.885,1680.585,0.0,0.0,77354.0
2021-08-29,Andorra,15025.0,0.0,130.0,0.0,194236.885,1680.585,52910.0,43008.0,77354.0
2021-08-30,Andorra,15032.0,7.0,130.0,0.0,194327.378,1680.585,0.0,0.0,77354.0
2021-08-31,Andorra,15033.0,1.0,130.0,0.0,194340.306,1680.585,0.0,0.0,77354.0
2021-09-01,Andorra,15046.0,13.0,130.0,0.0,194508.364,1680.585,0.0,0.0,77354.0
2021-09-02,Andorra,15052.0,6.0,130.0,0.0,194585.93,1680.585,0.0,0.0,77354.0
2021-09-03,Andorra,15055.0,3.0,130.0,0.0,194624.712,1680.585,0.0,0.0,77354.0
2021-09-04,Andorra,15055.0,0.0,130.0,0.0,194624.712,1680.585,0.0,0.0,77354.0
2021-09-05,Andorra,15055.0,0.0,130.0,0.0,194624.712,1680.585,0.0,0.0,77354.0
2021-09-06,Andorra,15069.0,14.0,130.0,0.0,194805.698,1680.585,0.0,0.0,77354.0
2021-09-07,Andorra,15070.0,1.0,130.0,0.0,194818.626,1680.585,0.0,0.0,77354.0
2021-09-08,Andorra,15070.0,0.0,130.0,0.0,194818.626,1680.585,0.0,0.0,77354.0
2021-09-09,Andorra,15078.0,8.0,130.0,0.0,194922.047,1680.585,0.0,0.0,77354.0
2021-09-10,Andorra,15083.0,5.0,130.0,0.0,194986.685,1680.585,0.0,0.0,77354.0
2021-09-11,Andorra,15083.0,0.0,130.0,0.0,194986.685,1680.585,0.0,0.0,77354.0
2021-09-12,Andorra,15083.0,0.0,130.0,0.0,194986.685,1680.585,0.0,0.0,77354.0
2021-09-13,Andorra,15096.0,13.0,130.0,0.0,195154.743,1680.585,0.0,0.0,77354.0
2021-09-14,Andorra,15099.0,3.0,130.0,0.0,195193.526,1680.585,0.0,0.0,77354.0
2021-09-15,Andorra,15108.0,9.0,130.0,0.0,195309.874,1680.585,0.0,0.0,77354.0
2021-09-16,Andorra,15113.0,5.0,130.0,0.0,195374.512,1680.585,0.0,0.0,77354.0
2021-09-17,Andorra,15124.0,11.0,130.0,0.0,195516.715,1680.585,0.0,0.0,77354.0
2021-09-18,Andorra,15124.0,0.0,130.0,0.0,195516.715,1680.585,0.0,0.0,77354.0
2021-09-19,Andorra,15124.0,0.0,130.0,0.0,195516.715,1680.585,0.0,0.0,77354.0
2021-09-20,Andorra,15140.0,16.0,130.0,0.0,195723.557,1680.585,0.0,0.0,77354.0
2021-09-21,Andorra,15140.0,0.0,130.0,0.0,195723.557,1680.585,0.0,0.0,77354.0
2021-09-22,Andorra,15153.0,13.0,130.0,0.0,195891.615,1680.585,0.0,0.0,77354.0
2021-09-23,Andorra,15156.0,3.0,130.0,0.0,195930.398,1680.585,0.0,0.0,77354.0
2021-09-24,Andorra,15167.0,11.0,130.0,0.0,196072.601,1680.585,0.0,0.0,77354.0
2021-09-25,Andorra,15167.0,0.0,130.0,0.0,196072.601,1680.585,0.0,0.0,77354.0
2021-09-26,Andorra,15167.0,0.0,130.0,0.0,196072.601,1680.585,54312.0,47720.0,77354.0
2021-09-27,Andorra,15189.0,22.0,130.0,0.0,196357.008,1680.585,0.0,0.0,77354.0
2021-09-28,Andorra,15192.0,3.0,130.0,0.0,196395.791,1680.585,0.0,0.0,77354.0
2021-09-29,Andorra,15209.0,17.0,130.0,0.0,196615.56,1680.585,0.0,0.0,77354.0
2021-09-30,Andorra,15222.0,13.0,130.0,0.0,196783.618,1680.585,0.0,0.0,77354.0
2021-10-01,Andorra,15222.0,0.0,130.0,0.0,196783.618,1680.585,0.0,0.0,77354.0
2021-10-02,Andorra,15222.0,0.0,130.0,0.0,196783.618,1680.585,0.0,0.0,77354.0
2021-10-03,Andorra,15222.0,0.0,130.0,0.0,196783.618,1680.585,54383.0,48309.0,77354.0
2021-10-04,Andorra,15267.0,45.0,130.0,0.0,197365.359,1680.585,0.0,0.0,77354.0
2021-10-05,Andorra,15271.0,4.0,130.0,0.0,197417.07,1680.585,0.0,0.0,77354.0
2021-10-06,Andorra,15284.0,13.0,130.0,0.0,197585.128,1680.585,0.0,0.0,77354.0
2021-10-07,Andorra,15288.0,4.0,130.0,0.0,197636.838,1680.585,0.0,0.0,77354.0
2021-10-08,Andorra,15291.0,3.0,130.0,0.0,197675.621,1680.585,0.0,0.0,77354.0
2021-10-09,Andorra,15291.0,0.0,130.0,0.0,197675.621,1680.585,0.0,0.0,77354.0
2021-10-10,Andorra,15291.0,0.0,130.0,0.0,197675.621,1680.585,0.0,0.0,77354.0
2021-10-11,Andorra,15307.0,16.0,130.0,0.0,197882.462,1680.585,0.0,0.0,77354.0
2021-10-12,Andorra,15307.0,0.0,130.0,0.0,197882.462,1680.585,0.0,0.0,77354.0
2021-10-13,Andorra,15314.0,7.0,130.0,0.0,197972.956,1680.585,0.0,0.0,77354.0
2021-10-14,Andorra,15326.0,12.0,130.0,0.0,198128.086,1680.585,0.0,0.0,77354.0
2021-10-15,Andorra,15338.0,12.0,130.0,0.0,198283.217,1680.585,0.0,0.0,77354.0
2021-10-16,Andorra,15338.0,0.0,130.0,0.0,198283.217,1680.585,0.0,0.0,77354.0
2021-10-17,Andorra,15338.0,0.0,130.0,0.0,198283.217,1680.585,0.0,0.0,77354.0
2021-10-18,Andorra,15367.0,29.0,130.0,0.0,198658.117,1680.585,0.0,0.0,77354.0
2021-10-19,Andorra,15369.0,2.0,130.0,0.0,198683.972,1680.585,0.0,0.0,77354.0
2021-10-20,Andorra,15382.0,13.0,130.0,0.0,198852.031,1680.585,0.0,0.0,77354.0
2021-10-21,Andorra,15382.0,0.0,130.0,0.0,198852.031,1680.585,0.0,0.0,77354.0
2021-10-22,Andorra,15404.0,22.0,130.0,0.0,199136.438,1680.585,0.0,0.0,77354.0
2021-10-23,Andorra,15404.0,0.0,130.0,0.0,199136.438,1680.585,0.0,0.0,77354.0
2021-10-24,Andorra,15404.0,0.0,130.0,0.0,199136.438,1680.585,0.0,0.0,77354.0
2021-10-25,Andorra,15425.0,21.0,130.0,0.0,199407.917,1680.585,0.0,0.0,77354.0
2021-10-26,Andorra,15425.0,0.0,130.0,0.0,199407.917,1680.585,0.0,0.0,77354.0
2021-10-27,Andorra,15462.0,37.0,130.0,0.0,199886.237,1680.585,0.0,0.0,77354.0
2021-10-28,Andorra,15505.0,43.0,130.0,0.0,200442.123,1680.585,0.0,0.0,77354.0
2021-10-29,Andorra,15516.0,11.0,130.0,0.0,200584.327,1680.585,0.0,0.0,77354.0
2021-10-30,Andorra,15516.0,0.0,130.0,0.0,200584.327,1680.585,0.0,0.0,77354.0
2021-10-31,Andorra,15516.0,0.0,130.0,0.0,200584.327,1680.585,54999.0,49535.0,77354.0
2021-11-01,Andorra,15516.0,0.0,130.0,0.0,200584.327,1680.585,0.0,0.0,77354.0
2021-11-02,Andorra,15516.0,0.0,130.0,0.0,200584.327,1680.585,0.0,0.0,77354.0
2021-11-03,Andorra,15572.0,56.0,130.0,0.0,201308.271,1680.585,0.0,0.0,77354.0
2021-11-04,Andorra,15618.0,46.0,130.0,0.0,201902.94,1680.585,0.0,0.0,77354.0
2021-11-05,Andorra,15618.0,0.0,130.0,0.0,201902.94,1680.585,0.0,0.0,77354.0
2021-11-06,Andorra,15618.0,0.0,130.0,0.0,201902.94,1680.585,0.0,0.0,77354.0
2021-11-07,Andorra,15618.0,0.0,130.0,0.0,201902.94,1680.585,0.0,0.0,77354.0
2021-11-08,Andorra,15705.0,87.0,130.0,0.0,203027.639,1680.585,0.0,0.0,77354.0
2021-11-09,Andorra,15717.0,12.0,130.0,0.0,203182.77,1680.585,0.0,0.0,77354.0
2021-11-10,Andorra,15744.0,27.0,130.0,0.0,203531.815,1680.585,0.0,0.0,77354.0
2021-11-11,Andorra,15744.0,0.0,130.0,0.0,203531.815,1680.585,0.0,0.0,77354.0
2021-11-12,Andorra,15819.0,75.0,130.0,0.0,204501.383,1680.585,0.0,0.0,77354.0
2021-11-13,Andorra,15819.0,0.0,130.0,0.0,204501.383,1680.585,0.0,0.0,77354.0
2021-11-14,Andorra,15819.0,0.0,130.0,0.0,204501.383,1680.585,0.0,0.0,77354.0
2021-11-15,Andorra,15907.0,88.0,130.0,0.0,205639.01,1680.585,0.0,0.0,77354.0
2021-11-16,Andorra,15929.0,22.0,130.0,0.0,205923.417,1680.585,0.0,0.0,77354.0
2021-11-17,Andorra,15972.0,43.0,130.0,0.0,206479.303,1680.585,0.0,0.0,77354.0
2021-11-18,Andorra,16035.0,63.0,130.0,0.0,207293.74,1680.585,0.0,0.0,77354.0
2021-11-19,Andorra,16086.0,51.0,130.0,0.0,207953.047,1680.585,0.0,0.0,77354.0
2021-11-20,Andorra,16086.0,0.0,130.0,0.0,207953.047,1680.585,0.0,0.0,77354.0
2021-11-21,Andorra,16086.0,0.0,130.0,0.0,207953.047,1680.585,0.0,0.0,77354.0
2021-11-22,Andorra,16299.0,213.0,130.0,0.0,210706.622,1680.585,0.0,0.0,77354.0
2021-11-23,Andorra,16342.0,43.0,130.0,0.0,211262.507,1680.585,0.0,0.0,77354.0
2021-11-24,Andorra,16426.0,84.0,131.0,1.0,212348.424,1693.513,0.0,0.0,77354.0
2021-11-25,Andorra,16566.0,140.0,131.0,0.0,214158.285,1693.513,0.0,0.0,77354.0
2021-11-26,Andorra,16712.0,146.0,131.0,0.0,216045.712,1693.513,0.0,0.0,77354.0
2021-11-27,Andorra,16712.0,0.0,131.0,0.0,216045.712,1693.513,0.0,0.0,77354.0
2021-11-28,Andorra,16712.0,0.0,131.0,0.0,216045.712,1693.513,0.0,0.0,77354.0
2021-11-29,Andorra,16712.0,0.0,131.0,0.0,216045.712,1693.513,0.0,0.0,77354.0
2021-11-30,Andorra,17115.0,403.0,131.0,0.0,221255.527,1693.513,0.0,0.0,77354.0
2021-12-01,Andorra,17426.0,311.0,131.0,0.0,225276.004,1693.513,0.0,0.0,77354.0
2021-12-02,Andorra,17658.0,232.0,132.0,1.0,228275.202,1706.441,0.0,0.0,77354.0
2021-12-03,Andorra,18010.0,352.0,132.0,0.0,232825.71,1706.441,0.0,0.0,77354.0
2021-12-04,Andorra,18010.0,0.0,132.0,0.0,232825.71,1706.441,0.0,0.0,77354.0
2021-12-05,Andorra,18010.0,0.0,132.0,0.0,232825.71,1706.441,56095.0,50333.0,77354.0
2021-12-06,Andorra,18631.0,621.0,133.0,1.0,240853.737,1719.368,0.0,0.0,77354.0
2021-12-07,Andorra,18815.0,184.0,133.0,0.0,243232.412,1719.368,0.0,0.0,77354.0
2021-12-08,Andorra,18815.0,0.0,133.0,0.0,243232.412,1719.368,0.0,0.0,77354.0
2021-12-09,Andorra,19272.0,457.0,133.0,0.0,249140.316,1719.368,0.0,0.0,77354.0
2021-12-10,Andorra,19440.0,168.0,133.0,0.0,251312.149,1719.368,0.0,0.0,77354.0
2021-12-11,Andorra,19440.0,0.0,133.0,0.0,251312.149,1719.368,0.0,0.0,77354.0
2021-12-12,Andorra,19440.0,0.0,133.0,0.0,251312.149,1719.368,56628.0,50551.0,77354.0
2021-12-13,Andorra,19440.0,0.0,133.0,0.0,251312.149,1719.368,0.0,0.0,77354.0
2021-12-14,Andorra,20136.0,696.0,134.0,1.0,260309.745,1732.296,0.0,0.0,77354.0
2021-12-15,Andorra,20136.0,0.0,134.0,0.0,260309.745,1732.296,0.0,0.0,77354.0
2021-12-16,Andorra,20549.0,413.0,134.0,0.0,265648.835,1732.296,0.0,0.0,77354.0
2021-12-17,Andorra,20549.0,0.0,134.0,0.0,265648.835,1732.296,0.0,0.0,77354.0
2021-12-18,Andorra,20549.0,0.0,134.0,0.0,265648.835,1732.296,0.0,0.0,77354.0
2021-12-19,Andorra,20549.0,0.0,134.0,0.0,265648.835,1732.296,0.0,0.0,77354.0
2021-12-20,Andorra,21062.0,513.0,137.0,3.0,272280.684,1771.078,0.0,0.0,77354.0
2021-12-21,Andorra,21062.0,0.0,137.0,0.0,272280.684,1771.078,0.0,0.0,77354.0
2021-12-22,Andorra,21372.0,310.0,138.0,1.0,276288.233,1784.006,0.0,0.0,77354.0
2021-12-23,Andorra,21571.0,199.0,139.0,1.0,278860.822,1796.934,0.0,0.0,77354.0
2021-12-24,Andorra,21730.0,159.0,139.0,0.0,280916.307,1796.934,0.0,0.0,77354.0
2021-12-25,Andorra,21730.0,0.0,139.0,0.0,280916.307,1796.934,0.0,0.0,77354.0
2021-12-26,Andorra,21730.0,0.0,139.0,0.0,280916.307,1796.934,57085.0,51392.0,77354.0
2021-12-27,Andorra,22332.0,602.0,139.0,0.0,288698.71,1796.934,0.0,0.0,77354.0
2021-12-28,Andorra,22540.0,208.0,140.0,1.0,291387.646,1809.861,0.0,0.0,77354.0
2021-12-29,Andorra,22823.0,283.0,140.0,0.0,295046.151,1809.861,0.0,0.0,77354.0
2021-12-30,Andorra,23122.0,299.0,140.0,0.0,298911.498,1809.861,0.0,0.0,77354.0
2021-12-31,Andorra,23740.0,618.0,140.0,0.0,306900.742,1809.861,0.0,0.0,77354.0
2022-01-01,Andorra,23740.0,0.0,140.0,0.0,306900.742,1809.861,0.0,0.0,77354.0
2022-01-02,Andorra,23740.0,0.0,140.0,0.0,306900.742,1809.861,0.0,0.0,77354.0
2022-01-03,Andorra,24502.0,762.0,140.0,0.0,316751.558,1809.861,0.0,0.0,77354.0
2022-01-04,Andorra,24802.0,300.0,141.0,1.0,320629.832,1822.789,0.0,0.0,77354.0
2022-01-05,Andorra,25289.0,487.0,141.0,0.0,326925.563,1822.789,0.0,0.0,77354.0
2022-01-06,Andorra,25289.0,0.0,141.0,0.0,326925.563,1822.789,0.0,0.0,77354.0
2022-01-07,Andorra,26408.0,1119.0,141.0,0.0,341391.525,1822.789,0.0,0.0,77354.0
2022-01-08,Andorra,26408.0,0.0,141.0,0.0,341391.525,1822.789,0.0,0.0,77354.0
2022-01-09,Andorra,26408.0,0.0,141.0,0.0,341391.525,1822.789,0.0,0.0,77354.0
2022-01-10,Andorra,27983.0,1575.0,141.0,0.0,361752.463,1822.789,0.0,0.0,77354.0
2022-01-11,Andorra,28542.0,559.0,141.0,0.0,368978.98,1822.789,0.0,0.0,77354.0
2022-01-12,Andorra,28899.0,357.0,141.0,0.0,373594.126,1822.789,0.0,0.0,77354.0
2022-01-13,Andorra,28899.0,0.0,141.0,0.0,373594.126,1822.789,0.0,0.0,77354.0
2022-01-14,Andorra,29888.0,989.0,142.0,1.0,386379.502,1835.716,0.0,0.0,77354.0
2022-01-15,Andorra,29888.0,0.0,142.0,0.0,386379.502,1835.716,0.0,0.0,77354.0
2022-01-16,Andorra,29888.0,0.0,142.0,0.0,386379.502,1835.716,57643.0,53046.0,77354.0
2022-01-17,Andorra,29888.0,0.0,142.0,0.0,386379.502,1835.716,0.0,0.0,77354.0
2022-01-18,Andorra,29888.0,0.0,142.0,0.0,386379.502,1835.716,0.0,0.0,77354.0
2022-01-19,Andorra,29888.0,0.0,142.0,0.0,386379.502,1835.716,0.0,0.0,77354.0
2022-01-20,Andorra,32201.0,2313.0,144.0,2.0,416280.994,1861.571,0.0,0.0,77354.0
2022-01-21,Andorra,33025.0,824.0,144.0,0.0,426933.32,1861.571,0.0,0.0,77354.0
2022-01-22,Andorra,33025.0,0.0,144.0,0.0,426933.32,1861.571,0.0,0.0,77354.0
2022-01-23,Andorra,33025.0,0.0,144.0,0.0,426933.32,1861.571,57709.0,53104.0,77354.0
2022-01-24,Andorra,33025.0,0.0,144.0,0.0,426933.32,1861.571,0.0,0.0,77354.0
2022-01-25,Andorra,34701.0,1676.0,145.0,1.0,448599.943,1874.499,0.0,0.0,77354.0
2022-01-26,Andorra,35028.0,327.0,145.0,0.0,452827.262,1874.499,0.0,0.0,77354.0
2022-01-27,Andorra,35028.0,0.0,145.0,0.0,452827.262,1874.499,0.0,0.0,77354.0
2022-01-28,Andorra,35556.0,528.0,145.0,0.0,459653.024,1874.499,0.0,0.0,77354.0
2022-01-29,Andorra,35556.0,0.0,145.0,0.0,459653.024,1874.499,0.0,0.0,77354.0
2022-01-30,Andorra,35556.0,0.0,145.0,0.0,459653.024,1874.499,0.0,0.0,77354.0
2022-01-31,Andorra,35958.0,402.0,145.0,0.0,464849.911,1874.499,0.0,0.0,77354.0
2022-02-01,Andorra,35958.0,0.0,145.0,0.0,464849.911,1874.499,0.0,0.0,77354.0
2022-02-02,Andorra,36315.0,357.0,146.0,1.0,469465.057,1887.427,0.0,0.0,77354.0
2022-02-03,Andorra,36470.0,155.0,147.0,1.0,471468.832,1900.354,0.0,0.0,77354.0
2022-02-04,Andorra,36599.0,129.0,147.0,0.0,473136.489,1900.354,0.0,0.0,77354.0
2022-02-05,Andorra,36599.0,0.0,147.0,0.0,473136.489,1900.354,0.0,0.0,77354.0
2022-02-06,Andorra,36599.0,0.0,147.0,0.0,473136.489,1900.354,57791.0,53208.0,77354.0
2022-02-07,Andorra,36808.0,209.0,147.0,0.0,475838.354,1900.354,0.0,0.0,77354.0
2022-02-08,Andorra,36808.0,0.0,147.0,0.0,475838.354,1900.354,0.0,0.0,77354.0
2022-02-09,Andorra,36989.0,181.0,148.0,1.0,478178.245,1913.282,0.0,0.0,77354.0
2022-02-10,Andorra,37074.0,85.0,148.0,0.0,479277.09,1913.282,0.0,0.0,77354.0
2022-02-11,Andorra,37140.0,66.0,148.0,0.0,480130.31,1913.282,0.0,0.0,77354.0
2022-02-12,Andorra,37140.0,0.0,148.0,0.0,480130.31,1913.282,0.0,0.0,77354.0
2022-02-13,Andorra,37140.0,0.0,148.0,0.0,480130.31,1913.282,57797.0,53250.0,77354.0
2022-02-14,Andorra,37277.0,137.0,149.0,1.0,481901.388,1926.209,0.0,0.0,77354.0
2022-02-15,Andorra,37361.0,84.0,150.0,1.0,482987.305,1939.137,0.0,0.0,77354.0
2022-02-16,Andorra,37452.0,91.0,150.0,0.0,484163.715,1939.137,0.0,0.0,77354.0
2022-02-17,Andorra,37522.0,70.0,150.0,0.0,485068.645,1939.137,0.0,0.0,77354.0
2022-02-18,Andorra,37589.0,67.0,150.0,0.0,485934.793,1939.137,0.0,0.0,77354.0
2022-02-19,Andorra,37589.0,0.0,150.0,0.0,485934.793,1939.137,0.0,0.0,77354.0
2022-02-20,Andorra,37589.0,0.0,150.0,0.0,485934.793,1939.137,0.0,0.0,77354.0
2022-02-21,Andorra,37589.0,0.0,150.0,0.0,485934.793,1939.137,0.0,0.0,77354.0
2022-02-22,Andorra,37820.0,231.0,151.0,1.0,488921.064,1952.065,0.0,0.0,77354.0
2022-02-23,Andorra,37901.0,81.0,151.0,0.0,489968.198,1952.065,0.0,0.0,77354.0
2022-02-24,Andorra,37958.0,57.0,151.0,0.0,490705.07,1952.065,0.0,0.0,77354.0
2022-02-25,Andorra,37999.0,41.0,151.0,0.0,491235.101,1952.065,0.0,0.0,77354.0
2022-02-26,Andorra,37999.0,0.0,151.0,0.0,491235.101,1952.065,0.0,0.0,77354.0
2022-02-27,Andorra,37999.0,0.0,151.0,0.0,491235.101,1952.065,0.0,0.0,77354.0
2022-02-28,Andorra,37999.0,0.0,151.0,0.0,491235.101,1952.065,0.0,0.0,77354.0
2022-03-01,Andorra,38165.0,166.0,151.0,0.0,493381.079,1952.065,0.0,0.0,77354.0
2022-03-02,Andorra,38249.0,84.0,151.0,0.0,494466.996,1952.065,0.0,0.0,77354.0
2022-03-03,Andorra,38342.0,93.0,151.0,0.0,495669.261,1952.065,0.0,0.0,77354.0
2022-03-04,Andorra,38434.0,92.0,151.0,0.0,496858.598,1952.065,0.0,0.0,77354.0
2022-03-05,Andorra,38434.0,0.0,151.0,0.0,496858.598,1952.065,0.0,0.0,77354.0
2020-03-20,Angola,1.0,1.0,0.0,0.0,0.029,0.0,0.0,0.0,33933611.0
2020-03-21,Angola,2.0,1.0,0.0,0.0,0.059,0.0,0.0,0.0,33933611.0
2020-03-22,Angola,2.0,0.0,0.0,0.0,0.059,0.0,0.0,0.0,33933611.0
2020-03-23,Angola,3.0,1.0,0.0,0.0,0.088,0.0,0.0,0.0,33933611.0
2020-03-24,Angola,3.0,0.0,0.0,0.0,0.088,0.0,0.0,0.0,33933611.0
2020-03-25,Angola,3.0,0.0,0.0,0.0,0.088,0.0,0.0,0.0,33933611.0
2020-03-26,Angola,4.0,1.0,0.0,0.0,0.118,0.0,0.0,0.0,33933611.0
2020-03-27,Angola,4.0,0.0,0.0,0.0,0.118,0.0,0.0,0.0,33933611.0
2020-03-28,Angola,5.0,1.0,0.0,0.0,0.147,0.0,0.0,0.0,33933611.0
2020-03-29,Angola,7.0,2.0,2.0,2.0,0.206,0.059,0.0,0.0,33933611.0
2020-03-30,Angola,7.0,0.0,2.0,0.0,0.206,0.059,0.0,0.0,33933611.0
2020-03-31,Angola,7.0,0.0,2.0,0.0,0.206,0.059,0.0,0.0,33933611.0
2020-04-01,Angola,8.0,1.0,2.0,0.0,0.236,0.059,0.0,0.0,33933611.0
2020-04-02,Angola,8.0,0.0,2.0,0.0,0.236,0.059,0.0,0.0,33933611.0
2020-04-03,Angola,8.0,0.0,2.0,0.0,0.236,0.059,0.0,0.0,33933611.0
2020-04-04,Angola,10.0,2.0,2.0,0.0,0.295,0.059,0.0,0.0,33933611.0
2020-04-05,Angola,14.0,4.0,2.0,0.0,0.413,0.059,0.0,0.0,33933611.0
2020-04-06,Angola,16.0,2.0,2.0,0.0,0.472,0.059,0.0,0.0,33933611.0
2020-04-07,Angola,17.0,1.0,2.0,0.0,0.501,0.059,0.0,0.0,33933611.0
2020-04-08,Angola,19.0,2.0,2.0,0.0,0.56,0.059,0.0,0.0,33933611.0
2020-04-09,Angola,19.0,0.0,2.0,0.0,0.56,0.059,0.0,0.0,33933611.0
2020-04-10,Angola,19.0,0.0,2.0,0.0,0.56,0.059,0.0,0.0,33933611.0
2020-04-11,Angola,19.0,0.0,2.0,0.0,0.56,0.059,0.0,0.0,33933611.0
2020-04-12,Angola,19.0,0.0,2.0,0.0,0.56,0.059,0.0,0.0,33933611.0
2020-04-13,Angola,19.0,0.0,2.0,0.0,0.56,0.059,0.0,0.0,33933611.0
2020-04-14,Angola,19.0,0.0,2.0,0.0,0.56,0.059,0.0,0.0,33933611.0
2020-04-15,Angola,19.0,0.0,2.0,0.0,0.56,0.059,0.0,0.0,33933611.0
2020-04-16,Angola,19.0,0.0,2.0,0.0,0.56,0.059,0.0,0.0,33933611.0
2020-04-17,Angola,19.0,0.0,2.0,0.0,0.56,0.059,0.0,0.0,33933611.0
2020-04-18,Angola,24.0,5.0,2.0,0.0,0.707,0.059,0.0,0.0,33933611.0
2020-04-19,Angola,24.0,0.0,2.0,0.0,0.707,0.059,0.0,0.0,33933611.0
2020-04-20,Angola,24.0,0.0,2.0,0.0,0.707,0.059,0.0,0.0,33933611.0
2020-04-21,Angola,24.0,0.0,2.0,0.0,0.707,0.059,0.0,0.0,33933611.0
2020-04-22,Angola,25.0,1.0,2.0,0.0,0.737,0.059,0.0,0.0,33933611.0
2020-04-23,Angola,25.0,0.0,2.0,0.0,0.737,0.059,0.0,0.0,33933611.0
2020-04-24,Angola,25.0,0.0,2.0,0.0,0.737,0.059,0.0,0.0,33933611.0
2020-04-25,Angola,25.0,0.0,2.0,0.0,0.737,0.059,0.0,0.0,33933611.0
2020-04-26,Angola,26.0,1.0,2.0,0.0,0.766,0.059,0.0,0.0,33933611.0
2020-04-27,Angola,27.0,1.0,2.0,0.0,0.796,0.059,0.0,0.0,33933611.0
2020-04-28,Angola,27.0,0.0,2.0,0.0,0.796,0.059,0.0,0.0,33933611.0
2020-04-29,Angola,27.0,0.0,2.0,0.0,0.796,0.059,0.0,0.0,33933611.0
2020-04-30,Angola,27.0,0.0,2.0,0.0,0.796,0.059,0.0,0.0,33933611.0
2020-05-01,Angola,30.0,3.0,2.0,0.0,0.884,0.059,0.0,0.0,33933611.0
2020-05-02,Angola,35.0,5.0,2.0,0.0,1.031,0.059,0.0,0.0,33933611.0
2020-05-03,Angola,35.0,0.0,2.0,0.0,1.031,0.059,0.0,0.0,33933611.0
2020-05-04,Angola,35.0,0.0,2.0,0.0,1.031,0.059,0.0,0.0,33933611.0
2020-05-05,Angola,36.0,1.0,2.0,0.0,1.061,0.059,0.0,0.0,33933611.0
2020-05-06,Angola,36.0,0.0,2.0,0.0,1.061,0.059,0.0,0.0,33933611.0
2020-05-07,Angola,36.0,0.0,2.0,0.0,1.061,0.059,0.0,0.0,33933611.0
2020-05-08,Angola,43.0,7.0,2.0,0.0,1.267,0.059,0.0,0.0,33933611.0
2020-05-09,Angola,43.0,0.0,2.0,0.0,1.267,0.059,0.0,0.0,33933611.0
2020-05-10,Angola,45.0,2.0,2.0,0.0,1.326,0.059,0.0,0.0,33933611.0
2020-05-11,Angola,45.0,0.0,2.0,0.0,1.326,0.059,0.0,0.0,33933611.0
2020-05-12,Angola,45.0,0.0,2.0,0.0,1.326,0.059,0.0,0.0,33933611.0
2020-05-13,Angola,45.0,0.0,2.0,0.0,1.326,0.059,0.0,0.0,33933611.0
2020-05-14,Angola,48.0,3.0,2.0,0.0,1.415,0.059,0.0,0.0,33933611.0
2020-05-15,Angola,48.0,0.0,2.0,0.0,1.415,0.059,0.0,0.0,33933611.0
2020-05-16,Angola,48.0,0.0,2.0,0.0,1.415,0.059,0.0,0.0,33933611.0
2020-05-17,Angola,48.0,0.0,2.0,0.0,1.415,0.059,0.0,0.0,33933611.0
2020-05-18,Angola,50.0,2.0,3.0,1.0,1.473,0.088,0.0,0.0,33933611.0
2020-05-19,Angola,52.0,2.0,3.0,0.0,1.532,0.088,0.0,0.0,33933611.0
2020-05-20,Angola,52.0,0.0,3.0,0.0,1.532,0.088,0.0,0.0,33933611.0
2020-05-21,Angola,58.0,6.0,3.0,0.0,1.709,0.088,0.0,0.0,33933611.0
2020-05-22,Angola,60.0,2.0,3.0,0.0,1.768,0.088,0.0,0.0,33933611.0
2020-05-23,Angola,61.0,1.0,4.0,1.0,1.798,0.118,0.0,0.0,33933611.0
2020-05-24,Angola,69.0,8.0,4.0,0.0,2.033,0.118,0.0,0.0,33933611.0
2020-05-25,Angola,70.0,1.0,4.0,0.0,2.063,0.118,0.0,0.0,33933611.0
2020-05-26,Angola,70.0,0.0,4.0,0.0,2.063,0.118,0.0,0.0,33933611.0
2020-05-27,Angola,71.0,1.0,4.0,0.0,2.092,0.118,0.0,0.0,33933611.0
2020-05-28,Angola,74.0,3.0,4.0,0.0,2.181,0.118,0.0,0.0,33933611.0
2020-05-29,Angola,81.0,7.0,4.0,0.0,2.387,0.118,0.0,0.0,33933611.0
2020-05-30,Angola,84.0,3.0,4.0,0.0,2.475,0.118,0.0,0.0,33933611.0
2020-05-31,Angola,86.0,2.0,4.0,0.0,2.534,0.118,0.0,0.0,33933611.0
2020-06-01,Angola,86.0,0.0,4.0,0.0,2.534,0.118,0.0,0.0,33933611.0
2020-06-02,Angola,86.0,0.0,4.0,0.0,2.534,0.118,0.0,0.0,33933611.0
2020-06-03,Angola,86.0,0.0,4.0,0.0,2.534,0.118,0.0,0.0,33933611.0
2020-06-04,Angola,86.0,0.0,4.0,0.0,2.534,0.118,0.0,0.0,33933611.0
2020-06-05,Angola,86.0,0.0,4.0,0.0,2.534,0.118,0.0,0.0,33933611.0
2020-06-06,Angola,88.0,2.0,4.0,0.0,2.593,0.118,0.0,0.0,33933611.0
2020-06-07,Angola,91.0,3.0,4.0,0.0,2.682,0.118,0.0,0.0,33933611.0
2020-06-08,Angola,92.0,1.0,4.0,0.0,2.711,0.118,0.0,0.0,33933611.0
2020-06-09,Angola,96.0,4.0,4.0,0.0,2.829,0.118,0.0,0.0,33933611.0
2020-06-10,Angola,113.0,17.0,4.0,0.0,3.33,0.118,0.0,0.0,33933611.0
2020-06-11,Angola,118.0,5.0,5.0,1.0,3.477,0.147,0.0,0.0,33933611.0
2020-06-12,Angola,130.0,12.0,5.0,0.0,3.831,0.147,0.0,0.0,33933611.0
2020-06-13,Angola,138.0,8.0,6.0,1.0,4.067,0.177,0.0,0.0,33933611.0
2020-06-14,Angola,140.0,2.0,6.0,0.0,4.126,0.177,0.0,0.0,33933611.0
2020-06-15,Angola,142.0,2.0,6.0,0.0,4.185,0.177,0.0,0.0,33933611.0
2020-06-16,Angola,148.0,6.0,6.0,0.0,4.361,0.177,0.0,0.0,33933611.0
2020-06-17,Angola,155.0,7.0,7.0,1.0,4.568,0.206,0.0,0.0,33933611.0
2020-06-18,Angola,166.0,11.0,8.0,1.0,4.892,0.236,0.0,0.0,33933611.0
2020-06-19,Angola,172.0,6.0,8.0,0.0,5.069,0.236,0.0,0.0,33933611.0
2020-06-20,Angola,176.0,4.0,9.0,1.0,5.187,0.265,0.0,0.0,33933611.0
2020-06-21,Angola,183.0,7.0,9.0,0.0,5.393,0.265,0.0,0.0,33933611.0
2020-06-22,Angola,186.0,3.0,10.0,1.0,5.481,0.295,0.0,0.0,33933611.0
2020-06-23,Angola,189.0,3.0,10.0,0.0,5.57,0.295,0.0,0.0,33933611.0
2020-06-24,Angola,197.0,8.0,10.0,0.0,5.805,0.295,0.0,0.0,33933611.0
2020-06-25,Angola,212.0,15.0,10.0,0.0,6.247,0.295,0.0,0.0,33933611.0
2020-06-26,Angola,212.0,0.0,10.0,0.0,6.247,0.295,0.0,0.0,33933611.0
2020-06-27,Angola,259.0,47.0,10.0,0.0,7.633,0.295,0.0,0.0,33933611.0
2020-06-28,Angola,267.0,8.0,11.0,1.0,7.868,0.324,0.0,0.0,33933611.0
2020-06-29,Angola,276.0,9.0,11.0,0.0,8.134,0.324,0.0,0.0,33933611.0
2020-06-30,Angola,284.0,8.0,13.0,2.0,8.369,0.383,0.0,0.0,33933611.0
2020-07-01,Angola,291.0,7.0,15.0,2.0,8.576,0.442,0.0,0.0,33933611.0
2020-07-02,Angola,315.0,24.0,17.0,2.0,9.283,0.501,0.0,0.0,33933611.0
2020-07-03,Angola,328.0,13.0,18.0,1.0,9.666,0.53,0.0,0.0,33933611.0
2020-07-04,Angola,346.0,18.0,19.0,1.0,10.196,0.56,0.0,0.0,33933611.0
2020-07-05,Angola,346.0,0.0,19.0,0.0,10.196,0.56,0.0,0.0,33933611.0
2020-07-06,Angola,346.0,0.0,19.0,0.0,10.196,0.56,0.0,0.0,33933611.0
2020-07-07,Angola,386.0,40.0,21.0,2.0,11.375,0.619,0.0,0.0,33933611.0
2020-07-08,Angola,386.0,0.0,21.0,0.0,11.375,0.619,0.0,0.0,33933611.0
2020-07-09,Angola,396.0,10.0,22.0,1.0,11.67,0.648,0.0,0.0,33933611.0
2020-07-10,Angola,458.0,62.0,23.0,1.0,13.497,0.678,0.0,0.0,33933611.0
2020-07-11,Angola,462.0,4.0,23.0,0.0,13.615,0.678,0.0,0.0,33933611.0
2020-07-12,Angola,506.0,44.0,26.0,3.0,14.911,0.766,0.0,0.0,33933611.0
2020-07-13,Angola,525.0,19.0,26.0,0.0,15.471,0.766,0.0,0.0,33933611.0
2020-07-14,Angola,541.0,16.0,26.0,0.0,15.943,0.766,0.0,0.0,33933611.0
2020-07-15,Angola,576.0,35.0,27.0,1.0,16.974,0.796,0.0,0.0,33933611.0
2020-07-16,Angola,607.0,31.0,28.0,1.0,17.888,0.825,0.0,0.0,33933611.0
2020-07-17,Angola,638.0,31.0,29.0,1.0,18.801,0.855,0.0,0.0,33933611.0
2020-07-18,Angola,687.0,49.0,29.0,0.0,20.245,0.855,0.0,0.0,33933611.0
2020-07-19,Angola,705.0,18.0,29.0,0.0,20.776,0.855,0.0,0.0,33933611.0
2020-07-20,Angola,749.0,44.0,29.0,0.0,22.073,0.855,0.0,0.0,33933611.0
2020-07-21,Angola,779.0,30.0,30.0,1.0,22.957,0.884,0.0,0.0,33933611.0
2020-07-22,Angola,812.0,33.0,33.0,3.0,23.929,0.972,0.0,0.0,33933611.0
2020-07-23,Angola,851.0,39.0,33.0,0.0,25.078,0.972,0.0,0.0,33933611.0
2020-07-24,Angola,880.0,29.0,35.0,2.0,25.933,1.031,0.0,0.0,33933611.0
2020-07-25,Angola,916.0,36.0,39.0,4.0,26.994,1.149,0.0,0.0,33933611.0
2020-07-26,Angola,932.0,16.0,40.0,1.0,27.465,1.179,0.0,0.0,33933611.0
2020-07-27,Angola,950.0,18.0,41.0,1.0,27.996,1.208,0.0,0.0,33933611.0
2020-07-28,Angola,1000.0,50.0,47.0,6.0,29.469,1.385,0.0,0.0,33933611.0
2020-07-29,Angola,1078.0,78.0,48.0,1.0,31.768,1.415,0.0,0.0,33933611.0
2020-07-30,Angola,1109.0,31.0,51.0,3.0,32.681,1.503,0.0,0.0,33933611.0
2020-07-31,Angola,1148.0,39.0,52.0,1.0,33.831,1.532,0.0,0.0,33933611.0
2020-08-01,Angola,1164.0,16.0,54.0,2.0,34.302,1.591,0.0,0.0,33933611.0
2020-08-02,Angola,1199.0,35.0,55.0,1.0,35.334,1.621,0.0,0.0,33933611.0
2020-08-03,Angola,1280.0,81.0,58.0,3.0,37.721,1.709,0.0,0.0,33933611.0
2020-08-04,Angola,1344.0,64.0,59.0,1.0,39.607,1.739,0.0,0.0,33933611.0
2020-08-05,Angola,1395.0,51.0,62.0,3.0,41.11,1.827,0.0,0.0,33933611.0
2020-08-06,Angola,1483.0,88.0,64.0,2.0,43.703,1.886,0.0,0.0,33933611.0
2020-08-07,Angola,1538.0,55.0,67.0,3.0,45.324,1.974,0.0,0.0,33933611.0
2020-08-08,Angola,1572.0,34.0,70.0,3.0,46.326,2.063,0.0,0.0,33933611.0
2020-08-09,Angola,1672.0,100.0,75.0,5.0,49.273,2.21,0.0,0.0,33933611.0
2020-08-10,Angola,1679.0,7.0,78.0,3.0,49.479,2.299,0.0,0.0,33933611.0
2020-08-11,Angola,1735.0,56.0,80.0,2.0,51.129,2.358,0.0,0.0,33933611.0
2020-08-12,Angola,1762.0,27.0,80.0,0.0,51.925,2.358,0.0,0.0,33933611.0
2020-08-13,Angola,1815.0,53.0,80.0,0.0,53.487,2.358,0.0,0.0,33933611.0
2020-08-14,Angola,1852.0,37.0,86.0,6.0,54.577,2.534,0.0,0.0,33933611.0
2020-08-15,Angola,1879.0,27.0,86.0,0.0,55.373,2.534,0.0,0.0,33933611.0
2020-08-16,Angola,1906.0,27.0,88.0,2.0,56.168,2.593,0.0,0.0,33933611.0
2020-08-17,Angola,1935.0,29.0,88.0,0.0,57.023,2.593,0.0,0.0,33933611.0
2020-08-18,Angola,1966.0,31.0,90.0,2.0,57.937,2.652,0.0,0.0,33933611.0
2020-08-19,Angola,2015.0,49.0,92.0,2.0,59.381,2.711,0.0,0.0,33933611.0
2020-08-20,Angola,2044.0,29.0,93.0,1.0,60.235,2.741,0.0,0.0,33933611.0
2020-08-21,Angola,2068.0,24.0,94.0,1.0,60.943,2.77,0.0,0.0,33933611.0
2020-08-22,Angola,2134.0,66.0,94.0,0.0,62.888,2.77,0.0,0.0,33933611.0
2020-08-23,Angola,2171.0,37.0,96.0,2.0,63.978,2.829,0.0,0.0,33933611.0
2020-08-24,Angola,2222.0,51.0,100.0,4.0,65.481,2.947,0.0,0.0,33933611.0
2020-08-25,Angola,2283.0,61.0,102.0,2.0,67.278,3.006,0.0,0.0,33933611.0
2020-08-26,Angola,2332.0,49.0,103.0,1.0,68.722,3.035,0.0,0.0,33933611.0
2020-08-27,Angola,2415.0,83.0,105.0,2.0,71.168,3.094,0.0,0.0,33933611.0
2020-08-28,Angola,2471.0,56.0,106.0,1.0,72.819,3.124,0.0,0.0,33933611.0
2020-08-29,Angola,2551.0,80.0,107.0,1.0,75.176,3.153,0.0,0.0,33933611.0
2020-08-30,Angola,2624.0,73.0,107.0,0.0,77.327,3.153,0.0,0.0,33933611.0
2020-08-31,Angola,2654.0,30.0,108.0,1.0,78.212,3.183,0.0,0.0,33933611.0
2020-09-01,Angola,2729.0,75.0,109.0,1.0,80.422,3.212,0.0,0.0,33933611.0
2020-09-02,Angola,2777.0,48.0,112.0,3.0,81.836,3.301,0.0,0.0,33933611.0
2020-09-03,Angola,2805.0,28.0,113.0,1.0,82.661,3.33,0.0,0.0,33933611.0
2020-09-04,Angola,2876.0,71.0,115.0,2.0,84.754,3.389,0.0,0.0,33933611.0
2020-09-05,Angola,2935.0,59.0,117.0,2.0,86.492,3.448,0.0,0.0,33933611.0
2020-09-06,Angola,2965.0,30.0,117.0,0.0,87.376,3.448,0.0,0.0,33933611.0
2020-09-07,Angola,2981.0,16.0,120.0,3.0,87.848,3.536,0.0,0.0,33933611.0
2020-09-08,Angola,3033.0,52.0,124.0,4.0,89.38,3.654,0.0,0.0,33933611.0
2020-09-09,Angola,3092.0,59.0,126.0,2.0,91.119,3.713,0.0,0.0,33933611.0
2020-09-10,Angola,3217.0,125.0,130.0,4.0,94.803,3.831,0.0,0.0,33933611.0
2020-09-11,Angola,3279.0,62.0,131.0,1.0,96.63,3.86,0.0,0.0,33933611.0
2020-09-12,Angola,3335.0,56.0,132.0,1.0,98.28,3.89,0.0,0.0,33933611.0
2020-09-13,Angola,3388.0,53.0,134.0,2.0,99.842,3.949,0.0,0.0,33933611.0
2020-09-14,Angola,3439.0,51.0,136.0,2.0,101.345,4.008,0.0,0.0,33933611.0
2020-09-15,Angola,3569.0,130.0,139.0,3.0,105.176,4.096,0.0,0.0,33933611.0
2020-09-16,Angola,3675.0,106.0,143.0,4.0,108.3,4.214,0.0,0.0,33933611.0
2020-09-17,Angola,3789.0,114.0,144.0,1.0,111.659,4.244,0.0,0.0,33933611.0
2020-09-18,Angola,3848.0,59.0,147.0,3.0,113.398,4.332,0.0,0.0,33933611.0
2020-09-19,Angola,3901.0,53.0,147.0,0.0,114.96,4.332,0.0,0.0,33933611.0
2020-09-20,Angola,3991.0,90.0,152.0,5.0,117.612,4.479,0.0,0.0,33933611.0
2020-09-21,Angola,4117.0,126.0,154.0,2.0,121.325,4.538,0.0,0.0,33933611.0
2020-09-22,Angola,4236.0,119.0,155.0,1.0,124.832,4.568,0.0,0.0,33933611.0
2020-09-23,Angola,4363.0,127.0,159.0,4.0,128.575,4.686,0.0,0.0,33933611.0
2020-09-24,Angola,4475.0,112.0,162.0,3.0,131.875,4.774,0.0,0.0,33933611.0
2020-09-25,Angola,4590.0,115.0,167.0,5.0,135.264,4.921,0.0,0.0,33933611.0
2020-09-26,Angola,4672.0,82.0,171.0,4.0,137.681,5.039,0.0,0.0,33933611.0
2020-09-27,Angola,4718.0,46.0,174.0,3.0,139.036,5.128,0.0,0.0,33933611.0
2020-09-28,Angola,4797.0,79.0,176.0,2.0,141.364,5.187,0.0,0.0,33933611.0
2020-09-29,Angola,4905.0,108.0,179.0,3.0,144.547,5.275,0.0,0.0,33933611.0
2020-09-30,Angola,4972.0,67.0,183.0,4.0,146.521,5.393,0.0,0.0,33933611.0
2020-10-01,Angola,5114.0,142.0,185.0,2.0,150.706,5.452,0.0,0.0,33933611.0
2020-10-02,Angola,5211.0,97.0,189.0,4.0,153.565,5.57,0.0,0.0,33933611.0
2020-10-03,Angola,5370.0,159.0,193.0,4.0,158.25,5.688,0.0,0.0,33933611.0
2020-10-04,Angola,5402.0,32.0,195.0,2.0,159.193,5.747,0.0,0.0,33933611.0
2020-10-05,Angola,5530.0,128.0,199.0,4.0,162.965,5.864,0.0,0.0,33933611.0
2020-10-06,Angola,5725.0,195.0,211.0,12.0,168.712,6.218,0.0,0.0,33933611.0
2020-10-07,Angola,5725.0,0.0,211.0,0.0,168.712,6.218,0.0,0.0,33933611.0
2020-10-08,Angola,5958.0,233.0,208.0,0.0,175.578,6.13,0.0,0.0,33933611.0
2020-10-09,Angola,6031.0,73.0,212.0,4.0,177.729,6.247,0.0,0.0,33933611.0
2020-10-10,Angola,6246.0,215.0,218.0,6.0,184.065,6.424,0.0,0.0,33933611.0
2020-10-11,Angola,6366.0,120.0,218.0,0.0,187.602,6.424,0.0,0.0,33933611.0
2020-10-12,Angola,6488.0,122.0,219.0,1.0,191.197,6.454,0.0,0.0,33933611.0
2020-10-13,Angola,6680.0,192.0,222.0,3.0,196.855,6.542,0.0,0.0,33933611.0
2020-10-14,Angola,6846.0,166.0,227.0,5.0,201.747,6.69,0.0,0.0,33933611.0
2020-10-15,Angola,7096.0,250.0,228.0,1.0,209.114,6.719,0.0,0.0,33933611.0
2020-10-16,Angola,7222.0,126.0,234.0,6.0,212.827,6.896,0.0,0.0,33933611.0
2020-10-17,Angola,7462.0,240.0,241.0,7.0,219.9,7.102,0.0,0.0,33933611.0
2020-10-18,Angola,7622.0,160.0,247.0,6.0,224.615,7.279,0.0,0.0,33933611.0
2020-10-19,Angola,7829.0,207.0,248.0,1.0,230.715,7.308,0.0,0.0,33933611.0
2020-10-20,Angola,8049.0,220.0,251.0,3.0,237.198,7.397,0.0,0.0,33933611.0
2020-10-21,Angola,8338.0,289.0,255.0,4.0,245.715,7.515,0.0,0.0,33933611.0
2020-10-22,Angola,8582.0,244.0,260.0,5.0,252.906,7.662,0.0,0.0,33933611.0
2020-10-23,Angola,8829.0,247.0,265.0,5.0,260.185,7.809,0.0,0.0,33933611.0
2020-10-24,Angola,9026.0,197.0,267.0,2.0,265.99,7.868,0.0,0.0,33933611.0
2020-10-25,Angola,9381.0,355.0,268.0,1.0,276.452,7.898,0.0,0.0,33933611.0
2020-10-26,Angola,9644.0,263.0,270.0,2.0,284.202,7.957,0.0,0.0,33933611.0
2020-10-27,Angola,9871.0,227.0,271.0,1.0,290.892,7.986,0.0,0.0,33933611.0
2020-10-28,Angola,10074.0,203.0,275.0,4.0,296.874,8.104,0.0,0.0,33933611.0
2020-10-29,Angola,10269.0,195.0,275.0,0.0,302.62,8.104,0.0,0.0,33933611.0
2020-10-30,Angola,10558.0,289.0,279.0,4.0,311.137,8.222,0.0,0.0,33933611.0
2020-10-31,Angola,10805.0,247.0,284.0,5.0,318.416,8.369,0.0,0.0,33933611.0
2020-11-01,Angola,11035.0,230.0,286.0,2.0,325.194,8.428,0.0,0.0,33933611.0
2020-11-02,Angola,11228.0,193.0,289.0,3.0,330.881,8.517,0.0,0.0,33933611.0
2020-11-03,Angola,11577.0,349.0,291.0,2.0,341.166,8.576,0.0,0.0,33933611.0
2020-11-04,Angola,11813.0,236.0,296.0,5.0,348.121,8.723,0.0,0.0,33933611.0
2020-11-05,Angola,12102.0,289.0,299.0,3.0,356.638,8.811,0.0,0.0,33933611.0
2020-11-06,Angola,12223.0,121.0,300.0,1.0,360.203,8.841,0.0,0.0,33933611.0
2020-11-07,Angola,12335.0,112.0,303.0,3.0,363.504,8.929,0.0,0.0,33933611.0
2020-11-08,Angola,12433.0,98.0,307.0,4.0,366.392,9.047,0.0,0.0,33933611.0
2020-11-09,Angola,12680.0,247.0,308.0,1.0,373.671,9.077,0.0,0.0,33933611.0
2020-11-10,Angola,12816.0,136.0,308.0,0.0,377.679,9.077,0.0,0.0,33933611.0
2020-11-11,Angola,12953.0,137.0,312.0,4.0,381.716,9.194,0.0,0.0,33933611.0
2020-11-12,Angola,13053.0,100.0,315.0,3.0,384.663,9.283,0.0,0.0,33933611.0
2020-11-13,Angola,13228.0,175.0,317.0,2.0,389.82,9.342,0.0,0.0,33933611.0
2020-11-14,Angola,13374.0,146.0,322.0,5.0,394.123,9.489,0.0,0.0,33933611.0
2020-11-15,Angola,13451.0,77.0,322.0,0.0,396.392,9.489,0.0,0.0,33933611.0
2020-11-16,Angola,13615.0,164.0,324.0,2.0,401.225,9.548,0.0,0.0,33933611.0
2020-11-17,Angola,13818.0,203.0,328.0,4.0,407.207,9.666,0.0,0.0,33933611.0
2020-11-18,Angola,13922.0,104.0,332.0,4.0,410.272,9.784,0.0,0.0,33933611.0
2020-11-19,Angola,14134.0,212.0,333.0,1.0,416.519,9.813,0.0,0.0,33933611.0
2020-11-20,Angola,14267.0,133.0,334.0,1.0,420.439,9.843,0.0,0.0,33933611.0
2020-11-21,Angola,14413.0,146.0,336.0,2.0,424.741,9.902,0.0,0.0,33933611.0
2020-11-22,Angola,14493.0,80.0,337.0,1.0,427.099,9.931,0.0,0.0,33933611.0
2020-11-23,Angola,14634.0,141.0,337.0,0.0,431.254,9.931,0.0,0.0,33933611.0
2020-11-24,Angola,14742.0,108.0,338.0,1.0,434.437,9.961,0.0,0.0,33933611.0
2020-11-25,Angola,14821.0,79.0,340.0,2.0,436.765,10.02,0.0,0.0,33933611.0
2020-11-26,Angola,14920.0,99.0,341.0,1.0,439.682,10.049,0.0,0.0,33933611.0
2020-11-27,Angola,15008.0,88.0,342.0,1.0,442.275,10.079,0.0,0.0,33933611.0
2020-11-28,Angola,15087.0,79.0,345.0,3.0,444.603,10.167,0.0,0.0,33933611.0
2020-11-29,Angola,15103.0,16.0,346.0,1.0,445.075,10.196,0.0,0.0,33933611.0
2020-11-30,Angola,15139.0,36.0,348.0,2.0,446.136,10.255,0.0,0.0,33933611.0
2020-12-01,Angola,15251.0,112.0,350.0,2.0,449.436,10.314,0.0,0.0,33933611.0
2020-12-02,Angola,15319.0,68.0,351.0,1.0,451.44,10.344,0.0,0.0,33933611.0
2020-12-03,Angola,15361.0,42.0,352.0,1.0,452.678,10.373,0.0,0.0,33933611.0
2020-12-04,Angola,15493.0,132.0,353.0,1.0,456.568,10.403,0.0,0.0,33933611.0
2020-12-05,Angola,15536.0,43.0,354.0,1.0,457.835,10.432,0.0,0.0,33933611.0
2020-12-06,Angola,15591.0,55.0,354.0,0.0,459.456,10.432,0.0,0.0,33933611.0
2020-12-07,Angola,15648.0,57.0,354.0,0.0,461.136,10.432,0.0,0.0,33933611.0
2020-12-08,Angola,15729.0,81.0,355.0,1.0,463.523,10.462,0.0,0.0,33933611.0
2020-12-09,Angola,15804.0,75.0,358.0,3.0,465.733,10.55,0.0,0.0,33933611.0
2020-12-10,Angola,15925.0,121.0,362.0,4.0,469.299,10.668,0.0,0.0,33933611.0
2020-12-11,Angola,16061.0,136.0,365.0,3.0,473.307,10.756,0.0,0.0,33933611.0
2020-12-12,Angola,16161.0,100.0,366.0,1.0,476.253,10.786,0.0,0.0,33933611.0
2020-12-13,Angola,16188.0,27.0,371.0,5.0,477.049,10.933,0.0,0.0,33933611.0
2020-12-14,Angola,16277.0,89.0,372.0,1.0,479.672,10.963,0.0,0.0,33933611.0
2020-12-15,Angola,16362.0,85.0,372.0,0.0,482.177,10.963,0.0,0.0,33933611.0
2020-12-16,Angola,16407.0,45.0,379.0,7.0,483.503,11.169,0.0,0.0,33933611.0
2020-12-17,Angola,16484.0,77.0,382.0,3.0,485.772,11.257,0.0,0.0,33933611.0
2020-12-18,Angola,16562.0,78.0,384.0,2.0,488.071,11.316,0.0,0.0,33933611.0
2020-12-19,Angola,16626.0,64.0,386.0,2.0,489.957,11.375,0.0,0.0,33933611.0
2020-12-20,Angola,16644.0,18.0,387.0,1.0,490.487,11.405,0.0,0.0,33933611.0
2020-12-21,Angola,16686.0,42.0,390.0,3.0,491.725,11.493,0.0,0.0,33933611.0
2020-12-22,Angola,16802.0,116.0,393.0,3.0,495.143,11.581,0.0,0.0,33933611.0
2020-12-23,Angola,16931.0,129.0,393.0,0.0,498.945,11.581,0.0,0.0,33933611.0
2020-12-24,Angola,17029.0,98.0,393.0,0.0,501.833,11.581,0.0,0.0,33933611.0
2020-12-25,Angola,17099.0,70.0,396.0,3.0,503.896,11.67,0.0,0.0,33933611.0
2020-12-26,Angola,17149.0,50.0,399.0,3.0,505.369,11.758,0.0,0.0,33933611.0
2020-12-27,Angola,17240.0,91.0,399.0,0.0,508.051,11.758,0.0,0.0,33933611.0
2020-12-28,Angola,17296.0,56.0,403.0,4.0,509.701,11.876,0.0,0.0,33933611.0
2020-12-29,Angola,17371.0,75.0,403.0,0.0,511.911,11.876,0.0,0.0,33933611.0
2020-12-30,Angola,17433.0,62.0,405.0,2.0,513.738,11.935,0.0,0.0,33933611.0
2020-12-31,Angola,17553.0,120.0,405.0,0.0,517.275,11.935,0.0,0.0,33933611.0
2021-01-01,Angola,17568.0,15.0,405.0,0.0,517.717,11.935,0.0,0.0,33933611.0
2021-01-02,Angola,17608.0,40.0,407.0,2.0,518.896,11.994,0.0,0.0,33933611.0
2021-01-03,Angola,17642.0,34.0,408.0,1.0,519.898,12.023,0.0,0.0,33933611.0
2021-01-04,Angola,17684.0,42.0,408.0,0.0,521.135,12.023,0.0,0.0,33933611.0
2021-01-05,Angola,17756.0,72.0,410.0,2.0,523.257,12.082,0.0,0.0,33933611.0
2021-01-06,Angola,17864.0,108.0,413.0,3.0,526.44,12.171,0.0,0.0,33933611.0
2021-01-07,Angola,17974.0,110.0,413.0,0.0,529.681,12.171,0.0,0.0,33933611.0
2021-01-08,Angola,18066.0,92.0,415.0,2.0,532.393,12.23,0.0,0.0,33933611.0
2021-01-09,Angola,18156.0,90.0,416.0,1.0,535.045,12.259,0.0,0.0,33933611.0
2021-01-10,Angola,18193.0,37.0,416.0,0.0,536.135,12.259,0.0,0.0,33933611.0
2021-01-11,Angola,18254.0,61.0,420.0,4.0,537.933,12.377,0.0,0.0,33933611.0
2021-01-12,Angola,18343.0,89.0,422.0,2.0,540.555,12.436,0.0,0.0,33933611.0
2021-01-13,Angola,18425.0,82.0,424.0,2.0,542.972,12.495,0.0,0.0,33933611.0
2021-01-14,Angola,18613.0,188.0,425.0,1.0,548.512,12.524,0.0,0.0,33933611.0
2021-01-15,Angola,18679.0,66.0,428.0,3.0,550.457,12.613,0.0,0.0,33933611.0
2021-01-16,Angola,18765.0,86.0,431.0,3.0,552.992,12.701,0.0,0.0,33933611.0
2021-01-17,Angola,18875.0,110.0,436.0,5.0,556.233,12.849,0.0,0.0,33933611.0
2021-01-18,Angola,18926.0,51.0,439.0,3.0,557.736,12.937,0.0,0.0,33933611.0
2021-01-19,Angola,19011.0,85.0,442.0,3.0,560.241,13.025,0.0,0.0,33933611.0
2021-01-20,Angola,19093.0,82.0,444.0,2.0,562.657,13.084,0.0,0.0,33933611.0
2021-01-21,Angola,19177.0,84.0,448.0,4.0,565.133,13.202,0.0,0.0,33933611.0
2021-01-22,Angola,19269.0,92.0,452.0,4.0,567.844,13.32,0.0,0.0,33933611.0
2021-01-23,Angola,19367.0,98.0,457.0,5.0,570.732,13.467,0.0,0.0,33933611.0
2021-01-24,Angola,19399.0,32.0,459.0,2.0,571.675,13.526,0.0,0.0,33933611.0
2021-01-25,Angola,19476.0,77.0,461.0,2.0,573.944,13.585,0.0,0.0,33933611.0
2021-01-26,Angola,19553.0,77.0,462.0,1.0,576.213,13.615,0.0,0.0,33933611.0
2021-01-27,Angola,19580.0,27.0,462.0,0.0,577.009,13.615,0.0,0.0,33933611.0
2021-01-28,Angola,19672.0,92.0,464.0,2.0,579.72,13.674,0.0,0.0,33933611.0
2021-01-29,Angola,19723.0,51.0,464.0,0.0,581.223,13.674,0.0,0.0,33933611.0
2021-01-30,Angola,19782.0,59.0,464.0,0.0,582.962,13.674,0.0,0.0,33933611.0
2021-01-31,Angola,19796.0,14.0,466.0,2.0,583.374,13.733,0.0,0.0,33933611.0
2021-02-01,Angola,19829.0,33.0,466.0,0.0,584.347,13.733,0.0,0.0,33933611.0
2021-02-02,Angola,19900.0,71.0,468.0,2.0,586.439,13.792,0.0,0.0,33933611.0
2021-02-03,Angola,19937.0,37.0,470.0,2.0,587.53,13.851,0.0,0.0,33933611.0
2021-02-04,Angola,19996.0,59.0,473.0,3.0,589.268,13.939,0.0,0.0,33933611.0
2021-02-05,Angola,20030.0,34.0,474.0,1.0,590.27,13.968,0.0,0.0,33933611.0
2021-02-06,Angola,20062.0,32.0,475.0,1.0,591.213,13.998,0.0,0.0,33933611.0
2021-02-07,Angola,20086.0,24.0,475.0,0.0,591.921,13.998,0.0,0.0,33933611.0
2021-02-08,Angola,20112.0,26.0,475.0,0.0,592.687,13.998,0.0,0.0,33933611.0
2021-02-09,Angola,20163.0,51.0,478.0,3.0,594.19,14.086,0.0,0.0,33933611.0
2021-02-10,Angola,20210.0,47.0,487.0,9.0,595.575,14.352,0.0,0.0,33933611.0
2021-02-11,Angola,20261.0,51.0,487.0,0.0,597.078,14.352,0.0,0.0,33933611.0
2021-02-12,Angola,20294.0,33.0,490.0,3.0,598.05,14.44,0.0,0.0,33933611.0
2021-02-13,Angola,20329.0,35.0,491.0,1.0,599.082,14.469,0.0,0.0,33933611.0
2021-02-14,Angola,20366.0,37.0,492.0,1.0,600.172,14.499,0.0,0.0,33933611.0
2021-02-15,Angola,20381.0,15.0,493.0,1.0,600.614,14.528,0.0,0.0,33933611.0
2021-02-16,Angola,20389.0,8.0,494.0,1.0,600.85,14.558,0.0,0.0,33933611.0
2021-02-17,Angola,20400.0,11.0,496.0,2.0,601.174,14.617,0.0,0.0,33933611.0
2021-02-18,Angola,20452.0,52.0,498.0,2.0,602.706,14.676,0.0,0.0,33933611.0
2021-02-19,Angola,20478.0,26.0,498.0,0.0,603.472,14.676,0.0,0.0,33933611.0
2021-02-20,Angola,20499.0,21.0,498.0,0.0,604.091,14.676,0.0,0.0,33933611.0
2021-02-21,Angola,20519.0,20.0,499.0,1.0,604.681,14.705,0.0,0.0,33933611.0
2021-02-22,Angola,20548.0,29.0,499.0,0.0,605.535,14.705,0.0,0.0,33933611.0
2021-02-23,Angola,20584.0,36.0,500.0,1.0,606.596,14.735,0.0,0.0,33933611.0
2021-02-24,Angola,20640.0,56.0,501.0,1.0,608.246,14.764,0.0,0.0,33933611.0
2021-02-25,Angola,20695.0,55.0,502.0,1.0,609.867,14.794,0.0,0.0,33933611.0
2021-02-26,Angola,20759.0,64.0,504.0,2.0,611.753,14.853,0.0,0.0,33933611.0
2021-02-27,Angola,20782.0,23.0,506.0,2.0,612.431,14.911,0.0,0.0,33933611.0
2021-02-28,Angola,20807.0,25.0,508.0,2.0,613.168,14.97,0.0,0.0,33933611.0
2021-03-01,Angola,20854.0,47.0,508.0,0.0,614.553,14.97,0.0,0.0,33933611.0
2021-03-02,Angola,20882.0,28.0,510.0,2.0,615.378,15.029,0.0,0.0,33933611.0
2021-03-03,Angola,20923.0,41.0,510.0,0.0,616.586,15.029,0.0,0.0,33933611.0
2021-03-04,Angola,20981.0,58.0,511.0,1.0,618.296,15.059,0.0,0.0,33933611.0
2021-03-05,Angola,21026.0,45.0,511.0,0.0,619.622,15.059,0.0,0.0,33933611.0
2021-03-06,Angola,21055.0,29.0,512.0,1.0,620.476,15.088,0.0,0.0,33933611.0
2021-03-07,Angola,21086.0,31.0,514.0,2.0,621.39,15.147,0.0,0.0,33933611.0
2021-03-08,Angola,21108.0,22.0,515.0,1.0,622.038,15.177,6169.0,0.0,33933611.0
2021-03-09,Angola,21114.0,6.0,516.0,1.0,622.215,15.206,0.0,0.0,33933611.0
2021-03-10,Angola,21161.0,47.0,516.0,0.0,623.6,15.206,0.0,0.0,33933611.0
2021-03-11,Angola,21205.0,44.0,517.0,1.0,624.897,15.236,0.0,0.0,33933611.0
2021-03-12,Angola,21265.0,60.0,519.0,2.0,626.665,15.295,0.0,0.0,33933611.0
2021-03-13,Angola,21323.0,58.0,520.0,1.0,628.374,15.324,0.0,0.0,33933611.0
2021-03-14,Angola,21380.0,57.0,521.0,1.0,630.054,15.354,0.0,0.0,33933611.0
2021-03-15,Angola,21407.0,27.0,521.0,0.0,630.849,15.354,0.0,0.0,33933611.0
2021-03-16,Angola,21446.0,39.0,522.0,1.0,631.999,15.383,0.0,0.0,33933611.0
2021-03-17,Angola,21489.0,43.0,522.0,0.0,633.266,15.383,0.0,0.0,33933611.0
2021-03-18,Angola,21558.0,69.0,522.0,0.0,635.299,15.383,49000.0,0.0,33933611.0
2021-03-19,Angola,21642.0,84.0,524.0,2.0,637.775,15.442,0.0,0.0,33933611.0
2021-03-20,Angola,21696.0,54.0,526.0,2.0,639.366,15.501,0.0,0.0,33933611.0
2021-03-21,Angola,21733.0,37.0,527.0,1.0,640.456,15.53,0.0,0.0,33933611.0
2021-03-22,Angola,21757.0,24.0,530.0,3.0,641.164,15.619,0.0,0.0,33933611.0
2021-03-23,Angola,21774.0,17.0,530.0,0.0,641.665,15.619,0.0,0.0,33933611.0
2021-03-24,Angola,21836.0,62.0,532.0,2.0,643.492,15.678,87022.0,0.0,33933611.0
2021-03-25,Angola,21914.0,78.0,532.0,0.0,645.79,15.678,0.0,0.0,33933611.0
2021-03-26,Angola,21961.0,47.0,532.0,0.0,647.175,15.678,0.0,0.0,33933611.0
2021-03-27,Angola,22031.0,70.0,533.0,1.0,649.238,15.707,0.0,0.0,33933611.0
2021-03-28,Angola,22063.0,32.0,533.0,0.0,650.181,15.707,0.0,0.0,33933611.0
2021-03-29,Angola,22132.0,69.0,534.0,1.0,652.215,15.737,130750.0,0.0,33933611.0
2021-03-30,Angola,22182.0,50.0,536.0,2.0,653.688,15.796,0.0,0.0,33933611.0
2021-03-31,Angola,22311.0,129.0,537.0,1.0,657.49,15.825,0.0,0.0,33933611.0
2021-04-01,Angola,22399.0,88.0,538.0,1.0,660.083,15.854,0.0,0.0,33933611.0
2021-04-02,Angola,22467.0,68.0,538.0,0.0,662.087,15.854,0.0,0.0,33933611.0
2021-04-03,Angola,22579.0,112.0,540.0,2.0,665.387,15.913,0.0,0.0,33933611.0
2021-04-04,Angola,22631.0,52.0,542.0,2.0,666.92,15.972,0.0,0.0,33933611.0
2021-04-05,Angola,22717.0,86.0,543.0,1.0,669.454,16.002,0.0,0.0,33933611.0
2021-04-06,Angola,22885.0,168.0,547.0,4.0,674.405,16.12,181578.0,0.0,33933611.0
2021-04-07,Angola,23010.0,125.0,547.0,0.0,678.089,16.12,0.0,0.0,33933611.0
2021-04-08,Angola,23108.0,98.0,549.0,2.0,680.977,16.179,0.0,0.0,33933611.0
2021-04-09,Angola,23242.0,134.0,549.0,0.0,684.926,16.179,0.0,0.0,33933611.0
2021-04-10,Angola,23331.0,89.0,550.0,1.0,687.548,16.208,0.0,0.0,33933611.0
2021-04-11,Angola,23457.0,126.0,553.0,3.0,691.262,16.297,245442.0,0.0,33933611.0
2021-04-12,Angola,23549.0,92.0,554.0,1.0,693.973,16.326,0.0,0.0,33933611.0
2021-04-13,Angola,23697.0,148.0,554.0,0.0,698.334,16.326,0.0,0.0,33933611.0
2021-04-14,Angola,23841.0,144.0,557.0,3.0,702.578,16.414,0.0,0.0,33933611.0
2021-04-15,Angola,23951.0,110.0,557.0,0.0,705.819,16.414,0.0,0.0,33933611.0
2021-04-16,Angola,24122.0,171.0,560.0,3.0,710.859,16.503,0.0,0.0,33933611.0
2021-04-17,Angola,24300.0,178.0,561.0,1.0,716.104,16.532,0.0,0.0,33933611.0
2021-04-18,Angola,24389.0,89.0,561.0,0.0,718.727,16.532,0.0,0.0,33933611.0
2021-04-19,Angola,24518.0,129.0,563.0,2.0,722.528,16.591,395447.0,0.0,33933611.0
2021-04-20,Angola,24661.0,143.0,565.0,2.0,726.743,16.65,0.0,0.0,33933611.0
2021-04-21,Angola,24883.0,222.0,570.0,5.0,733.285,16.798,0.0,0.0,33933611.0
2021-04-22,Angola,25051.0,168.0,572.0,2.0,738.236,16.856,0.0,0.0,33933611.0
2021-04-23,Angola,25279.0,228.0,574.0,2.0,744.955,16.915,456349.0,0.0,33933611.0
2021-04-24,Angola,25492.0,213.0,577.0,3.0,751.232,17.004,0.0,0.0,33933611.0
2021-04-25,Angola,25609.0,117.0,579.0,2.0,754.679,17.063,0.0,0.0,33933611.0
2021-04-26,Angola,25710.0,101.0,583.0,4.0,757.656,17.181,0.0,0.0,33933611.0
2021-04-27,Angola,25942.0,232.0,587.0,4.0,764.493,17.298,0.0,0.0,33933611.0
2021-04-28,Angola,26168.0,226.0,591.0,4.0,771.153,17.416,0.0,0.0,33933611.0
2021-04-29,Angola,26431.0,263.0,594.0,3.0,778.903,17.505,0.0,0.0,33933611.0
2021-04-30,Angola,26652.0,221.0,596.0,2.0,785.416,17.564,0.0,0.0,33933611.0
2021-05-01,Angola,26815.0,163.0,600.0,4.0,790.219,17.682,0.0,0.0,33933611.0
2021-05-02,Angola,26993.0,178.0,602.0,2.0,795.465,17.741,0.0,0.0,33933611.0
2021-05-03,Angola,27133.0,140.0,603.0,1.0,799.591,17.77,0.0,0.0,33933611.0
2021-05-04,Angola,27284.0,151.0,609.0,6.0,804.041,17.947,0.0,0.0,33933611.0
2021-05-05,Angola,27529.0,245.0,618.0,9.0,811.261,18.212,0.0,0.0,33933611.0
2021-05-06,Angola,27921.0,392.0,622.0,4.0,822.813,18.33,0.0,0.0,33933611.0
2021-05-07,Angola,28201.0,280.0,628.0,6.0,831.064,18.507,0.0,0.0,33933611.0
2021-05-08,Angola,28477.0,276.0,630.0,2.0,839.197,18.566,0.0,0.0,33933611.0
2021-05-09,Angola,28740.0,263.0,633.0,3.0,846.948,18.654,0.0,0.0,33933611.0
2021-05-10,Angola,28875.0,135.0,636.0,3.0,850.926,18.742,0.0,0.0,33933611.0
2021-05-11,Angola,29146.0,271.0,639.0,3.0,858.912,18.831,0.0,0.0,33933611.0
2021-05-12,Angola,29405.0,259.0,645.0,6.0,866.545,19.008,586377.0,40195.0,33933611.0
2021-05-13,Angola,29695.0,290.0,649.0,4.0,875.091,19.126,0.0,0.0,33933611.0
2021-05-14,Angola,30030.0,335.0,651.0,2.0,884.963,19.185,0.0,0.0,33933611.0
2021-05-15,Angola,30354.0,324.0,655.0,4.0,894.511,19.302,0.0,0.0,33933611.0
2021-05-16,Angola,30637.0,283.0,659.0,4.0,902.851,19.42,0.0,0.0,33933611.0
2021-05-17,Angola,30787.0,150.0,677.0,18.0,907.272,19.951,0.0,0.0,33933611.0
2021-05-18,Angola,31045.0,258.0,685.0,8.0,914.875,20.186,606287.0,75215.0,33933611.0
2021-05-19,Angola,31438.0,393.0,696.0,11.0,926.456,20.511,0.0,0.0,33933611.0
2021-05-20,Angola,31661.0,223.0,704.0,8.0,933.028,20.746,0.0,0.0,33933611.0
2021-05-21,Angola,31909.0,248.0,709.0,5.0,940.336,20.894,630984.0,126551.0,33933611.0
2021-05-22,Angola,32149.0,240.0,715.0,6.0,947.409,21.071,0.0,0.0,33933611.0
2021-05-23,Angola,32441.0,292.0,725.0,10.0,956.014,21.365,0.0,0.0,33933611.0
2021-05-24,Angola,32623.0,182.0,731.0,6.0,961.377,21.542,0.0,0.0,33933611.0
2021-05-25,Angola,32933.0,310.0,735.0,4.0,970.513,21.66,0.0,0.0,33933611.0
2021-05-26,Angola,33338.0,405.0,742.0,7.0,982.448,21.866,663049.0,196930.0,33933611.0
2021-05-27,Angola,33607.0,269.0,745.0,3.0,990.375,21.955,0.0,0.0,33933611.0
2021-05-28,Angola,33944.0,337.0,749.0,4.0,1000.306,22.073,0.0,0.0,33933611.0
2021-05-29,Angola,34180.0,236.0,757.0,8.0,1007.261,22.308,0.0,0.0,33933611.0
2021-05-30,Angola,34366.0,186.0,764.0,7.0,1012.742,22.515,0.0,0.0,33933611.0
2021-05-31,Angola,34551.0,185.0,766.0,2.0,1018.194,22.573,679034.0,230181.0,33933611.0
2021-06-01,Angola,34752.0,201.0,772.0,6.0,1024.117,22.75,0.0,0.0,33933611.0
2021-06-02,Angola,34960.0,208.0,780.0,8.0,1030.247,22.986,0.0,0.0,33933611.0
2021-06-03,Angola,35140.0,180.0,784.0,4.0,1035.551,23.104,0.0,0.0,33933611.0
2021-06-04,Angola,35307.0,167.0,788.0,4.0,1040.473,23.222,0.0,0.0,33933611.0
2021-06-05,Angola,35594.0,287.0,794.0,6.0,1048.931,23.399,0.0,0.0,33933611.0
2021-06-06,Angola,35772.0,178.0,797.0,3.0,1054.176,23.487,0.0,0.0,33933611.0
2021-06-07,Angola,35854.0,82.0,800.0,3.0,1056.593,23.575,0.0,0.0,33933611.0
2021-06-08,Angola,36004.0,150.0,803.0,3.0,1061.013,23.664,740289.0,375630.0,33933611.0
2021-06-09,Angola,36115.0,111.0,811.0,8.0,1064.284,23.9,0.0,0.0,33933611.0
2021-06-10,Angola,36325.0,210.0,815.0,4.0,1070.473,24.017,774926.0,447704.0,33933611.0
2021-06-11,Angola,36455.0,130.0,819.0,4.0,1074.304,24.135,0.0,0.0,33933611.0
2021-06-12,Angola,36600.0,145.0,825.0,6.0,1078.577,24.312,0.0,0.0,33933611.0
2021-06-13,Angola,36705.0,105.0,831.0,6.0,1081.671,24.489,0.0,0.0,33933611.0
2021-06-14,Angola,36790.0,85.0,836.0,5.0,1084.176,24.636,0.0,0.0,33933611.0
2021-06-15,Angola,36921.0,131.0,842.0,6.0,1088.036,24.813,822109.0,492266.0,33933611.0
2021-06-16,Angola,37094.0,173.0,847.0,5.0,1093.134,24.961,0.0,0.0,33933611.0
2021-06-17,Angola,37289.0,195.0,851.0,4.0,1098.881,25.078,0.0,0.0,33933611.0
2021-06-18,Angola,37467.0,178.0,853.0,2.0,1104.127,25.137,0.0,0.0,33933611.0
2021-06-19,Angola,37604.0,137.0,856.0,3.0,1108.164,25.226,0.0,0.0,33933611.0
2021-06-20,Angola,37678.0,74.0,859.0,3.0,1110.345,25.314,866381.0,513793.0,33933611.0
2021-06-21,Angola,37748.0,70.0,868.0,9.0,1112.407,25.579,0.0,0.0,33933611.0
2021-06-22,Angola,37874.0,126.0,875.0,7.0,1116.121,25.786,0.0,0.0,33933611.0
2021-06-23,Angola,38002.0,128.0,878.0,3.0,1119.893,25.874,0.0,0.0,33933611.0
2021-06-24,Angola,38091.0,89.0,881.0,3.0,1122.515,25.962,909119.0,523580.0,33933611.0
2021-06-25,Angola,38371.0,280.0,883.0,2.0,1130.767,26.021,0.0,0.0,33933611.0
2021-06-26,Angola,38528.0,157.0,887.0,4.0,1135.393,26.139,0.0,0.0,33933611.0
2021-06-27,Angola,38556.0,28.0,889.0,2.0,1136.219,26.198,0.0,0.0,33933611.0
2021-06-28,Angola,38613.0,57.0,891.0,2.0,1137.898,26.257,943301.0,544991.0,33933611.0
2021-06-29,Angola,38682.0,69.0,894.0,3.0,1139.932,26.346,0.0,0.0,33933611.0
2021-06-30,Angola,38849.0,167.0,900.0,6.0,1144.853,26.522,0.0,0.0,33933611.0
2021-07-01,Angola,38965.0,116.0,903.0,3.0,1148.272,26.611,0.0,0.0,33933611.0
2021-07-02,Angola,39089.0,124.0,906.0,3.0,1151.926,26.699,0.0,0.0,33933611.0
2021-07-03,Angola,39172.0,83.0,910.0,4.0,1154.372,26.817,0.0,0.0,33933611.0
2021-07-04,Angola,39230.0,58.0,913.0,3.0,1156.081,26.905,0.0,0.0,33933611.0
2021-07-05,Angola,39300.0,70.0,915.0,2.0,1158.144,26.964,951772.0,561688.0,33933611.0
2021-07-06,Angola,39375.0,75.0,920.0,5.0,1160.354,27.112,0.0,0.0,33933611.0
2021-07-07,Angola,39491.0,116.0,925.0,5.0,1163.772,27.259,0.0,0.0,33933611.0
2021-07-08,Angola,39593.0,102.0,925.0,0.0,1166.778,27.259,0.0,0.0,33933611.0
2021-07-09,Angola,39791.0,198.0,928.0,3.0,1172.613,27.348,0.0,0.0,33933611.0
2021-07-10,Angola,39881.0,90.0,929.0,1.0,1175.265,27.377,0.0,0.0,33933611.0
2021-07-11,Angola,39958.0,77.0,935.0,6.0,1177.535,27.554,0.0,0.0,33933611.0
2021-07-12,Angola,40055.0,97.0,939.0,4.0,1180.393,27.672,958373.0,599828.0,33933611.0
2021-07-13,Angola,40138.0,83.0,941.0,2.0,1182.839,27.731,0.0,0.0,33933611.0
2021-07-14,Angola,40327.0,189.0,946.0,5.0,1188.409,27.878,0.0,0.0,33933611.0
2021-07-15,Angola,40530.0,203.0,951.0,5.0,1194.391,28.025,0.0,0.0,33933611.0
2021-07-16,Angola,40631.0,101.0,952.0,1.0,1197.367,28.055,0.0,0.0,33933611.0
2021-07-17,Angola,40707.0,76.0,954.0,2.0,1199.607,28.114,0.0,0.0,33933611.0
2021-07-18,Angola,40805.0,98.0,957.0,3.0,1202.495,28.202,0.0,0.0,33933611.0
2021-07-19,Angola,40906.0,101.0,969.0,12.0,1205.471,28.556,958373.0,634164.0,33933611.0
2021-07-20,Angola,41061.0,155.0,970.0,1.0,1210.039,28.585,0.0,0.0,33933611.0
2021-07-21,Angola,41227.0,166.0,973.0,3.0,1214.931,28.674,0.0,0.0,33933611.0
2021-07-22,Angola,41405.0,178.0,977.0,4.0,1220.177,28.792,0.0,0.0,33933611.0
2021-07-23,Angola,41629.0,224.0,981.0,4.0,1226.778,28.909,0.0,0.0,33933611.0
2021-07-24,Angola,41736.0,107.0,982.0,1.0,1229.931,28.939,0.0,0.0,33933611.0
2021-07-25,Angola,41780.0,44.0,984.0,2.0,1231.228,28.998,0.0,0.0,33933611.0
2021-07-26,Angola,41879.0,99.0,991.0,7.0,1234.145,29.204,0.0,0.0,33933611.0
2021-07-27,Angola,42110.0,231.0,994.0,3.0,1240.953,29.292,0.0,0.0,33933611.0
2021-07-28,Angola,42288.0,178.0,1000.0,6.0,1246.198,29.469,0.0,0.0,33933611.0
2021-07-29,Angola,42486.0,198.0,1003.0,3.0,1252.033,29.558,0.0,0.0,33933611.0
2021-07-30,Angola,42646.0,160.0,1008.0,5.0,1256.748,29.705,0.0,0.0,33933611.0
2021-07-31,Angola,42777.0,131.0,1011.0,3.0,1260.609,29.793,0.0,0.0,33933611.0
2021-08-01,Angola,42815.0,38.0,1016.0,5.0,1261.728,29.941,0.0,0.0,33933611.0
2021-08-02,Angola,42970.0,155.0,1018.0,2.0,1266.296,30.0,0.0,0.0,33933611.0
2021-08-03,Angola,43070.0,100.0,1022.0,4.0,1269.243,30.118,969946.0,710113.0,33933611.0
2021-08-04,Angola,43158.0,88.0,1026.0,4.0,1271.836,30.236,0.0,0.0,33933611.0
2021-08-05,Angola,43269.0,111.0,1032.0,6.0,1275.107,30.412,0.0,0.0,33933611.0
2021-08-06,Angola,43487.0,218.0,1042.0,10.0,1281.532,30.707,0.0,0.0,33933611.0
2021-08-07,Angola,43592.0,105.0,1044.0,2.0,1284.626,30.766,0.0,0.0,33933611.0
2021-08-08,Angola,43662.0,70.0,1049.0,5.0,1286.689,30.913,0.0,0.0,33933611.0
2021-08-09,Angola,43747.0,85.0,1053.0,4.0,1289.194,31.031,972978.0,722610.0,33933611.0
2021-08-10,Angola,43890.0,143.0,1057.0,4.0,1293.408,31.149,0.0,0.0,33933611.0
2021-08-11,Angola,43998.0,108.0,1063.0,6.0,1296.591,31.326,0.0,0.0,33933611.0
2021-08-12,Angola,44174.0,176.0,1070.0,7.0,1301.777,31.532,0.0,0.0,33933611.0
2021-08-13,Angola,44328.0,154.0,1082.0,12.0,1306.315,31.886,0.0,0.0,33933611.0
2021-08-14,Angola,44534.0,206.0,1086.0,4.0,1312.386,32.004,0.0,0.0,33933611.0
2021-08-15,Angola,44617.0,83.0,1100.0,14.0,1314.832,32.416,0.0,0.0,33933611.0
2021-08-16,Angola,44739.0,122.0,1103.0,3.0,1318.427,32.505,1000191.0,727297.0,33933611.0
2021-08-17,Angola,44972.0,233.0,1118.0,15.0,1325.294,32.947,0.0,0.0,33933611.0
2021-08-18,Angola,45175.0,203.0,1125.0,7.0,1331.276,33.153,0.0,0.0,33933611.0
2021-08-19,Angola,45325.0,150.0,1133.0,8.0,1335.696,33.389,0.0,0.0,33933611.0
2021-08-20,Angola,45583.0,258.0,1138.0,5.0,1343.299,33.536,1025762.0,728311.0,33933611.0
2021-08-21,Angola,45817.0,234.0,1140.0,2.0,1350.195,33.595,0.0,0.0,33933611.0
2021-08-22,Angola,45945.0,128.0,1153.0,13.0,1353.967,33.978,0.0,0.0,33933611.0
2021-08-23,Angola,46076.0,131.0,1163.0,10.0,1357.828,34.273,0.0,0.0,33933611.0
2021-08-24,Angola,46340.0,264.0,1166.0,3.0,1365.608,34.361,0.0,0.0,33933611.0
2021-08-25,Angola,46539.0,199.0,1176.0,10.0,1371.472,34.656,1110558.0,731010.0,33933611.0
2021-08-26,Angola,46726.0,187.0,1182.0,6.0,1376.983,34.833,0.0,0.0,33933611.0
2021-08-27,Angola,46929.0,203.0,1186.0,4.0,1382.965,34.951,0.0,0.0,33933611.0
2021-08-28,Angola,47079.0,150.0,1192.0,6.0,1387.386,35.127,0.0,0.0,33933611.0
2021-08-29,Angola,47168.0,89.0,1201.0,9.0,1390.008,35.393,0.0,0.0,33933611.0
2021-08-30,Angola,47331.0,163.0,1210.0,9.0,1394.812,35.658,0.0,0.0,33933611.0
2021-08-31,Angola,47544.0,213.0,1217.0,7.0,1401.089,35.864,0.0,0.0,33933611.0
2021-09-01,Angola,47781.0,237.0,1227.0,10.0,1408.073,36.159,1165755.0,920570.0,33933611.0
2021-09-02,Angola,48004.0,223.0,1235.0,8.0,1414.645,36.395,0.0,0.0,33933611.0
2021-09-03,Angola,48261.0,257.0,1248.0,13.0,1422.218,36.778,0.0,0.0,33933611.0
2021-09-04,Angola,48475.0,214.0,1258.0,10.0,1428.525,37.072,0.0,0.0,33933611.0
2021-09-05,Angola,48656.0,181.0,1270.0,12.0,1433.859,37.426,0.0,0.0,33933611.0
2021-09-06,Angola,48790.0,134.0,1282.0,12.0,1437.807,37.78,0.0,0.0,33933611.0
2021-09-07,Angola,49114.0,324.0,1299.0,17.0,1447.356,38.281,0.0,0.0,33933611.0
2021-09-08,Angola,49349.0,235.0,1309.0,10.0,1454.281,38.575,0.0,0.0,33933611.0
2021-09-09,Angola,49628.0,279.0,1313.0,4.0,1462.503,38.693,0.0,0.0,33933611.0
2021-09-10,Angola,49943.0,315.0,1322.0,9.0,1471.786,38.958,0.0,0.0,33933611.0
2021-09-11,Angola,50348.0,405.0,1327.0,5.0,1483.721,39.106,1510880.0,958453.0,33933611.0
2021-09-12,Angola,50446.0,98.0,1339.0,12.0,1486.609,39.459,0.0,0.0,33933611.0
2021-09-13,Angola,50738.0,292.0,1345.0,6.0,1495.214,39.636,0.0,0.0,33933611.0
2021-09-14,Angola,51047.0,309.0,1358.0,13.0,1504.32,40.019,0.0,0.0,33933611.0
2021-09-15,Angola,51407.0,360.0,1360.0,2.0,1514.929,40.078,0.0,0.0,33933611.0
2021-09-16,Angola,51827.0,420.0,1371.0,11.0,1527.306,40.402,0.0,0.0,33933611.0
2021-09-17,Angola,52208.0,381.0,1378.0,7.0,1538.534,40.609,0.0,0.0,33933611.0
2021-09-18,Angola,52307.0,99.0,1388.0,10.0,1541.451,40.903,0.0,0.0,33933611.0
2021-09-19,Angola,52307.0,0.0,1388.0,0.0,1541.451,40.903,1836547.0,983587.0,33933611.0
2021-09-20,Angola,52644.0,337.0,1409.0,21.0,1551.382,41.522,0.0,0.0,33933611.0
2021-09-21,Angola,52968.0,324.0,1414.0,5.0,1560.93,41.67,0.0,0.0,33933611.0
2021-09-22,Angola,53387.0,419.0,1434.0,20.0,1573.278,42.259,0.0,0.0,33933611.0
2021-09-23,Angola,53840.0,453.0,1460.0,26.0,1586.627,43.025,0.0,0.0,33933611.0
2021-09-24,Angola,54280.0,440.0,1471.0,11.0,1599.594,43.349,0.0,0.0,33933611.0
2021-09-25,Angola,54795.0,515.0,1487.0,16.0,1614.771,43.821,0.0,0.0,33933611.0
2021-09-26,Angola,55121.0,326.0,1501.0,14.0,1624.378,44.233,2127405.0,1006732.0,33933611.0
2021-09-27,Angola,55583.0,462.0,1513.0,12.0,1637.992,44.587,0.0,0.0,33933611.0
2021-09-28,Angola,56040.0,457.0,1526.0,13.0,1651.46,44.97,0.0,0.0,33933611.0
2021-09-29,Angola,56583.0,543.0,1537.0,11.0,1667.462,45.294,0.0,0.0,33933611.0
2021-09-30,Angola,56583.0,0.0,1537.0,0.0,1667.462,45.294,0.0,0.0,33933611.0
2021-10-01,Angola,58076.0,1493.0,1567.0,30.0,1711.459,46.178,0.0,0.0,33933611.0
2021-10-02,Angola,58603.0,527.0,1574.0,7.0,1726.99,46.385,0.0,0.0,33933611.0
2021-10-03,Angola,58943.0,340.0,1577.0,3.0,1737.009,46.473,0.0,0.0,33933611.0
2021-10-04,Angola,58943.0,0.0,1577.0,0.0,1737.009,46.473,0.0,0.0,33933611.0
2021-10-05,Angola,59895.0,952.0,1587.0,10.0,1765.064,46.768,0.0,0.0,33933611.0
2021-10-06,Angola,60448.0,553.0,1598.0,11.0,1781.361,47.092,0.0,0.0,33933611.0
2021-10-07,Angola,60803.0,355.0,1603.0,5.0,1791.822,47.239,0.0,0.0,33933611.0
2021-10-08,Angola,61023.0,220.0,1613.0,10.0,1798.306,47.534,2863708.0,1210969.0,33933611.0
2021-10-09,Angola,61245.0,222.0,1618.0,5.0,1804.848,47.681,0.0,0.0,33933611.0
2021-10-10,Angola,61378.0,133.0,1622.0,4.0,1808.767,47.799,0.0,0.0,33933611.0
2021-10-11,Angola,61580.0,202.0,1629.0,7.0,1814.72,48.006,0.0,0.0,33933611.0
2021-10-12,Angola,61794.0,214.0,1642.0,13.0,1821.026,48.389,0.0,0.0,33933611.0
2021-10-13,Angola,62143.0,349.0,1650.0,8.0,1831.311,48.624,0.0,0.0,33933611.0
2021-10-14,Angola,62385.0,242.0,1653.0,3.0,1838.443,48.713,3158501.0,1290152.0,33933611.0
2021-10-15,Angola,62606.0,221.0,1660.0,7.0,1844.955,48.919,0.0,0.0,33933611.0
2021-10-16,Angola,62789.0,183.0,1662.0,2.0,1850.348,48.978,0.0,0.0,33933611.0
2021-10-17,Angola,62842.0,53.0,1664.0,2.0,1851.91,49.037,0.0,0.0,33933611.0
2021-10-18,Angola,63012.0,170.0,1670.0,6.0,1856.92,49.214,3787300.0,1437397.0,33933611.0
2021-10-19,Angola,63197.0,185.0,1678.0,8.0,1862.372,49.449,0.0,0.0,33933611.0
2021-10-20,Angola,63340.0,143.0,1682.0,4.0,1866.586,49.567,4126328.0,1534757.0,33933611.0
2021-10-21,Angola,63567.0,227.0,1685.0,3.0,1873.275,49.656,0.0,0.0,33933611.0
2021-10-22,Angola,63691.0,124.0,1693.0,8.0,1876.93,49.892,0.0,0.0,33933611.0
2021-10-23,Angola,63775.0,84.0,1695.0,2.0,1879.405,49.95,0.0,0.0,33933611.0
2021-10-24,Angola,63861.0,86.0,1697.0,2.0,1881.939,50.009,0.0,0.0,33933611.0
2021-10-25,Angola,63930.0,69.0,1701.0,4.0,1883.973,50.127,0.0,0.0,33933611.0
2021-10-26,Angola,64033.0,103.0,1702.0,1.0,1887.008,50.157,4498272.0,1665947.0,33933611.0
2021-10-27,Angola,64126.0,93.0,1703.0,1.0,1889.749,50.186,0.0,0.0,33933611.0
2021-10-28,Angola,64226.0,100.0,1705.0,2.0,1892.696,50.245,0.0,0.0,33933611.0
2021-10-29,Angola,64301.0,75.0,1707.0,2.0,1894.906,50.304,0.0,0.0,33933611.0
2021-10-30,Angola,64374.0,73.0,1708.0,1.0,1897.057,50.334,0.0,0.0,33933611.0
2021-10-31,Angola,64433.0,59.0,1710.0,2.0,1898.796,50.393,0.0,0.0,33933611.0
2021-11-01,Angola,64458.0,25.0,1713.0,3.0,1899.533,50.481,0.0,0.0,33933611.0
2021-11-02,Angola,64487.0,29.0,1713.0,0.0,1900.387,50.481,4846094.0,1801831.0,33933611.0
2021-11-03,Angola,64533.0,46.0,1716.0,3.0,1901.743,50.569,0.0,0.0,33933611.0
2021-11-04,Angola,64583.0,50.0,1718.0,2.0,1903.216,50.628,0.0,0.0,33933611.0
2021-11-05,Angola,64612.0,29.0,1719.0,1.0,1904.071,50.658,0.0,0.0,33933611.0
2021-11-06,Angola,64654.0,42.0,1719.0,0.0,1905.309,50.658,0.0,0.0,33933611.0
2021-11-07,Angola,64674.0,20.0,1720.0,1.0,1905.898,50.687,5269623.0,1977343.0,33933611.0
2021-11-08,Angola,64724.0,50.0,1721.0,1.0,1907.371,50.717,0.0,0.0,33933611.0
2021-11-09,Angola,64762.0,38.0,1723.0,2.0,1908.491,50.776,0.0,0.0,33933611.0
2021-11-10,Angola,64815.0,53.0,1723.0,0.0,1910.053,50.776,0.0,0.0,33933611.0
2021-11-11,Angola,64857.0,42.0,1725.0,2.0,1911.291,50.835,5802574.0,2003907.0,33933611.0
2021-11-12,Angola,64875.0,18.0,1726.0,1.0,1911.821,50.864,0.0,0.0,33933611.0
2021-11-13,Angola,64899.0,24.0,1727.0,1.0,1912.529,50.893,0.0,0.0,33933611.0
2021-11-14,Angola,64913.0,14.0,1727.0,0.0,1912.941,50.893,0.0,0.0,33933611.0
2021-11-15,Angola,64913.0,0.0,1727.0,0.0,1912.941,50.893,0.0,0.0,33933611.0
2021-11-16,Angola,64940.0,27.0,1729.0,2.0,1913.737,50.952,0.0,0.0,33933611.0
2021-11-17,Angola,64968.0,28.0,1729.0,0.0,1914.562,50.952,0.0,0.0,33933611.0
2021-11-18,Angola,64985.0,17.0,1729.0,0.0,1915.063,50.952,5950213.0,2281768.0,33933611.0
2021-11-19,Angola,64997.0,12.0,1729.0,0.0,1915.417,50.952,0.0,0.0,33933611.0
2021-11-20,Angola,65011.0,14.0,1730.0,1.0,1915.829,50.982,0.0,0.0,33933611.0
2021-11-21,Angola,65024.0,13.0,1730.0,0.0,1916.212,50.982,6145451.0,2652808.0,33933611.0
2021-11-22,Angola,65033.0,9.0,1730.0,0.0,1916.477,50.982,0.0,0.0,33933611.0
2021-11-23,Angola,65061.0,28.0,1730.0,0.0,1917.303,50.982,0.0,0.0,33933611.0
2021-11-24,Angola,65080.0,19.0,1731.0,1.0,1917.862,51.011,6266044.0,2760266.0,33933611.0
2021-11-25,Angola,65105.0,25.0,1732.0,1.0,1918.599,51.041,0.0,0.0,33933611.0
2021-11-26,Angola,65130.0,25.0,1733.0,1.0,1919.336,51.07,0.0,0.0,33933611.0
2021-11-27,Angola,65139.0,9.0,1733.0,0.0,1919.601,51.07,0.0,0.0,33933611.0
2021-11-28,Angola,65144.0,5.0,1733.0,0.0,1919.749,51.07,0.0,0.0,33933611.0
2021-11-29,Angola,65155.0,11.0,1733.0,0.0,1920.073,51.07,0.0,0.0,33933611.0
2021-11-30,Angola,65168.0,13.0,1733.0,0.0,1920.456,51.07,0.0,0.0,33933611.0
2021-12-01,Angola,65183.0,15.0,1735.0,2.0,1920.898,51.129,0.0,0.0,33933611.0
2021-12-02,Angola,65208.0,25.0,1735.0,0.0,1921.635,51.129,0.0,3072475.0,33933611.0
2021-12-03,Angola,65223.0,15.0,1735.0,0.0,1922.077,51.129,0.0,0.0,33933611.0
2021-12-04,Angola,65244.0,21.0,1735.0,0.0,1922.695,51.129,0.0,0.0,33933611.0
2021-12-05,Angola,65259.0,15.0,1735.0,0.0,1923.138,51.129,0.0,0.0,33933611.0
2021-12-06,Angola,65259.0,0.0,1735.0,0.0,1923.138,51.129,6737721.0,3280340.0,33933611.0
2021-12-07,Angola,65301.0,42.0,1735.0,0.0,1924.375,51.129,0.0,0.0,33933611.0
2021-12-08,Angola,65332.0,31.0,1735.0,0.0,1925.289,51.129,0.0,0.0,33933611.0
2021-12-09,Angola,65346.0,14.0,1736.0,1.0,1925.701,51.159,7003795.0,3315757.0,33933611.0
2021-12-10,Angola,65371.0,25.0,1737.0,1.0,1926.438,51.188,0.0,0.0,33933611.0
2021-12-11,Angola,65397.0,26.0,1737.0,0.0,1927.204,51.188,0.0,0.0,33933611.0
2021-12-12,Angola,65404.0,7.0,1737.0,0.0,1927.411,51.188,0.0,0.0,33933611.0
2021-12-13,Angola,65404.0,0.0,1737.0,0.0,1927.411,51.188,0.0,0.0,33933611.0
2021-12-14,Angola,65431.0,27.0,1737.0,0.0,1928.206,51.188,0.0,0.0,33933611.0
2021-12-15,Angola,65565.0,134.0,1737.0,0.0,1932.155,51.188,7246240.0,3559041.0,33933611.0
2021-12-16,Angola,65648.0,83.0,1737.0,0.0,1934.601,51.188,0.0,0.0,33933611.0
2021-12-17,Angola,65760.0,112.0,1738.0,1.0,1937.902,51.218,0.0,0.0,33933611.0
2021-12-18,Angola,65868.0,108.0,1738.0,0.0,1941.084,51.218,0.0,0.0,33933611.0
2021-12-19,Angola,65938.0,70.0,1738.0,0.0,1943.147,51.218,0.0,0.0,33933611.0
2021-12-20,Angola,66086.0,148.0,1738.0,0.0,1947.509,51.218,0.0,0.0,33933611.0
2021-12-21,Angola,66566.0,480.0,1738.0,0.0,1961.654,51.218,0.0,0.0,33933611.0
2021-12-22,Angola,67199.0,633.0,1741.0,3.0,1980.308,51.306,0.0,0.0,33933611.0
2021-12-23,Angola,68362.0,1163.0,1743.0,2.0,2014.581,51.365,7423668.0,3741250.0,33933611.0
2021-12-24,Angola,70221.0,1859.0,1746.0,3.0,2069.364,51.453,0.0,0.0,33933611.0
2021-12-25,Angola,71142.0,921.0,1746.0,0.0,2096.505,51.453,0.0,0.0,33933611.0
2021-12-26,Angola,71752.0,610.0,1749.0,3.0,2114.482,51.542,0.0,0.0,33933611.0
2021-12-27,Angola,71752.0,0.0,1749.0,0.0,2114.482,51.542,0.0,0.0,33933611.0
2021-12-28,Angola,76787.0,5035.0,1756.0,7.0,2262.86,51.748,0.0,0.0,33933611.0
2021-12-29,Angola,78475.0,1688.0,1760.0,4.0,2312.604,51.866,0.0,0.0,33933611.0
2021-12-30,Angola,79871.0,1396.0,1764.0,4.0,2353.743,51.984,7685417.0,3929727.0,33933611.0
2021-12-31,Angola,81593.0,1722.0,1770.0,6.0,2404.489,52.161,0.0,0.0,33933611.0
2022-01-01,Angola,82398.0,805.0,1772.0,2.0,2428.212,52.22,0.0,0.0,33933611.0
2022-01-02,Angola,82920.0,522.0,1772.0,0.0,2443.595,52.22,0.0,0.0,33933611.0
2022-01-03,Angola,83764.0,844.0,1775.0,3.0,2468.467,52.308,0.0,0.0,33933611.0
2022-01-04,Angola,84666.0,902.0,1778.0,3.0,2495.048,52.396,0.0,0.0,33933611.0
2022-01-05,Angola,86636.0,1970.0,1789.0,11.0,2553.103,52.721,0.0,0.0,33933611.0
2022-01-06,Angola,87625.0,989.0,1799.0,10.0,2582.248,53.015,7803739.0,3993302.0,33933611.0
2022-01-07,Angola,88775.0,1150.0,1809.0,10.0,2616.138,53.31,0.0,0.0,33933611.0
2022-01-08,Angola,89251.0,476.0,1819.0,10.0,2630.165,53.605,8176125.0,4174988.0,33933611.0
2022-01-09,Angola,89718.0,467.0,1826.0,7.0,2643.927,53.811,0.0,0.0,33933611.0
2022-01-10,Angola,90316.0,598.0,1832.0,6.0,2661.55,53.988,0.0,0.0,33933611.0
2022-01-11,Angola,91148.0,832.0,1840.0,8.0,2686.068,54.224,0.0,0.0,33933611.0
2022-01-12,Angola,91907.0,759.0,1842.0,2.0,2708.436,54.282,8178286.0,4198940.0,33933611.0
2022-01-13,Angola,92581.0,674.0,1847.0,5.0,2728.298,54.43,0.0,0.0,33933611.0
2022-01-14,Angola,93302.0,721.0,1852.0,5.0,2749.545,54.577,8298224.0,4308880.0,33933611.0
2022-01-15,Angola,93524.0,222.0,1857.0,5.0,2756.087,54.725,0.0,0.0,33933611.0
2022-01-16,Angola,93694.0,170.0,1863.0,6.0,2761.097,54.901,0.0,0.0,33933611.0
2022-01-17,Angola,93974.0,280.0,1866.0,3.0,2769.349,54.99,0.0,0.0,33933611.0
2022-01-18,Angola,94275.0,301.0,1870.0,4.0,2778.219,55.108,0.0,0.0,33933611.0
2022-01-19,Angola,94779.0,504.0,1877.0,7.0,2793.071,55.314,0.0,0.0,33933611.0
2022-01-20,Angola,95220.0,441.0,1881.0,4.0,2806.067,55.432,0.0,0.0,33933611.0
2022-01-21,Angola,95676.0,456.0,1884.0,3.0,2819.505,55.52,0.0,0.0,33933611.0
2022-01-22,Angola,95902.0,226.0,1886.0,2.0,2826.165,55.579,0.0,0.0,33933611.0
2022-01-23,Angola,96582.0,680.0,1888.0,2.0,2846.205,55.638,9287396.0,4540048.0,33933611.0
2022-01-24,Angola,97263.0,681.0,1888.0,0.0,2866.273,55.638,0.0,0.0,33933611.0
2022-01-25,Angola,97594.0,331.0,1891.0,3.0,2876.028,55.726,0.0,0.0,33933611.0
2022-01-26,Angola,97812.0,218.0,1892.0,1.0,2882.452,55.756,0.0,0.0,33933611.0
2022-01-27,Angola,97901.0,89.0,1893.0,1.0,2885.075,55.785,0.0,0.0,33933611.0
2022-01-28,Angola,98029.0,128.0,1893.0,0.0,2888.847,55.785,9713546.0,4731866.0,33933611.0
2022-01-29,Angola,98057.0,28.0,1894.0,1.0,2889.672,55.815,0.0,0.0,33933611.0
2022-01-30,Angola,98076.0,19.0,1895.0,1.0,2890.232,55.844,0.0,0.0,33933611.0
2022-01-31,Angola,98116.0,40.0,1895.0,0.0,2891.411,55.844,0.0,0.0,33933611.0
2022-02-01,Angola,98226.0,110.0,1895.0,0.0,2894.652,55.844,0.0,0.0,33933611.0
2022-02-02,Angola,98267.0,41.0,1895.0,0.0,2895.86,55.844,9999633.0,4880035.0,33933611.0
2022-02-03,Angola,98319.0,52.0,1896.0,1.0,2897.393,55.874,0.0,0.0,33933611.0
2022-02-04,Angola,98340.0,21.0,1896.0,0.0,2898.012,55.874,0.0,0.0,33933611.0
2022-02-05,Angola,98351.0,11.0,1896.0,0.0,2898.336,55.874,0.0,0.0,33933611.0
2022-02-06,Angola,98364.0,13.0,1896.0,0.0,2898.719,55.874,0.0,0.0,33933611.0
2022-02-07,Angola,98409.0,45.0,1896.0,0.0,2900.045,55.874,0.0,0.0,33933611.0
2022-02-08,Angola,98424.0,15.0,1896.0,0.0,2900.487,55.874,0.0,0.0,33933611.0
2022-02-09,Angola,98453.0,29.0,1896.0,0.0,2901.342,55.874,10241793.0,5088239.0,33933611.0
2022-02-10,Angola,98474.0,21.0,1897.0,1.0,2901.961,55.903,0.0,0.0,33933611.0
2022-02-11,Angola,98501.0,27.0,1898.0,1.0,2902.756,55.933,0.0,0.0,33933611.0
2022-02-12,Angola,98514.0,13.0,1898.0,0.0,2903.139,55.933,0.0,0.0,33933611.0
2022-02-13,Angola,98514.0,0.0,1898.0,0.0,2903.139,55.933,0.0,0.0,33933611.0
2022-02-14,Angola,98514.0,0.0,1898.0,0.0,2903.139,55.933,0.0,0.0,33933611.0
2022-02-15,Angola,98555.0,41.0,1899.0,1.0,2904.348,55.962,10427400.0,5278086.0,33933611.0
2022-02-16,Angola,98568.0,13.0,1899.0,0.0,2904.731,55.962,0.0,0.0,33933611.0
2022-02-17,Angola,98585.0,17.0,1899.0,0.0,2905.232,55.962,0.0,0.0,33933611.0
2022-02-18,Angola,98605.0,20.0,1899.0,0.0,2905.821,55.962,0.0,0.0,33933611.0
2022-02-19,Angola,98617.0,12.0,1899.0,0.0,2906.175,55.962,0.0,0.0,33933611.0
2022-02-20,Angola,98638.0,21.0,1899.0,0.0,2906.794,55.962,0.0,0.0,33933611.0
2022-02-21,Angola,98658.0,20.0,1899.0,0.0,2907.383,55.962,0.0,0.0,33933611.0
2022-02-22,Angola,98671.0,13.0,1899.0,0.0,2907.766,55.962,10591264.0,5448403.0,33933611.0
2022-02-23,Angola,98698.0,27.0,1899.0,0.0,2908.562,55.962,0.0,0.0,33933611.0
2022-02-24,Angola,98701.0,3.0,1899.0,0.0,2908.65,55.962,0.0,0.0,33933611.0
2022-02-25,Angola,98701.0,0.0,1899.0,0.0,2908.65,55.962,0.0,0.0,33933611.0
2022-02-26,Angola,98701.0,0.0,1899.0,0.0,2908.65,55.962,0.0,0.0,33933611.0
2022-02-27,Angola,98701.0,0.0,1899.0,0.0,2908.65,55.962,0.0,0.0,33933611.0
2022-02-28,Angola,98741.0,40.0,1900.0,1.0,2909.829,55.992,0.0,0.0,33933611.0
2022-03-01,Angola,98746.0,5.0,1900.0,0.0,2909.976,55.992,0.0,0.0,33933611.0
2022-03-02,Angola,98746.0,0.0,1900.0,0.0,2909.976,55.992,0.0,0.0,33933611.0
2022-03-03,Angola,98746.0,0.0,1900.0,0.0,2909.976,55.992,0.0,0.0,33933611.0
2022-03-04,Angola,98796.0,50.0,1900.0,0.0,2911.45,55.992,0.0,0.0,33933611.0
2022-03-05,Angola,98796.0,0.0,1900.0,0.0,2911.45,55.992,0.0,0.0,33933611.0
2020-03-28,Anguilla,2.0,2.0,0.0,0.0,132.231,0.0,0.0,0.0,15125.0
2020-03-29,Anguilla,2.0,0.0,0.0,0.0,132.231,0.0,0.0,0.0,15125.0
2020-03-30,Anguilla,2.0,0.0,0.0,0.0,132.231,0.0,0.0,0.0,15125.0
2020-03-31,Anguilla,2.0,0.0,0.0,0.0,132.231,0.0,0.0,0.0,15125.0
2020-04-01,Anguilla,2.0,0.0,0.0,0.0,132.231,0.0,0.0,0.0,15125.0
2020-04-02,Anguilla,3.0,1.0,0.0,0.0,198.347,0.0,0.0,0.0,15125.0
2020-04-03,Anguilla,3.0,0.0,0.0,0.0,198.347,0.0,0.0,0.0,15125.0
2020-04-04,Anguilla,3.0,0.0,0.0,0.0,198.347,0.0,0.0,0.0,15125.0
2020-04-05,Anguilla,3.0,0.0,0.0,0.0,198.347,0.0,0.0,0.0,15125.0
2020-04-06,Anguilla,3.0,0.0,0.0,0.0,198.347,0.0,0.0,0.0,15125.0
2020-04-07,Anguilla,3.0,0.0,0.0,0.0,198.347,0.0,0.0,0.0,15125.0
2020-04-08,Anguilla,3.0,0.0,0.0,0.0,198.347,0.0,0.0,0.0,15125.0
2020-04-09,Anguilla,3.0,0.0,0.0,0.0,198.347,0.0,0.0,0.0,15125.0
2020-04-10,Anguilla,3.0,0.0,0.0,0.0,198.347,0.0,0.0,0.0,15125.0
2020-04-11,Anguilla,3.0,0.0,0.0,0.0,198.347,0.0,0.0,0.0,15125.0
2020-04-12,Anguilla,3.0,0.0,0.0,0.0,198.347,0.0,0.0,0.0,15125.0
2020-04-13,Anguilla,3.0,0.0,0.0,0.0,198.347,0.0,0.0,0.0,15125.0
2020-04-14,Anguilla,3.0,0.0,0.0,0.0,198.347,0.0,0.0,0.0,15125.0
2020-04-15,Anguilla,3.0,0.0,0.0,0.0,198.347,0.0,0.0,0.0,15125.0
2020-04-16,Anguilla,3.0,0.0,0.0,0.0,198.347,0.0,0.0,0.0,15125.0
2020-04-17,Anguilla,3.0,0.0,0.0,0.0,198.347,0.0,0.0,0.0,15125.0
2020-04-18,Anguilla,3.0,0.0,0.0,0.0,198.347,0.0,0.0,0.0,15125.0
2020-04-19,Anguilla,3.0,0.0,0.0,0.0,198.347,0.0,0.0,0.0,15125.0
2020-04-20,Anguilla,3.0,0.0,0.0,0.0,198.347,0.0,0.0,0.0,15125.0
2020-04-21,Anguilla,3.0,0.0,0.0,0.0,198.347,0.0,0.0,0.0,15125.0
2020-04-22,Anguilla,3.0,0.0,0.0,0.0,198.347,0.0,0.0,0.0,15125.0
2020-04-23,Anguilla,3.0,0.0,0.0,0.0,198.347,0.0,0.0,0.0,15125.0
2020-04-24,Anguilla,3.0,0.0,0.0,0.0,198.347,0.0,0.0,0.0,15125.0
2020-04-25,Anguilla,3.0,0.0,0.0,0.0,198.347,0.0,0.0,0.0,15125.0
2020-04-26,Anguilla,3.0,0.0,0.0,0.0,198.347,0.0,0.0,0.0,15125.0
2020-04-27,Anguilla,3.0,0.0,0.0,0.0,198.347,0.0,0.0,0.0,15125.0
2020-04-28,Anguilla,3.0,0.0,0.0,0.0,198.347,0.0,0.0,0.0,15125.0
2020-04-29,Anguilla,3.0,0.0,0.0,0.0,198.347,0.0,0.0,0.0,15125.0
2020-04-30,Anguilla,3.0,0.0,0.0,0.0,198.347,0.0,0.0,0.0,15125.0
2020-05-01,Anguilla,3.0,0.0,0.0,0.0,198.347,0.0,0.0,0.0,15125.0
2020-05-02,Anguilla,3.0,0.0,0.0,0.0,198.347,0.0,0.0,0.0,15125.0
2020-05-03,Anguilla,3.0,0.0,0.0,0.0,198.347,0.0,0.0,0.0,15125.0
2020-05-04,Anguilla,3.0,0.0,0.0,0.0,198.347,0.0,0.0,0.0,15125.0
2020-05-05,Anguilla,3.0,0.0,0.0,0.0,198.347,0.0,0.0,0.0,15125.0
2020-05-06,Anguilla,3.0,0.0,0.0,0.0,198.347,0.0,0.0,0.0,15125.0
2020-05-07,Anguilla,3.0,0.0,0.0,0.0,198.347,0.0,0.0,0.0,15125.0
2020-05-08,Anguilla,3.0,0.0,0.0,0.0,198.347,0.0,0.0,0.0,15125.0
2020-05-09,Anguilla,3.0,0.0,0.0,0.0,198.347,0.0,0.0,0.0,15125.0
2020-05-10,Anguilla,3.0,0.0,0.0,0.0,198.347,0.0,0.0,0.0,15125.0
2020-05-11,Anguilla,3.0,0.0,0.0,0.0,198.347,0.0,0.0,0.0,15125.0
2020-05-12,Anguilla,3.0,0.0,0.0,0.0,198.347,0.0,0.0,0.0,15125.0
2020-05-13,Anguilla,3.0,0.0,0.0,0.0,198.347,0.0,0.0,0.0,15125.0
2020-05-14,Anguilla,3.0,0.0,0.0,0.0,198.347,0.0,0.0,0.0,15125.0
2020-05-15,Anguilla,3.0,0.0,0.0,0.0,198.347,0.0,0.0,0.0,15125.0
2020-05-16,Anguilla,3.0,0.0,0.0,0.0,198.347,0.0,0.0,0.0,15125.0
2020-05-17,Anguilla,3.0,0.0,0.0,0.0,198.347,0.0,0.0,0.0,15125.0
2020-05-18,Anguilla,3.0,0.0,0.0,0.0,198.347,0.0,0.0,0.0,15125.0
2020-05-19,Anguilla,3.0,0.0,0.0,0.0,198.347,0.0,0.0,0.0,15125.0
2020-05-20,Anguilla,3.0,0.0,0.0,0.0,198.347,0.0,0.0,0.0,15125.0
2020-05-21,Anguilla,3.0,0.0,0.0,0.0,198.347,0.0,0.0,0.0,15125.0
2020-05-22,Anguilla,3.0,0.0,0.0,0.0,198.347,0.0,0.0,0.0,15125.0
2020-05-23,Anguilla,3.0,0.0,0.0,0.0,198.347,0.0,0.0,0.0,15125.0
2020-05-24,Anguilla,3.0,0.0,0.0,0.0,198.347,0.0,0.0,0.0,15125.0
2020-05-25,Anguilla,3.0,0.0,0.0,0.0,198.347,0.0,0.0,0.0,15125.0
2020-05-26,Anguilla,3.0,0.0,0.0,0.0,198.347,0.0,0.0,0.0,15125.0
2020-05-27,Anguilla,3.0,0.0,0.0,0.0,198.347,0.0,0.0,0.0,15125.0
2020-05-28,Anguilla,3.0,0.0,0.0,0.0,198.347,0.0,0.0,0.0,15125.0
2020-05-29,Anguilla,3.0,0.0,0.0,0.0,198.347,0.0,0.0,0.0,15125.0
2020-05-30,Anguilla,3.0,0.0,0.0,0.0,198.347,0.0,0.0,0.0,15125.0
2020-05-31,Anguilla,3.0,0.0,0.0,0.0,198.347,0.0,0.0,0.0,15125.0
2020-06-01,Anguilla,3.0,0.0,0.0,0.0,198.347,0.0,0.0,0.0,15125.0
2020-06-02,Anguilla,3.0,0.0,0.0,0.0,198.347,0.0,0.0,0.0,15125.0
2020-06-03,Anguilla,3.0,0.0,0.0,0.0,198.347,0.0,0.0,0.0,15125.0
2020-06-04,Anguilla,3.0,0.0,0.0,0.0,198.347,0.0,0.0,0.0,15125.0
2020-06-05,Anguilla,3.0,0.0,0.0,0.0,198.347,0.0,0.0,0.0,15125.0
2020-06-06,Anguilla,3.0,0.0,0.0,0.0,198.347,0.0,0.0,0.0,15125.0
2020-06-07,Anguilla,3.0,0.0,0.0,0.0,198.347,0.0,0.0,0.0,15125.0
2020-06-08,Anguilla,3.0,0.0,0.0,0.0,198.347,0.0,0.0,0.0,15125.0
2020-06-09,Anguilla,3.0,0.0,0.0,0.0,198.347,0.0,0.0,0.0,15125.0
2020-06-10,Anguilla,3.0,0.0,0.0,0.0,198.347,0.0,0.0,0.0,15125.0
2020-06-11,Anguilla,3.0,0.0,0.0,0.0,198.347,0.0,0.0,0.0,15125.0
2020-06-12,Anguilla,3.0,0.0,0.0,0.0,198.347,0.0,0.0,0.0,15125.0
2020-06-13,Anguilla,3.0,0.0,0.0,0.0,198.347,0.0,0.0,0.0,15125.0
2020-06-14,Anguilla,3.0,0.0,0.0,0.0,198.347,0.0,0.0,0.0,15125.0
2020-06-15,Anguilla,3.0,0.0,0.0,0.0,198.347,0.0,0.0,0.0,15125.0
2020-06-16,Anguilla,3.0,0.0,0.0,0.0,198.347,0.0,0.0,0.0,15125.0
2020-06-17,Anguilla,3.0,0.0,0.0,0.0,198.347,0.0,0.0,0.0,15125.0
2020-06-18,Anguilla,3.0,0.0,0.0,0.0,198.347,0.0,0.0,0.0,15125.0
2020-06-19,Anguilla,3.0,0.0,0.0,0.0,198.347,0.0,0.0,0.0,15125.0
2020-06-20,Anguilla,3.0,0.0,0.0,0.0,198.347,0.0,0.0,0.0,15125.0
2020-06-21,Anguilla,3.0,0.0,0.0,0.0,198.347,0.0,0.0,0.0,15125.0
2020-06-22,Anguilla,3.0,0.0,0.0,0.0,198.347,0.0,0.0,0.0,15125.0
2020-06-23,Anguilla,3.0,0.0,0.0,0.0,198.347,0.0,0.0,0.0,15125.0
2020-06-24,Anguilla,3.0,0.0,0.0,0.0,198.347,0.0,0.0,0.0,15125.0
2020-06-25,Anguilla,3.0,0.0,0.0,0.0,198.347,0.0,0.0,0.0,15125.0
2020-06-26,Anguilla,3.0,0.0,0.0,0.0,198.347,0.0,0.0,0.0,15125.0
2020-06-27,Anguilla,3.0,0.0,0.0,0.0,198.347,0.0,0.0,0.0,15125.0
2020-06-28,Anguilla,3.0,0.0,0.0,0.0,198.347,0.0,0.0,0.0,15125.0
2020-06-29,Anguilla,3.0,0.0,0.0,0.0,198.347,0.0,0.0,0.0,15125.0
2020-06-30,Anguilla,3.0,0.0,0.0,0.0,198.347,0.0,0.0,0.0,15125.0
2020-07-01,Anguilla,3.0,0.0,0.0,0.0,198.347,0.0,0.0,0.0,15125.0
2020-07-02,Anguilla,3.0,0.0,0.0,0.0,198.347,0.0,0.0,0.0,15125.0
2020-07-03,Anguilla,3.0,0.0,0.0,0.0,198.347,0.0,0.0,0.0,15125.0
2020-07-04,Anguilla,3.0,0.0,0.0,0.0,198.347,0.0,0.0,0.0,15125.0
2020-07-05,Anguilla,3.0,0.0,0.0,0.0,198.347,0.0,0.0,0.0,15125.0
2020-07-06,Anguilla,3.0,0.0,0.0,0.0,198.347,0.0,0.0,0.0,15125.0
2020-07-07,Anguilla,3.0,0.0,0.0,0.0,198.347,0.0,0.0,0.0,15125.0
2020-07-08,Anguilla,3.0,0.0,0.0,0.0,198.347,0.0,0.0,0.0,15125.0
2020-07-09,Anguilla,3.0,0.0,0.0,0.0,198.347,0.0,0.0,0.0,15125.0
2020-07-10,Anguilla,3.0,0.0,0.0,0.0,198.347,0.0,0.0,0.0,15125.0
2020-07-11,Anguilla,3.0,0.0,0.0,0.0,198.347,0.0,0.0,0.0,15125.0
2020-07-12,Anguilla,3.0,0.0,0.0,0.0,198.347,0.0,0.0,0.0,15125.0
2020-07-13,Anguilla,3.0,0.0,0.0,0.0,198.347,0.0,0.0,0.0,15125.0
2020-07-14,Anguilla,3.0,0.0,0.0,0.0,198.347,0.0,0.0,0.0,15125.0
2020-07-15,Anguilla,3.0,0.0,0.0,0.0,198.347,0.0,0.0,0.0,15125.0
2020-07-16,Anguilla,3.0,0.0,0.0,0.0,198.347,0.0,0.0,0.0,15125.0
2020-07-17,Anguilla,3.0,0.0,0.0,0.0,198.347,0.0,0.0,0.0,15125.0
2020-07-18,Anguilla,3.0,0.0,0.0,0.0,198.347,0.0,0.0,0.0,15125.0
2020-07-19,Anguilla,3.0,0.0,0.0,0.0,198.347,0.0,0.0,0.0,15125.0
2020-07-20,Anguilla,3.0,0.0,0.0,0.0,198.347,0.0,0.0,0.0,15125.0
2020-07-21,Anguilla,3.0,0.0,0.0,0.0,198.347,0.0,0.0,0.0,15125.0
2020-07-22,Anguilla,3.0,0.0,0.0,0.0,198.347,0.0,0.0,0.0,15125.0
2020-07-23,Anguilla,3.0,0.0,0.0,0.0,198.347,0.0,0.0,0.0,15125.0
2020-07-24,Anguilla,3.0,0.0,0.0,0.0,198.347,0.0,0.0,0.0,15125.0
2020-07-25,Anguilla,3.0,0.0,0.0,0.0,198.347,0.0,0.0,0.0,15125.0
2020-07-26,Anguilla,3.0,0.0,0.0,0.0,198.347,0.0,0.0,0.0,15125.0
2020-07-27,Anguilla,3.0,0.0,0.0,0.0,198.347,0.0,0.0,0.0,15125.0
2020-07-28,Anguilla,3.0,0.0,0.0,0.0,198.347,0.0,0.0,0.0,15125.0
2020-07-29,Anguilla,3.0,0.0,0.0,0.0,198.347,0.0,0.0,0.0,15125.0
2020-07-30,Anguilla,3.0,0.0,0.0,0.0,198.347,0.0,0.0,0.0,15125.0
2020-07-31,Anguilla,3.0,0.0,0.0,0.0,198.347,0.0,0.0,0.0,15125.0
2020-08-01,Anguilla,3.0,0.0,0.0,0.0,198.347,0.0,0.0,0.0,15125.0
2020-08-02,Anguilla,3.0,0.0,0.0,0.0,198.347,0.0,0.0,0.0,15125.0
2020-08-03,Anguilla,3.0,0.0,0.0,0.0,198.347,0.0,0.0,0.0,15125.0
2020-08-04,Anguilla,3.0,0.0,0.0,0.0,198.347,0.0,0.0,0.0,15125.0
2020-08-05,Anguilla,3.0,0.0,0.0,0.0,198.347,0.0,0.0,0.0,15125.0
2020-08-06,Anguilla,3.0,0.0,0.0,0.0,198.347,0.0,0.0,0.0,15125.0
2020-08-07,Anguilla,3.0,0.0,0.0,0.0,198.347,0.0,0.0,0.0,15125.0
2020-08-08,Anguilla,3.0,0.0,0.0,0.0,198.347,0.0,0.0,0.0,15125.0
2020-08-09,Anguilla,3.0,0.0,0.0,0.0,198.347,0.0,0.0,0.0,15125.0
2020-08-10,Anguilla,3.0,0.0,0.0,0.0,198.347,0.0,0.0,0.0,15125.0
2020-08-11,Anguilla,3.0,0.0,0.0,0.0,198.347,0.0,0.0,0.0,15125.0
2020-08-12,Anguilla,3.0,0.0,0.0,0.0,198.347,0.0,0.0,0.0,15125.0
2020-08-13,Anguilla,3.0,0.0,0.0,0.0,198.347,0.0,0.0,0.0,15125.0
2020-08-14,Anguilla,3.0,0.0,0.0,0.0,198.347,0.0,0.0,0.0,15125.0
2020-08-15,Anguilla,3.0,0.0,0.0,0.0,198.347,0.0,0.0,0.0,15125.0
2020-08-16,Anguilla,3.0,0.0,0.0,0.0,198.347,0.0,0.0,0.0,15125.0
2020-08-17,Anguilla,3.0,0.0,0.0,0.0,198.347,0.0,0.0,0.0,15125.0
2020-08-18,Anguilla,3.0,0.0,0.0,0.0,198.347,0.0,0.0,0.0,15125.0
2020-08-19,Anguilla,3.0,0.0,0.0,0.0,198.347,0.0,0.0,0.0,15125.0
2020-08-20,Anguilla,3.0,0.0,0.0,0.0,198.347,0.0,0.0,0.0,15125.0
2020-08-21,Anguilla,3.0,0.0,0.0,0.0,198.347,0.0,0.0,0.0,15125.0
2020-08-22,Anguilla,3.0,0.0,0.0,0.0,198.347,0.0,0.0,0.0,15125.0
2020-08-23,Anguilla,3.0,0.0,0.0,0.0,198.347,0.0,0.0,0.0,15125.0
2020-08-24,Anguilla,3.0,0.0,0.0,0.0,198.347,0.0,0.0,0.0,15125.0
2020-08-25,Anguilla,3.0,0.0,0.0,0.0,198.347,0.0,0.0,0.0,15125.0
2020-08-26,Anguilla,3.0,0.0,0.0,0.0,198.347,0.0,0.0,0.0,15125.0
2020-08-27,Anguilla,3.0,0.0,0.0,0.0,198.347,0.0,0.0,0.0,15125.0
2020-08-28,Anguilla,3.0,0.0,0.0,0.0,198.347,0.0,0.0,0.0,15125.0
2020-08-29,Anguilla,3.0,0.0,0.0,0.0,198.347,0.0,0.0,0.0,15125.0
2020-08-30,Anguilla,3.0,0.0,0.0,0.0,198.347,0.0,0.0,0.0,15125.0
2020-08-31,Anguilla,3.0,0.0,0.0,0.0,198.347,0.0,0.0,0.0,15125.0
2020-09-01,Anguilla,3.0,0.0,0.0,0.0,198.347,0.0,0.0,0.0,15125.0
2020-09-02,Anguilla,3.0,0.0,0.0,0.0,198.347,0.0,0.0,0.0,15125.0
2020-09-03,Anguilla,3.0,0.0,0.0,0.0,198.347,0.0,0.0,0.0,15125.0
2020-09-04,Anguilla,3.0,0.0,0.0,0.0,198.347,0.0,0.0,0.0,15125.0
2020-09-05,Anguilla,3.0,0.0,0.0,0.0,198.347,0.0,0.0,0.0,15125.0
2020-09-06,Anguilla,3.0,0.0,0.0,0.0,198.347,0.0,0.0,0.0,15125.0
2020-09-07,Anguilla,3.0,0.0,0.0,0.0,198.347,0.0,0.0,0.0,15125.0
2020-09-08,Anguilla,3.0,0.0,0.0,0.0,198.347,0.0,0.0,0.0,15125.0
2020-09-09,Anguilla,3.0,0.0,0.0,0.0,198.347,0.0,0.0,0.0,15125.0
2020-09-10,Anguilla,3.0,0.0,0.0,0.0,198.347,0.0,0.0,0.0,15125.0
2020-09-11,Anguilla,3.0,0.0,0.0,0.0,198.347,0.0,0.0,0.0,15125.0
2020-09-12,Anguilla,3.0,0.0,0.0,0.0,198.347,0.0,0.0,0.0,15125.0
2020-09-13,Anguilla,3.0,0.0,0.0,0.0,198.347,0.0,0.0,0.0,15125.0
2020-09-14,Anguilla,3.0,0.0,0.0,0.0,198.347,0.0,0.0,0.0,15125.0
2020-09-15,Anguilla,3.0,0.0,0.0,0.0,198.347,0.0,0.0,0.0,15125.0
2020-09-16,Anguilla,3.0,0.0,0.0,0.0,198.347,0.0,0.0,0.0,15125.0
2020-09-17,Anguilla,3.0,0.0,0.0,0.0,198.347,0.0,0.0,0.0,15125.0
2020-09-18,Anguilla,3.0,0.0,0.0,0.0,198.347,0.0,0.0,0.0,15125.0
2020-09-19,Anguilla,3.0,0.0,0.0,0.0,198.347,0.0,0.0,0.0,15125.0
2020-09-20,Anguilla,3.0,0.0,0.0,0.0,198.347,0.0,0.0,0.0,15125.0
2020-09-21,Anguilla,3.0,0.0,0.0,0.0,198.347,0.0,0.0,0.0,15125.0
2020-09-22,Anguilla,3.0,0.0,0.0,0.0,198.347,0.0,0.0,0.0,15125.0
2020-09-23,Anguilla,3.0,0.0,0.0,0.0,198.347,0.0,0.0,0.0,15125.0
2020-09-24,Anguilla,3.0,0.0,0.0,0.0,198.347,0.0,0.0,0.0,15125.0
2020-09-25,Anguilla,3.0,0.0,0.0,0.0,198.347,0.0,0.0,0.0,15125.0
2020-09-26,Anguilla,3.0,0.0,0.0,0.0,198.347,0.0,0.0,0.0,15125.0
2020-09-27,Anguilla,3.0,0.0,0.0,0.0,198.347,0.0,0.0,0.0,15125.0
2020-09-28,Anguilla,3.0,0.0,0.0,0.0,198.347,0.0,0.0,0.0,15125.0
2020-09-29,Anguilla,3.0,0.0,0.0,0.0,198.347,0.0,0.0,0.0,15125.0
2020-09-30,Anguilla,3.0,0.0,0.0,0.0,198.347,0.0,0.0,0.0,15125.0
2020-10-01,Anguilla,3.0,0.0,0.0,0.0,198.347,0.0,0.0,0.0,15125.0
2020-10-02,Anguilla,3.0,0.0,0.0,0.0,198.347,0.0,0.0,0.0,15125.0
2020-10-03,Anguilla,3.0,0.0,0.0,0.0,198.347,0.0,0.0,0.0,15125.0
2020-10-04,Anguilla,3.0,0.0,0.0,0.0,198.347,0.0,0.0,0.0,15125.0
2020-10-05,Anguilla,3.0,0.0,0.0,0.0,198.347,0.0,0.0,0.0,15125.0
2020-10-06,Anguilla,3.0,0.0,0.0,0.0,198.347,0.0,0.0,0.0,15125.0
2020-10-07,Anguilla,3.0,0.0,0.0,0.0,198.347,0.0,0.0,0.0,15125.0
2020-10-08,Anguilla,3.0,0.0,0.0,0.0,198.347,0.0,0.0,0.0,15125.0
2020-10-09,Anguilla,3.0,0.0,0.0,0.0,198.347,0.0,0.0,0.0,15125.0
2020-10-10,Anguilla,3.0,0.0,0.0,0.0,198.347,0.0,0.0,0.0,15125.0
2020-10-11,Anguilla,3.0,0.0,0.0,0.0,198.347,0.0,0.0,0.0,15125.0
2020-10-12,Anguilla,3.0,0.0,0.0,0.0,198.347,0.0,0.0,0.0,15125.0
2020-10-13,Anguilla,3.0,0.0,0.0,0.0,198.347,0.0,0.0,0.0,15125.0
2020-10-14,Anguilla,3.0,0.0,0.0,0.0,198.347,0.0,0.0,0.0,15125.0
2020-10-15,Anguilla,3.0,0.0,0.0,0.0,198.347,0.0,0.0,0.0,15125.0
2020-10-16,Anguilla,3.0,0.0,0.0,0.0,198.347,0.0,0.0,0.0,15125.0
2020-10-17,Anguilla,3.0,0.0,0.0,0.0,198.347,0.0,0.0,0.0,15125.0
2020-10-18,Anguilla,3.0,0.0,0.0,0.0,198.347,0.0,0.0,0.0,15125.0
2020-10-19,Anguilla,3.0,0.0,0.0,0.0,198.347,0.0,0.0,0.0,15125.0
2020-10-20,Anguilla,3.0,0.0,0.0,0.0,198.347,0.0,0.0,0.0,15125.0
2020-10-21,Anguilla,3.0,0.0,0.0,0.0,198.347,0.0,0.0,0.0,15125.0
2020-10-22,Anguilla,3.0,0.0,0.0,0.0,198.347,0.0,0.0,0.0,15125.0
2020-10-23,Anguilla,3.0,0.0,0.0,0.0,198.347,0.0,0.0,0.0,15125.0
2020-10-24,Anguilla,3.0,0.0,0.0,0.0,198.347,0.0,0.0,0.0,15125.0
2020-10-25,Anguilla,3.0,0.0,0.0,0.0,198.347,0.0,0.0,0.0,15125.0
2020-10-26,Anguilla,3.0,0.0,0.0,0.0,198.347,0.0,0.0,0.0,15125.0
2020-10-27,Anguilla,3.0,0.0,0.0,0.0,198.347,0.0,0.0,0.0,15125.0
2020-10-28,Anguilla,3.0,0.0,0.0,0.0,198.347,0.0,0.0,0.0,15125.0
2020-10-29,Anguilla,3.0,0.0,0.0,0.0,198.347,0.0,0.0,0.0,15125.0
2020-10-30,Anguilla,3.0,0.0,0.0,0.0,198.347,0.0,0.0,0.0,15125.0
2020-10-31,Anguilla,3.0,0.0,0.0,0.0,198.347,0.0,0.0,0.0,15125.0
2020-11-01,Anguilla,3.0,0.0,0.0,0.0,198.347,0.0,0.0,0.0,15125.0
2020-11-02,Anguilla,3.0,0.0,0.0,0.0,198.347,0.0,0.0,0.0,15125.0
2020-11-03,Anguilla,3.0,0.0,0.0,0.0,198.347,0.0,0.0,0.0,15125.0
2020-11-04,Anguilla,3.0,0.0,0.0,0.0,198.347,0.0,0.0,0.0,15125.0
2020-11-05,Anguilla,3.0,0.0,0.0,0.0,198.347,0.0,0.0,0.0,15125.0
2020-11-06,Anguilla,3.0,0.0,0.0,0.0,198.347,0.0,0.0,0.0,15125.0
2020-11-07,Anguilla,3.0,0.0,0.0,0.0,198.347,0.0,0.0,0.0,15125.0
2020-11-08,Anguilla,3.0,0.0,0.0,0.0,198.347,0.0,0.0,0.0,15125.0
2020-11-09,Anguilla,3.0,0.0,0.0,0.0,198.347,0.0,0.0,0.0,15125.0
2020-11-10,Anguilla,3.0,0.0,0.0,0.0,198.347,0.0,0.0,0.0,15125.0
2020-11-11,Anguilla,3.0,0.0,0.0,0.0,198.347,0.0,0.0,0.0,15125.0
2020-11-12,Anguilla,3.0,0.0,0.0,0.0,198.347,0.0,0.0,0.0,15125.0
2020-11-13,Anguilla,3.0,0.0,0.0,0.0,198.347,0.0,0.0,0.0,15125.0
2020-11-14,Anguilla,3.0,0.0,0.0,0.0,198.347,0.0,0.0,0.0,15125.0
2020-11-15,Anguilla,3.0,0.0,0.0,0.0,198.347,0.0,0.0,0.0,15125.0
2020-11-16,Anguilla,3.0,0.0,0.0,0.0,198.347,0.0,0.0,0.0,15125.0
2020-11-17,Anguilla,3.0,0.0,0.0,0.0,198.347,0.0,0.0,0.0,15125.0
2020-11-18,Anguilla,3.0,0.0,0.0,0.0,198.347,0.0,0.0,0.0,15125.0
2020-11-19,Anguilla,3.0,0.0,0.0,0.0,198.347,0.0,0.0,0.0,15125.0
2020-11-20,Anguilla,3.0,0.0,0.0,0.0,198.347,0.0,0.0,0.0,15125.0
2020-11-21,Anguilla,3.0,0.0,0.0,0.0,198.347,0.0,0.0,0.0,15125.0
2020-11-22,Anguilla,3.0,0.0,0.0,0.0,198.347,0.0,0.0,0.0,15125.0
2020-11-23,Anguilla,4.0,1.0,0.0,0.0,264.463,0.0,0.0,0.0,15125.0
2020-11-24,Anguilla,4.0,0.0,0.0,0.0,264.463,0.0,0.0,0.0,15125.0
2020-11-25,Anguilla,4.0,0.0,0.0,0.0,264.463,0.0,0.0,0.0,15125.0
2020-11-26,Anguilla,4.0,0.0,0.0,0.0,264.463,0.0,0.0,0.0,15125.0
2020-11-27,Anguilla,4.0,0.0,0.0,0.0,264.463,0.0,0.0,0.0,15125.0
2020-11-28,Anguilla,4.0,0.0,0.0,0.0,264.463,0.0,0.0,0.0,15125.0
2020-11-29,Anguilla,4.0,0.0,0.0,0.0,264.463,0.0,0.0,0.0,15125.0
2020-11-30,Anguilla,6.0,2.0,0.0,0.0,396.694,0.0,0.0,0.0,15125.0
2020-12-01,Anguilla,6.0,0.0,0.0,0.0,396.694,0.0,0.0,0.0,15125.0
2020-12-02,Anguilla,6.0,0.0,0.0,0.0,396.694,0.0,0.0,0.0,15125.0
2020-12-03,Anguilla,6.0,0.0,0.0,0.0,396.694,0.0,0.0,0.0,15125.0
2020-12-04,Anguilla,7.0,1.0,0.0,0.0,462.81,0.0,0.0,0.0,15125.0
2020-12-05,Anguilla,7.0,0.0,0.0,0.0,462.81,0.0,0.0,0.0,15125.0
2020-12-06,Anguilla,7.0,0.0,0.0,0.0,462.81,0.0,0.0,0.0,15125.0
2020-12-07,Anguilla,10.0,3.0,0.0,0.0,661.157,0.0,0.0,0.0,15125.0
2020-12-08,Anguilla,10.0,0.0,0.0,0.0,661.157,0.0,0.0,0.0,15125.0
2020-12-09,Anguilla,10.0,0.0,0.0,0.0,661.157,0.0,0.0,0.0,15125.0
2020-12-10,Anguilla,10.0,0.0,0.0,0.0,661.157,0.0,0.0,0.0,15125.0
2020-12-11,Anguilla,10.0,0.0,0.0,0.0,661.157,0.0,0.0,0.0,15125.0
2020-12-12,Anguilla,10.0,0.0,0.0,0.0,661.157,0.0,0.0,0.0,15125.0
2020-12-13,Anguilla,10.0,0.0,0.0,0.0,661.157,0.0,0.0,0.0,15125.0
2020-12-14,Anguilla,10.0,0.0,0.0,0.0,661.157,0.0,0.0,0.0,15125.0
2020-12-15,Anguilla,10.0,0.0,0.0,0.0,661.157,0.0,0.0,0.0,15125.0
2020-12-16,Anguilla,10.0,0.0,0.0,0.0,661.157,0.0,0.0,0.0,15125.0
2020-12-17,Anguilla,10.0,0.0,0.0,0.0,661.157,0.0,0.0,0.0,15125.0
2020-12-18,Anguilla,10.0,0.0,0.0,0.0,661.157,0.0,0.0,0.0,15125.0
2020-12-19,Anguilla,10.0,0.0,0.0,0.0,661.157,0.0,0.0,0.0,15125.0
2020-12-20,Anguilla,10.0,0.0,0.0,0.0,661.157,0.0,0.0,0.0,15125.0
2020-12-21,Anguilla,10.0,0.0,0.0,0.0,661.157,0.0,0.0,0.0,15125.0
2020-12-22,Anguilla,11.0,1.0,0.0,0.0,727.273,0.0,0.0,0.0,15125.0
2020-12-23,Anguilla,11.0,0.0,0.0,0.0,727.273,0.0,0.0,0.0,15125.0
2020-12-24,Anguilla,11.0,0.0,0.0,0.0,727.273,0.0,0.0,0.0,15125.0
2020-12-25,Anguilla,11.0,0.0,0.0,0.0,727.273,0.0,0.0,0.0,15125.0
2020-12-26,Anguilla,12.0,1.0,0.0,0.0,793.388,0.0,0.0,0.0,15125.0
2020-12-27,Anguilla,12.0,0.0,0.0,0.0,793.388,0.0,0.0,0.0,15125.0
2020-12-28,Anguilla,13.0,1.0,0.0,0.0,859.504,0.0,0.0,0.0,15125.0
2020-12-29,Anguilla,13.0,0.0,0.0,0.0,859.504,0.0,0.0,0.0,15125.0
2020-12-30,Anguilla,13.0,0.0,0.0,0.0,859.504,0.0,0.0,0.0,15125.0
2020-12-31,Anguilla,13.0,0.0,0.0,0.0,859.504,0.0,0.0,0.0,15125.0
2021-01-01,Anguilla,13.0,0.0,0.0,0.0,859.504,0.0,0.0,0.0,15125.0
2021-01-02,Anguilla,13.0,0.0,0.0,0.0,859.504,0.0,0.0,0.0,15125.0
2021-01-03,Anguilla,15.0,2.0,0.0,0.0,991.736,0.0,0.0,0.0,15125.0
2021-01-04,Anguilla,15.0,0.0,0.0,0.0,991.736,0.0,0.0,0.0,15125.0
2021-01-05,Anguilla,15.0,0.0,0.0,0.0,991.736,0.0,0.0,0.0,15125.0
2021-01-06,Anguilla,15.0,0.0,0.0,0.0,991.736,0.0,0.0,0.0,15125.0
2021-01-07,Anguilla,15.0,0.0,0.0,0.0,991.736,0.0,0.0,0.0,15125.0
2021-01-08,Anguilla,15.0,0.0,0.0,0.0,991.736,0.0,0.0,0.0,15125.0
2021-01-09,Anguilla,15.0,0.0,0.0,0.0,991.736,0.0,0.0,0.0,15125.0
2021-01-10,Anguilla,15.0,0.0,0.0,0.0,991.736,0.0,0.0,0.0,15125.0
2021-01-11,Anguilla,15.0,0.0,0.0,0.0,991.736,0.0,0.0,0.0,15125.0
2021-01-12,Anguilla,15.0,0.0,0.0,0.0,991.736,0.0,0.0,0.0,15125.0
2021-01-13,Anguilla,15.0,0.0,0.0,0.0,991.736,0.0,0.0,0.0,15125.0
2021-01-14,Anguilla,15.0,0.0,0.0,0.0,991.736,0.0,0.0,0.0,15125.0
2021-01-15,Anguilla,15.0,0.0,0.0,0.0,991.736,0.0,0.0,0.0,15125.0
2021-01-16,Anguilla,15.0,0.0,0.0,0.0,991.736,0.0,0.0,0.0,15125.0
2021-01-17,Anguilla,15.0,0.0,0.0,0.0,991.736,0.0,0.0,0.0,15125.0
2021-01-18,Anguilla,15.0,0.0,0.0,0.0,991.736,0.0,0.0,0.0,15125.0
2021-01-19,Anguilla,15.0,0.0,0.0,0.0,991.736,0.0,0.0,0.0,15125.0
2021-01-20,Anguilla,15.0,0.0,0.0,0.0,991.736,0.0,0.0,0.0,15125.0
2021-01-21,Anguilla,15.0,0.0,0.0,0.0,991.736,0.0,0.0,0.0,15125.0
2021-01-22,Anguilla,15.0,0.0,0.0,0.0,991.736,0.0,0.0,0.0,15125.0
2021-01-23,Anguilla,15.0,0.0,0.0,0.0,991.736,0.0,0.0,0.0,15125.0
2021-01-24,Anguilla,15.0,0.0,0.0,0.0,991.736,0.0,0.0,0.0,15125.0
2021-01-25,Anguilla,15.0,0.0,0.0,0.0,991.736,0.0,0.0,0.0,15125.0
2021-01-26,Anguilla,16.0,1.0,0.0,0.0,1057.851,0.0,0.0,0.0,15125.0
2021-01-27,Anguilla,16.0,0.0,0.0,0.0,1057.851,0.0,0.0,0.0,15125.0
2021-01-28,Anguilla,16.0,0.0,0.0,0.0,1057.851,0.0,0.0,0.0,15125.0
2021-01-29,Anguilla,16.0,0.0,0.0,0.0,1057.851,0.0,0.0,0.0,15125.0
2021-01-30,Anguilla,16.0,0.0,0.0,0.0,1057.851,0.0,0.0,0.0,15125.0
2021-01-31,Anguilla,16.0,0.0,0.0,0.0,1057.851,0.0,0.0,0.0,15125.0
2021-02-01,Anguilla,16.0,0.0,0.0,0.0,1057.851,0.0,0.0,0.0,15125.0
2021-02-02,Anguilla,17.0,1.0,0.0,0.0,1123.967,0.0,0.0,0.0,15125.0
2021-02-03,Anguilla,17.0,0.0,0.0,0.0,1123.967,0.0,0.0,0.0,15125.0
2021-02-04,Anguilla,17.0,0.0,0.0,0.0,1123.967,0.0,0.0,0.0,15125.0
2021-02-05,Anguilla,17.0,0.0,0.0,0.0,1123.967,0.0,0.0,0.0,15125.0
2021-02-06,Anguilla,17.0,0.0,0.0,0.0,1123.967,0.0,0.0,0.0,15125.0
2021-02-07,Anguilla,17.0,0.0,0.0,0.0,1123.967,0.0,0.0,0.0,15125.0
2021-02-08,Anguilla,17.0,0.0,0.0,0.0,1123.967,0.0,0.0,0.0,15125.0
2021-02-09,Anguilla,18.0,1.0,0.0,0.0,1190.083,0.0,0.0,0.0,15125.0
2021-02-10,Anguilla,18.0,0.0,0.0,0.0,1190.083,0.0,0.0,0.0,15125.0
2021-02-11,Anguilla,18.0,0.0,0.0,0.0,1190.083,0.0,0.0,0.0,15125.0
2021-02-12,Anguilla,18.0,0.0,0.0,0.0,1190.083,0.0,0.0,0.0,15125.0
2021-02-13,Anguilla,18.0,0.0,0.0,0.0,1190.083,0.0,1341.0,0.0,15125.0
2021-02-14,Anguilla,18.0,0.0,0.0,0.0,1190.083,0.0,2762.0,0.0,15125.0
2021-02-15,Anguilla,18.0,0.0,0.0,0.0,1190.083,0.0,0.0,0.0,15125.0
2021-02-16,Anguilla,18.0,0.0,0.0,0.0,1190.083,0.0,0.0,0.0,15125.0
2021-02-17,Anguilla,18.0,0.0,0.0,0.0,1190.083,0.0,0.0,0.0,15125.0
2021-02-18,Anguilla,18.0,0.0,0.0,0.0,1190.083,0.0,0.0,0.0,15125.0
2021-02-19,Anguilla,18.0,0.0,0.0,0.0,1190.083,0.0,0.0,0.0,15125.0
2021-02-20,Anguilla,18.0,0.0,0.0,0.0,1190.083,0.0,0.0,0.0,15125.0
2021-02-21,Anguilla,18.0,0.0,0.0,0.0,1190.083,0.0,0.0,0.0,15125.0
2021-02-22,Anguilla,18.0,0.0,0.0,0.0,1190.083,0.0,0.0,0.0,15125.0
2021-02-23,Anguilla,18.0,0.0,0.0,0.0,1190.083,0.0,0.0,0.0,15125.0
2021-02-24,Anguilla,18.0,0.0,0.0,0.0,1190.083,0.0,0.0,0.0,15125.0
2021-02-25,Anguilla,18.0,0.0,0.0,0.0,1190.083,0.0,0.0,0.0,15125.0
2021-02-26,Anguilla,18.0,0.0,0.0,0.0,1190.083,0.0,3929.0,0.0,15125.0
2021-02-27,Anguilla,18.0,0.0,0.0,0.0,1190.083,0.0,0.0,0.0,15125.0
2021-02-28,Anguilla,18.0,0.0,0.0,0.0,1190.083,0.0,0.0,0.0,15125.0
2021-03-01,Anguilla,18.0,0.0,0.0,0.0,1190.083,0.0,0.0,0.0,15125.0
2021-03-02,Anguilla,18.0,0.0,0.0,0.0,1190.083,0.0,0.0,0.0,15125.0
2021-03-03,Anguilla,18.0,0.0,0.0,0.0,1190.083,0.0,0.0,0.0,15125.0
2021-03-04,Anguilla,18.0,0.0,0.0,0.0,1190.083,0.0,0.0,0.0,15125.0
2021-03-05,Anguilla,18.0,0.0,0.0,0.0,1190.083,0.0,0.0,0.0,15125.0
2021-03-06,Anguilla,18.0,0.0,0.0,0.0,1190.083,0.0,0.0,0.0,15125.0
2021-03-07,Anguilla,18.0,0.0,0.0,0.0,1190.083,0.0,0.0,0.0,15125.0
2021-03-08,Anguilla,18.0,0.0,0.0,0.0,1190.083,0.0,0.0,0.0,15125.0
2021-03-09,Anguilla,18.0,0.0,0.0,0.0,1190.083,0.0,4700.0,0.0,15125.0
2021-03-10,Anguilla,18.0,0.0,0.0,0.0,1190.083,0.0,0.0,0.0,15125.0
2021-03-11,Anguilla,18.0,0.0,0.0,0.0,1190.083,0.0,0.0,0.0,15125.0
2021-03-12,Anguilla,18.0,0.0,0.0,0.0,1190.083,0.0,0.0,0.0,15125.0
2021-03-13,Anguilla,21.0,3.0,0.0,0.0,1388.43,0.0,5000.0,0.0,15125.0
2021-03-14,Anguilla,21.0,0.0,0.0,0.0,1388.43,0.0,0.0,0.0,15125.0
2021-03-15,Anguilla,21.0,0.0,0.0,0.0,1388.43,0.0,0.0,0.0,15125.0
2021-03-16,Anguilla,21.0,0.0,0.0,0.0,1388.43,0.0,0.0,0.0,15125.0
2021-03-17,Anguilla,21.0,0.0,0.0,0.0,1388.43,0.0,0.0,0.0,15125.0
2021-03-18,Anguilla,21.0,0.0,0.0,0.0,1388.43,0.0,0.0,0.0,15125.0
2021-03-19,Anguilla,22.0,1.0,0.0,0.0,1454.545,0.0,5348.0,0.0,15125.0
2021-03-20,Anguilla,22.0,0.0,0.0,0.0,1454.545,0.0,0.0,0.0,15125.0
2021-03-21,Anguilla,22.0,0.0,0.0,0.0,1454.545,0.0,0.0,0.0,15125.0
2021-03-22,Anguilla,22.0,0.0,0.0,0.0,1454.545,0.0,0.0,0.0,15125.0
2021-03-23,Anguilla,22.0,0.0,0.0,0.0,1454.545,0.0,0.0,0.0,15125.0
2021-03-24,Anguilla,22.0,0.0,0.0,0.0,1454.545,0.0,0.0,0.0,15125.0
2021-03-25,Anguilla,22.0,0.0,0.0,0.0,1454.545,0.0,0.0,0.0,15125.0
2021-03-26,Anguilla,22.0,0.0,0.0,0.0,1454.545,0.0,0.0,0.0,15125.0
2021-03-27,Anguilla,22.0,0.0,0.0,0.0,1454.545,0.0,0.0,0.0,15125.0
2021-03-28,Anguilla,22.0,0.0,0.0,0.0,1454.545,0.0,0.0,0.0,15125.0
2021-03-29,Anguilla,22.0,0.0,0.0,0.0,1454.545,0.0,0.0,0.0,15125.0
2021-03-30,Anguilla,25.0,3.0,0.0,0.0,1652.893,0.0,0.0,0.0,15125.0
2021-03-31,Anguilla,25.0,0.0,0.0,0.0,1652.893,0.0,0.0,0.0,15125.0
2021-04-01,Anguilla,25.0,0.0,0.0,0.0,1652.893,0.0,0.0,0.0,15125.0
2021-04-02,Anguilla,25.0,0.0,0.0,0.0,1652.893,0.0,0.0,0.0,15125.0
2021-04-03,Anguilla,25.0,0.0,0.0,0.0,1652.893,0.0,0.0,0.0,15125.0
2021-04-04,Anguilla,25.0,0.0,0.0,0.0,1652.893,0.0,0.0,0.0,15125.0
2021-04-05,Anguilla,25.0,0.0,0.0,0.0,1652.893,0.0,0.0,0.0,15125.0
2021-04-06,Anguilla,25.0,0.0,0.0,0.0,1652.893,0.0,0.0,0.0,15125.0
2021-04-07,Anguilla,25.0,0.0,0.0,0.0,1652.893,0.0,0.0,0.0,15125.0
2021-04-08,Anguilla,25.0,0.0,0.0,0.0,1652.893,0.0,0.0,0.0,15125.0
2021-04-09,Anguilla,25.0,0.0,0.0,0.0,1652.893,0.0,0.0,0.0,15125.0
2021-04-10,Anguilla,25.0,0.0,0.0,0.0,1652.893,0.0,0.0,0.0,15125.0
2021-04-11,Anguilla,25.0,0.0,0.0,0.0,1652.893,0.0,0.0,0.0,15125.0
2021-04-12,Anguilla,25.0,0.0,0.0,0.0,1652.893,0.0,5835.0,0.0,15125.0
2021-04-13,Anguilla,25.0,0.0,0.0,0.0,1652.893,0.0,0.0,0.0,15125.0
2021-04-14,Anguilla,25.0,0.0,0.0,0.0,1652.893,0.0,0.0,0.0,15125.0
2021-04-15,Anguilla,25.0,0.0,0.0,0.0,1652.893,0.0,0.0,0.0,15125.0
2021-04-16,Anguilla,25.0,0.0,0.0,0.0,1652.893,0.0,0.0,0.0,15125.0
2021-04-17,Anguilla,29.0,4.0,0.0,0.0,1917.355,0.0,0.0,0.0,15125.0
2021-04-18,Anguilla,29.0,0.0,0.0,0.0,1917.355,0.0,0.0,0.0,15125.0
2021-04-19,Anguilla,29.0,0.0,0.0,0.0,1917.355,0.0,0.0,0.0,15125.0
2021-04-20,Anguilla,29.0,0.0,0.0,0.0,1917.355,0.0,0.0,0.0,15125.0
2021-04-21,Anguilla,29.0,0.0,0.0,0.0,1917.355,0.0,0.0,0.0,15125.0
2021-04-22,Anguilla,29.0,0.0,0.0,0.0,1917.355,0.0,6115.0,783.0,15125.0
2021-04-23,Anguilla,29.0,0.0,0.0,0.0,1917.355,0.0,0.0,0.0,15125.0
2021-04-24,Anguilla,58.0,29.0,0.0,0.0,3834.711,0.0,0.0,0.0,15125.0
2021-04-25,Anguilla,58.0,0.0,0.0,0.0,3834.711,0.0,0.0,0.0,15125.0
2021-04-26,Anguilla,80.0,22.0,0.0,0.0,5289.256,0.0,0.0,0.0,15125.0
2021-04-27,Anguilla,84.0,4.0,0.0,0.0,5553.719,0.0,0.0,0.0,15125.0
2021-04-28,Anguilla,87.0,3.0,0.0,0.0,5752.066,0.0,0.0,0.0,15125.0
2021-04-29,Anguilla,91.0,4.0,0.0,0.0,6016.529,0.0,0.0,0.0,15125.0
2021-04-30,Anguilla,93.0,2.0,0.0,0.0,6148.76,0.0,0.0,0.0,15125.0
2021-05-01,Anguilla,93.0,0.0,0.0,0.0,6148.76,0.0,0.0,0.0,15125.0
2021-05-02,Anguilla,95.0,2.0,0.0,0.0,6280.992,0.0,0.0,0.0,15125.0
2021-05-03,Anguilla,95.0,0.0,0.0,0.0,6280.992,0.0,0.0,0.0,15125.0
2021-05-04,Anguilla,95.0,0.0,0.0,0.0,6280.992,0.0,0.0,0.0,15125.0
2021-05-05,Anguilla,95.0,0.0,0.0,0.0,6280.992,0.0,0.0,0.0,15125.0
2021-05-06,Anguilla,95.0,0.0,0.0,0.0,6280.992,0.0,0.0,0.0,15125.0
2021-05-07,Anguilla,95.0,0.0,0.0,0.0,6280.992,0.0,0.0,0.0,15125.0
2021-05-08,Anguilla,99.0,4.0,0.0,0.0,6545.455,0.0,0.0,0.0,15125.0
2021-05-09,Anguilla,99.0,0.0,0.0,0.0,6545.455,0.0,0.0,0.0,15125.0
2021-05-10,Anguilla,99.0,0.0,0.0,0.0,6545.455,0.0,0.0,0.0,15125.0
2021-05-11,Anguilla,109.0,10.0,0.0,0.0,7206.612,0.0,0.0,0.0,15125.0
2021-05-12,Anguilla,109.0,0.0,0.0,0.0,7206.612,0.0,0.0,0.0,15125.0
2021-05-13,Anguilla,109.0,0.0,0.0,0.0,7206.612,0.0,0.0,0.0,15125.0
2021-05-14,Anguilla,109.0,0.0,0.0,0.0,7206.612,0.0,0.0,0.0,15125.0
2021-05-15,Anguilla,109.0,0.0,0.0,0.0,7206.612,0.0,0.0,0.0,15125.0
2021-05-16,Anguilla,109.0,0.0,0.0,0.0,7206.612,0.0,0.0,0.0,15125.0
2021-05-17,Anguilla,109.0,0.0,0.0,0.0,7206.612,0.0,8811.0,4424.0,15125.0
2021-05-18,Anguilla,109.0,0.0,0.0,0.0,7206.612,0.0,0.0,0.0,15125.0
2021-05-19,Anguilla,109.0,0.0,0.0,0.0,7206.612,0.0,0.0,0.0,15125.0
2021-05-20,Anguilla,109.0,0.0,0.0,0.0,7206.612,0.0,0.0,0.0,15125.0
2021-05-21,Anguilla,109.0,0.0,0.0,0.0,7206.612,0.0,0.0,0.0,15125.0
2021-05-22,Anguilla,109.0,0.0,0.0,0.0,7206.612,0.0,0.0,0.0,15125.0
2021-05-23,Anguilla,109.0,0.0,0.0,0.0,7206.612,0.0,0.0,0.0,15125.0
2021-05-24,Anguilla,109.0,0.0,0.0,0.0,7206.612,0.0,0.0,0.0,15125.0
2021-05-25,Anguilla,109.0,0.0,0.0,0.0,7206.612,0.0,0.0,0.0,15125.0
2021-05-26,Anguilla,109.0,0.0,0.0,0.0,7206.612,0.0,0.0,0.0,15125.0
2021-05-27,Anguilla,109.0,0.0,0.0,0.0,7206.612,0.0,0.0,0.0,15125.0
2021-05-28,Anguilla,109.0,0.0,0.0,0.0,7206.612,0.0,9004.0,5439.0,15125.0
2021-05-29,Anguilla,109.0,0.0,0.0,0.0,7206.612,0.0,0.0,0.0,15125.0
2021-05-30,Anguilla,109.0,0.0,0.0,0.0,7206.612,0.0,0.0,0.0,15125.0
2021-05-31,Anguilla,109.0,0.0,0.0,0.0,7206.612,0.0,0.0,0.0,15125.0
2021-06-01,Anguilla,109.0,0.0,0.0,0.0,7206.612,0.0,0.0,0.0,15125.0
2021-06-02,Anguilla,109.0,0.0,0.0,0.0,7206.612,0.0,0.0,0.0,15125.0
2021-06-03,Anguilla,109.0,0.0,0.0,0.0,7206.612,0.0,0.0,0.0,15125.0
2021-06-04,Anguilla,109.0,0.0,0.0,0.0,7206.612,0.0,9044.0,5513.0,15125.0
2021-06-05,Anguilla,109.0,0.0,0.0,0.0,7206.612,0.0,0.0,0.0,15125.0
2021-06-06,Anguilla,109.0,0.0,0.0,0.0,7206.612,0.0,0.0,0.0,15125.0
2021-06-07,Anguilla,109.0,0.0,0.0,0.0,7206.612,0.0,0.0,0.0,15125.0
2021-06-08,Anguilla,109.0,0.0,0.0,0.0,7206.612,0.0,0.0,0.0,15125.0
2021-06-09,Anguilla,109.0,0.0,0.0,0.0,7206.612,0.0,0.0,0.0,15125.0
2021-06-10,Anguilla,109.0,0.0,0.0,0.0,7206.612,0.0,0.0,0.0,15125.0
2021-06-11,Anguilla,109.0,0.0,0.0,0.0,7206.612,0.0,9119.0,5818.0,15125.0
2021-06-12,Anguilla,109.0,0.0,0.0,0.0,7206.612,0.0,0.0,0.0,15125.0
2021-06-13,Anguilla,109.0,0.0,0.0,0.0,7206.612,0.0,0.0,0.0,15125.0
2021-06-14,Anguilla,109.0,0.0,0.0,0.0,7206.612,0.0,0.0,0.0,15125.0
2021-06-15,Anguilla,109.0,0.0,0.0,0.0,7206.612,0.0,0.0,0.0,15125.0
2021-06-16,Anguilla,109.0,0.0,0.0,0.0,7206.612,0.0,0.0,0.0,15125.0
2021-06-17,Anguilla,109.0,0.0,0.0,0.0,7206.612,0.0,0.0,0.0,15125.0
2021-06-18,Anguilla,109.0,0.0,0.0,0.0,7206.612,0.0,9183.0,6015.0,15125.0
2021-06-19,Anguilla,109.0,0.0,0.0,0.0,7206.612,0.0,0.0,0.0,15125.0
2021-06-20,Anguilla,109.0,0.0,0.0,0.0,7206.612,0.0,0.0,0.0,15125.0
2021-06-21,Anguilla,109.0,0.0,0.0,0.0,7206.612,0.0,0.0,0.0,15125.0
2021-06-22,Anguilla,109.0,0.0,0.0,0.0,7206.612,0.0,0.0,0.0,15125.0
2021-06-23,Anguilla,109.0,0.0,0.0,0.0,7206.612,0.0,0.0,0.0,15125.0
2021-06-24,Anguilla,109.0,0.0,0.0,0.0,7206.612,0.0,0.0,0.0,15125.0
2021-06-25,Anguilla,109.0,0.0,0.0,0.0,7206.612,0.0,9264.0,6525.0,15125.0
2021-06-26,Anguilla,109.0,0.0,0.0,0.0,7206.612,0.0,0.0,0.0,15125.0
2021-06-27,Anguilla,109.0,0.0,0.0,0.0,7206.612,0.0,0.0,0.0,15125.0
2021-06-28,Anguilla,109.0,0.0,0.0,0.0,7206.612,0.0,0.0,0.0,15125.0
2021-06-29,Anguilla,109.0,0.0,0.0,0.0,7206.612,0.0,0.0,0.0,15125.0
2021-06-30,Anguilla,109.0,0.0,0.0,0.0,7206.612,0.0,0.0,0.0,15125.0
2021-07-01,Anguilla,109.0,0.0,0.0,0.0,7206.612,0.0,0.0,0.0,15125.0
2021-07-02,Anguilla,109.0,0.0,0.0,0.0,7206.612,0.0,9300.0,7160.0,15125.0
2021-07-03,Anguilla,111.0,2.0,0.0,0.0,7338.843,0.0,0.0,0.0,15125.0
2021-07-04,Anguilla,111.0,0.0,0.0,0.0,7338.843,0.0,0.0,0.0,15125.0
2021-07-05,Anguilla,111.0,0.0,0.0,0.0,7338.843,0.0,0.0,0.0,15125.0
2021-07-06,Anguilla,111.0,0.0,0.0,0.0,7338.843,0.0,0.0,0.0,15125.0
2021-07-07,Anguilla,111.0,0.0,0.0,0.0,7338.843,0.0,0.0,0.0,15125.0
2021-07-08,Anguilla,111.0,0.0,0.0,0.0,7338.843,0.0,0.0,0.0,15125.0
2021-07-09,Anguilla,111.0,0.0,0.0,0.0,7338.843,0.0,9321.0,7630.0,15125.0
2021-07-10,Anguilla,111.0,0.0,0.0,0.0,7338.843,0.0,0.0,0.0,15125.0
2021-07-11,Anguilla,111.0,0.0,0.0,0.0,7338.843,0.0,0.0,0.0,15125.0
2021-07-12,Anguilla,111.0,0.0,0.0,0.0,7338.843,0.0,0.0,0.0,15125.0
2021-07-13,Anguilla,111.0,0.0,0.0,0.0,7338.843,0.0,0.0,0.0,15125.0
2021-07-14,Anguilla,111.0,0.0,0.0,0.0,7338.843,0.0,0.0,0.0,15125.0
2021-07-15,Anguilla,111.0,0.0,0.0,0.0,7338.843,0.0,0.0,0.0,15125.0
2021-07-16,Anguilla,112.0,1.0,0.0,0.0,7404.959,0.0,9362.0,8445.0,15125.0
2021-07-17,Anguilla,112.0,0.0,0.0,0.0,7404.959,0.0,0.0,0.0,15125.0
2021-07-18,Anguilla,112.0,0.0,0.0,0.0,7404.959,0.0,0.0,0.0,15125.0
2021-07-19,Anguilla,113.0,1.0,0.0,0.0,7471.074,0.0,0.0,0.0,15125.0
2021-07-20,Anguilla,113.0,0.0,0.0,0.0,7471.074,0.0,0.0,0.0,15125.0
2021-07-21,Anguilla,113.0,0.0,0.0,0.0,7471.074,0.0,0.0,0.0,15125.0
2021-07-22,Anguilla,113.0,0.0,0.0,0.0,7471.074,0.0,0.0,0.0,15125.0
2021-07-23,Anguilla,113.0,0.0,0.0,0.0,7471.074,0.0,9398.0,8603.0,15125.0
2021-07-24,Anguilla,113.0,0.0,0.0,0.0,7471.074,0.0,0.0,0.0,15125.0
2021-07-25,Anguilla,113.0,0.0,0.0,0.0,7471.074,0.0,0.0,0.0,15125.0
2021-07-26,Anguilla,113.0,0.0,0.0,0.0,7471.074,0.0,0.0,0.0,15125.0
2021-07-27,Anguilla,113.0,0.0,0.0,0.0,7471.074,0.0,0.0,0.0,15125.0
2021-07-28,Anguilla,113.0,0.0,0.0,0.0,7471.074,0.0,0.0,0.0,15125.0
2021-07-29,Anguilla,113.0,0.0,0.0,0.0,7471.074,0.0,0.0,0.0,15125.0
2021-07-30,Anguilla,113.0,0.0,0.0,0.0,7471.074,0.0,9428.0,8765.0,15125.0
2021-07-31,Anguilla,113.0,0.0,0.0,0.0,7471.074,0.0,0.0,0.0,15125.0
2021-08-01,Anguilla,113.0,0.0,0.0,0.0,7471.074,0.0,0.0,0.0,15125.0
2021-08-02,Anguilla,113.0,0.0,0.0,0.0,7471.074,0.0,0.0,0.0,15125.0
2021-08-03,Anguilla,113.0,0.0,0.0,0.0,7471.074,0.0,0.0,0.0,15125.0
2021-08-04,Anguilla,113.0,0.0,0.0,0.0,7471.074,0.0,0.0,0.0,15125.0
2021-08-05,Anguilla,113.0,0.0,0.0,0.0,7471.074,0.0,0.0,0.0,15125.0
2021-08-06,Anguilla,113.0,0.0,0.0,0.0,7471.074,0.0,9492.0,8965.0,15125.0
2021-08-07,Anguilla,113.0,0.0,0.0,0.0,7471.074,0.0,0.0,0.0,15125.0
2021-08-08,Anguilla,113.0,0.0,0.0,0.0,7471.074,0.0,0.0,0.0,15125.0
2021-08-09,Anguilla,113.0,0.0,0.0,0.0,7471.074,0.0,0.0,0.0,15125.0
2021-08-10,Anguilla,113.0,0.0,0.0,0.0,7471.074,0.0,0.0,0.0,15125.0
2021-08-11,Anguilla,113.0,0.0,0.0,0.0,7471.074,0.0,0.0,0.0,15125.0
2021-08-12,Anguilla,127.0,14.0,0.0,0.0,8396.694,0.0,0.0,0.0,15125.0
2021-08-13,Anguilla,127.0,0.0,0.0,0.0,8396.694,0.0,0.0,0.0,15125.0
2021-08-14,Anguilla,127.0,0.0,0.0,0.0,8396.694,0.0,0.0,0.0,15125.0
2021-08-15,Anguilla,127.0,0.0,0.0,0.0,8396.694,0.0,0.0,0.0,15125.0
2021-08-16,Anguilla,137.0,10.0,0.0,0.0,9057.851,0.0,0.0,0.0,15125.0
2021-08-17,Anguilla,137.0,0.0,0.0,0.0,9057.851,0.0,0.0,0.0,15125.0
2021-08-18,Anguilla,137.0,0.0,0.0,0.0,9057.851,0.0,0.0,0.0,15125.0
2021-08-19,Anguilla,154.0,17.0,0.0,0.0,10181.818,0.0,0.0,0.0,15125.0
2021-08-20,Anguilla,154.0,0.0,0.0,0.0,10181.818,0.0,9493.0,8965.0,15125.0
2021-08-21,Anguilla,166.0,12.0,0.0,0.0,10975.207,0.0,0.0,0.0,15125.0
2021-08-22,Anguilla,166.0,0.0,0.0,0.0,10975.207,0.0,0.0,0.0,15125.0
2021-08-23,Anguilla,166.0,0.0,0.0,0.0,10975.207,0.0,0.0,0.0,15125.0
2021-08-24,Anguilla,166.0,0.0,0.0,0.0,10975.207,0.0,0.0,0.0,15125.0
2021-08-25,Anguilla,174.0,8.0,0.0,0.0,11504.132,0.0,0.0,0.0,15125.0
2021-08-26,Anguilla,194.0,20.0,0.0,0.0,12826.446,0.0,0.0,0.0,15125.0
2021-08-27,Anguilla,194.0,0.0,0.0,0.0,12826.446,0.0,0.0,0.0,15125.0
2021-08-28,Anguilla,194.0,0.0,0.0,0.0,12826.446,0.0,0.0,0.0,15125.0
2021-08-29,Anguilla,201.0,7.0,0.0,0.0,13289.256,0.0,0.0,0.0,15125.0
2021-08-30,Anguilla,217.0,16.0,0.0,0.0,14347.107,0.0,0.0,0.0,15125.0
2021-08-31,Anguilla,217.0,0.0,0.0,0.0,14347.107,0.0,0.0,0.0,15125.0
2021-09-01,Anguilla,217.0,0.0,0.0,0.0,14347.107,0.0,0.0,0.0,15125.0
2021-09-02,Anguilla,256.0,39.0,0.0,0.0,16925.62,0.0,0.0,0.0,15125.0
2021-09-03,Anguilla,256.0,0.0,0.0,0.0,16925.62,0.0,9493.0,8978.0,15125.0
2021-09-04,Anguilla,279.0,23.0,0.0,0.0,18446.281,0.0,0.0,0.0,15125.0
2021-09-05,Anguilla,279.0,0.0,0.0,0.0,18446.281,0.0,0.0,0.0,15125.0
2021-09-06,Anguilla,296.0,17.0,0.0,0.0,19570.248,0.0,0.0,0.0,15125.0
2021-09-07,Anguilla,296.0,0.0,0.0,0.0,19570.248,0.0,0.0,0.0,15125.0
2021-09-08,Anguilla,305.0,9.0,0.0,0.0,20165.289,0.0,0.0,0.0,15125.0
2021-09-09,Anguilla,305.0,0.0,0.0,0.0,20165.289,0.0,0.0,0.0,15125.0
2021-09-10,Anguilla,312.0,7.0,0.0,0.0,20628.099,0.0,9493.0,8988.0,15125.0
2021-09-11,Anguilla,312.0,0.0,0.0,0.0,20628.099,0.0,0.0,0.0,15125.0
2021-09-12,Anguilla,312.0,0.0,0.0,0.0,20628.099,0.0,0.0,0.0,15125.0
2021-09-13,Anguilla,318.0,6.0,0.0,0.0,21024.793,0.0,0.0,0.0,15125.0
2021-09-14,Anguilla,318.0,0.0,0.0,0.0,21024.793,0.0,0.0,0.0,15125.0
2021-09-15,Anguilla,318.0,0.0,0.0,0.0,21024.793,0.0,0.0,0.0,15125.0
2021-09-16,Anguilla,325.0,7.0,0.0,0.0,21487.603,0.0,0.0,0.0,15125.0
2021-09-17,Anguilla,331.0,6.0,0.0,0.0,21884.298,0.0,9498.0,9067.0,15125.0
2021-09-18,Anguilla,331.0,0.0,0.0,0.0,21884.298,0.0,0.0,0.0,15125.0
2021-09-19,Anguilla,331.0,0.0,0.0,0.0,21884.298,0.0,0.0,0.0,15125.0
2021-09-20,Anguilla,331.0,0.0,0.0,0.0,21884.298,0.0,0.0,0.0,15125.0
2021-09-21,Anguilla,340.0,9.0,1.0,1.0,22479.339,66.116,0.0,0.0,15125.0
2021-09-22,Anguilla,350.0,10.0,1.0,0.0,23140.496,66.116,0.0,0.0,15125.0
2021-09-23,Anguilla,350.0,0.0,1.0,0.0,23140.496,66.116,0.0,0.0,15125.0
2021-09-24,Anguilla,364.0,14.0,1.0,0.0,24066.116,66.116,9498.0,9086.0,15125.0
2021-09-25,Anguilla,364.0,0.0,1.0,0.0,24066.116,66.116,0.0,0.0,15125.0
2021-09-26,Anguilla,364.0,0.0,1.0,0.0,24066.116,66.116,0.0,0.0,15125.0
2021-09-27,Anguilla,389.0,25.0,1.0,0.0,25719.008,66.116,0.0,0.0,15125.0
2021-09-28,Anguilla,389.0,0.0,1.0,0.0,25719.008,66.116,0.0,0.0,15125.0
2021-09-29,Anguilla,409.0,20.0,1.0,0.0,27041.322,66.116,0.0,0.0,15125.0
2021-09-30,Anguilla,409.0,0.0,1.0,0.0,27041.322,66.116,0.0,0.0,15125.0
2021-10-01,Anguilla,425.0,16.0,1.0,0.0,28099.174,66.116,9548.0,9156.0,15125.0
2021-10-02,Anguilla,425.0,0.0,1.0,0.0,28099.174,66.116,0.0,0.0,15125.0
2021-10-03,Anguilla,425.0,0.0,1.0,0.0,28099.174,66.116,0.0,0.0,15125.0
2021-10-04,Anguilla,453.0,28.0,1.0,0.0,29950.413,66.116,0.0,0.0,15125.0
2021-10-05,Anguilla,453.0,0.0,1.0,0.0,29950.413,66.116,0.0,0.0,15125.0
2021-10-06,Anguilla,453.0,0.0,1.0,0.0,29950.413,66.116,0.0,0.0,15125.0
2021-10-07,Anguilla,499.0,46.0,1.0,0.0,32991.736,66.116,0.0,0.0,15125.0
2021-10-08,Anguilla,544.0,45.0,1.0,0.0,35966.942,66.116,0.0,0.0,15125.0
2021-10-09,Anguilla,544.0,0.0,1.0,0.0,35966.942,66.116,0.0,0.0,15125.0
2021-10-10,Anguilla,544.0,0.0,1.0,0.0,35966.942,66.116,0.0,0.0,15125.0
2021-10-11,Anguilla,594.0,50.0,1.0,0.0,39272.727,66.116,0.0,0.0,15125.0
2021-10-12,Anguilla,594.0,0.0,1.0,0.0,39272.727,66.116,0.0,0.0,15125.0
2021-10-13,Anguilla,644.0,50.0,1.0,0.0,42578.512,66.116,0.0,0.0,15125.0
2021-10-14,Anguilla,644.0,0.0,1.0,0.0,42578.512,66.116,0.0,0.0,15125.0
2021-10-15,Anguilla,668.0,24.0,1.0,0.0,44165.289,66.116,9548.0,0.0,15125.0
2021-10-16,Anguilla,668.0,0.0,1.0,0.0,44165.289,66.116,0.0,0.0,15125.0
2021-10-17,Anguilla,668.0,0.0,1.0,0.0,44165.289,66.116,0.0,0.0,15125.0
2021-10-18,Anguilla,698.0,30.0,1.0,0.0,46148.76,66.116,0.0,0.0,15125.0
2021-10-19,Anguilla,698.0,0.0,1.0,0.0,46148.76,66.116,0.0,0.0,15125.0
2021-10-20,Anguilla,743.0,45.0,1.0,0.0,49123.967,66.116,0.0,0.0,15125.0
2021-10-21,Anguilla,743.0,0.0,1.0,0.0,49123.967,66.116,0.0,0.0,15125.0
2021-10-22,Anguilla,793.0,50.0,1.0,0.0,52429.752,66.116,0.0,0.0,15125.0
2021-10-23,Anguilla,793.0,0.0,1.0,0.0,52429.752,66.116,0.0,0.0,15125.0
2021-10-24,Anguilla,793.0,0.0,1.0,0.0,52429.752,66.116,0.0,0.0,15125.0
2021-10-25,Anguilla,793.0,0.0,1.0,0.0,52429.752,66.116,0.0,0.0,15125.0
2021-10-26,Anguilla,859.0,66.0,1.0,0.0,56793.388,66.116,0.0,0.0,15125.0
2021-10-27,Anguilla,859.0,0.0,1.0,0.0,56793.388,66.116,0.0,0.0,15125.0
2021-10-28,Anguilla,892.0,33.0,1.0,0.0,58975.207,66.116,0.0,0.0,15125.0
2021-10-29,Anguilla,892.0,0.0,1.0,0.0,58975.207,66.116,0.0,0.0,15125.0
2021-10-30,Anguilla,944.0,52.0,1.0,0.0,62413.223,66.116,0.0,0.0,15125.0
2021-10-31,Anguilla,944.0,0.0,1.0,0.0,62413.223,66.116,0.0,0.0,15125.0
2021-11-01,Anguilla,944.0,0.0,1.0,0.0,62413.223,66.116,0.0,0.0,15125.0
2021-11-02,Anguilla,944.0,0.0,1.0,0.0,62413.223,66.116,0.0,0.0,15125.0
2021-11-03,Anguilla,984.0,40.0,1.0,0.0,65057.851,66.116,0.0,0.0,15125.0
2021-11-04,Anguilla,1019.0,35.0,1.0,0.0,67371.901,66.116,0.0,0.0,15125.0
2021-11-05,Anguilla,1019.0,0.0,1.0,0.0,67371.901,66.116,9548.0,0.0,15125.0
2021-11-06,Anguilla,1039.0,20.0,1.0,0.0,68694.215,66.116,0.0,0.0,15125.0
2021-11-07,Anguilla,1039.0,0.0,1.0,0.0,68694.215,66.116,0.0,0.0,15125.0
2021-11-08,Anguilla,1039.0,0.0,1.0,0.0,68694.215,66.116,0.0,0.0,15125.0
2021-11-09,Anguilla,1039.0,0.0,1.0,0.0,68694.215,66.116,0.0,0.0,15125.0
2021-11-10,Anguilla,1077.0,38.0,2.0,1.0,71206.612,132.231,0.0,0.0,15125.0
2021-11-11,Anguilla,1109.0,32.0,3.0,1.0,73322.314,198.347,0.0,0.0,15125.0
2021-11-12,Anguilla,1109.0,0.0,3.0,0.0,73322.314,198.347,9624.0,0.0,15125.0
2021-11-13,Anguilla,1137.0,28.0,4.0,1.0,75173.554,264.463,0.0,0.0,15125.0
2021-11-14,Anguilla,1137.0,0.0,4.0,0.0,75173.554,264.463,0.0,0.0,15125.0
2021-11-15,Anguilla,1137.0,0.0,4.0,0.0,75173.554,264.463,0.0,0.0,15125.0
2021-11-16,Anguilla,1175.0,38.0,4.0,0.0,77685.95,264.463,0.0,0.0,15125.0
2021-11-17,Anguilla,1175.0,0.0,4.0,0.0,77685.95,264.463,0.0,0.0,15125.0
2021-11-18,Anguilla,1175.0,0.0,3.0,0.0,77685.95,198.347,0.0,0.0,15125.0
2021-11-19,Anguilla,1268.0,93.0,3.0,0.0,83834.711,198.347,9906.0,0.0,15125.0
2021-11-20,Anguilla,1268.0,0.0,3.0,0.0,83834.711,198.347,0.0,0.0,15125.0
2021-11-21,Anguilla,1268.0,0.0,3.0,0.0,83834.711,198.347,0.0,0.0,15125.0
2021-11-22,Anguilla,1268.0,0.0,3.0,0.0,83834.711,198.347,0.0,0.0,15125.0
2021-11-23,Anguilla,1334.0,66.0,3.0,0.0,88198.347,198.347,0.0,0.0,15125.0
2021-11-24,Anguilla,1334.0,0.0,3.0,0.0,88198.347,198.347,0.0,0.0,15125.0
2021-11-25,Anguilla,1334.0,0.0,3.0,0.0,88198.347,198.347,0.0,0.0,15125.0
2021-11-26,Anguilla,1334.0,0.0,3.0,0.0,88198.347,198.347,0.0,0.0,15125.0
2021-11-27,Anguilla,1334.0,0.0,3.0,0.0,88198.347,198.347,0.0,0.0,15125.0
2021-11-28,Anguilla,1334.0,0.0,3.0,0.0,88198.347,198.347,0.0,0.0,15125.0
2021-11-29,Anguilla,1386.0,52.0,3.0,0.0,91636.364,198.347,9911.0,9156.0,15125.0
2021-11-30,Anguilla,1386.0,0.0,3.0,0.0,91636.364,198.347,0.0,0.0,15125.0
2021-12-01,Anguilla,1386.0,0.0,3.0,0.0,91636.364,198.347,10038.0,9213.0,15125.0
2021-12-02,Anguilla,1414.0,28.0,3.0,0.0,93487.603,198.347,0.0,0.0,15125.0
2021-12-03,Anguilla,1414.0,0.0,3.0,0.0,93487.603,198.347,0.0,0.0,15125.0
2021-12-04,Anguilla,1414.0,0.0,3.0,0.0,93487.603,198.347,0.0,0.0,15125.0
2021-12-05,Anguilla,1414.0,0.0,3.0,0.0,93487.603,198.347,0.0,0.0,15125.0
2021-12-06,Anguilla,1469.0,55.0,4.0,1.0,97123.967,264.463,0.0,0.0,15125.0
2021-12-07,Anguilla,1469.0,0.0,4.0,0.0,97123.967,264.463,0.0,0.0,15125.0
2021-12-08,Anguilla,1469.0,0.0,4.0,0.0,97123.967,264.463,10079.0,9223.0,15125.0
2021-12-09,Anguilla,1469.0,0.0,4.0,0.0,97123.967,264.463,0.0,0.0,15125.0
2021-12-10,Anguilla,1523.0,54.0,4.0,0.0,100694.215,264.463,0.0,0.0,15125.0
2021-12-11,Anguilla,1523.0,0.0,4.0,0.0,100694.215,264.463,0.0,0.0,15125.0
2021-12-12,Anguilla,1523.0,0.0,4.0,0.0,100694.215,264.463,0.0,0.0,15125.0
2021-12-13,Anguilla,1523.0,0.0,4.0,0.0,100694.215,264.463,0.0,0.0,15125.0
2021-12-14,Anguilla,1592.0,69.0,4.0,0.0,105256.198,264.463,0.0,0.0,15125.0
2021-12-15,Anguilla,1592.0,0.0,4.0,0.0,105256.198,264.463,0.0,0.0,15125.0
2021-12-16,Anguilla,1592.0,0.0,4.0,0.0,105256.198,264.463,0.0,0.0,15125.0
2021-12-17,Anguilla,1592.0,0.0,4.0,0.0,105256.198,264.463,0.0,0.0,15125.0
2021-12-18,Anguilla,1592.0,0.0,4.0,0.0,105256.198,264.463,0.0,0.0,15125.0
2021-12-19,Anguilla,1592.0,0.0,4.0,0.0,105256.198,264.463,0.0,0.0,15125.0
2021-12-20,Anguilla,1629.0,37.0,5.0,1.0,107702.479,330.579,0.0,0.0,15125.0
2021-12-21,Anguilla,1629.0,0.0,5.0,0.0,107702.479,330.579,0.0,0.0,15125.0
2021-12-22,Anguilla,1629.0,0.0,5.0,0.0,107702.479,330.579,0.0,0.0,15125.0
2021-12-23,Anguilla,1629.0,0.0,5.0,0.0,107702.479,330.579,0.0,0.0,15125.0
2021-12-24,Anguilla,1646.0,17.0,5.0,0.0,108826.446,330.579,0.0,0.0,15125.0
2021-12-25,Anguilla,1646.0,0.0,5.0,0.0,108826.446,330.579,0.0,0.0,15125.0
2021-12-26,Anguilla,1646.0,0.0,5.0,0.0,108826.446,330.579,0.0,0.0,15125.0
2021-12-27,Anguilla,1646.0,0.0,5.0,0.0,108826.446,330.579,0.0,0.0,15125.0
2021-12-28,Anguilla,1674.0,28.0,5.0,0.0,110677.686,330.579,0.0,0.0,15125.0
2021-12-29,Anguilla,1674.0,0.0,5.0,0.0,110677.686,330.579,0.0,0.0,15125.0
2021-12-30,Anguilla,1674.0,0.0,5.0,0.0,110677.686,330.579,0.0,0.0,15125.0
2021-12-31,Anguilla,1674.0,0.0,5.0,0.0,110677.686,330.579,0.0,0.0,15125.0
2022-01-01,Anguilla,1674.0,0.0,5.0,0.0,110677.686,330.579,0.0,0.0,15125.0
2022-01-02,Anguilla,1674.0,0.0,5.0,0.0,110677.686,330.579,0.0,0.0,15125.0
2022-01-03,Anguilla,1674.0,0.0,5.0,0.0,110677.686,330.579,0.0,0.0,15125.0
2022-01-04,Anguilla,1777.0,103.0,6.0,1.0,117487.603,396.694,0.0,0.0,15125.0
2022-01-05,Anguilla,1777.0,0.0,6.0,0.0,117487.603,396.694,0.0,0.0,15125.0
2022-01-06,Anguilla,1777.0,0.0,6.0,0.0,117487.603,396.694,0.0,0.0,15125.0
2022-01-07,Anguilla,1777.0,0.0,6.0,0.0,117487.603,396.694,0.0,0.0,15125.0
2022-01-08,Anguilla,1777.0,0.0,6.0,0.0,117487.603,396.694,0.0,0.0,15125.0
2022-01-09,Anguilla,1777.0,0.0,6.0,0.0,117487.603,396.694,0.0,0.0,15125.0
2022-01-10,Anguilla,1942.0,165.0,6.0,0.0,128396.694,396.694,0.0,0.0,15125.0
2022-01-11,Anguilla,1942.0,0.0,6.0,0.0,128396.694,396.694,0.0,0.0,15125.0
2022-01-12,Anguilla,1942.0,0.0,6.0,0.0,128396.694,396.694,0.0,0.0,15125.0
2022-01-13,Anguilla,1942.0,0.0,6.0,0.0,128396.694,396.694,0.0,0.0,15125.0
2022-01-14,Anguilla,2040.0,98.0,6.0,0.0,134876.033,396.694,10157.0,9282.0,15125.0
2022-01-15,Anguilla,2040.0,0.0,6.0,0.0,134876.033,396.694,0.0,0.0,15125.0
2022-01-16,Anguilla,2109.0,69.0,7.0,1.0,139438.017,462.81,0.0,0.0,15125.0
2022-01-17,Anguilla,2109.0,0.0,7.0,0.0,139438.017,462.81,0.0,0.0,15125.0
2022-01-18,Anguilla,2109.0,0.0,7.0,0.0,139438.017,462.81,0.0,0.0,15125.0
2022-01-19,Anguilla,2187.0,78.0,7.0,0.0,144595.041,462.81,0.0,0.0,15125.0
2022-01-20,Anguilla,2187.0,0.0,7.0,0.0,144595.041,462.81,0.0,0.0,15125.0
2022-01-21,Anguilla,2187.0,0.0,7.0,0.0,144595.041,462.81,10182.0,9318.0,15125.0
2022-01-22,Anguilla,2187.0,0.0,7.0,0.0,144595.041,462.81,0.0,0.0,15125.0
2022-01-23,Anguilla,2187.0,0.0,7.0,0.0,144595.041,462.81,0.0,0.0,15125.0
2022-01-24,Anguilla,2187.0,0.0,7.0,0.0,144595.041,462.81,0.0,0.0,15125.0
2022-01-25,Anguilla,2270.0,83.0,7.0,0.0,150082.645,462.81,0.0,0.0,15125.0
2022-01-26,Anguilla,2270.0,0.0,7.0,0.0,150082.645,462.81,0.0,0.0,15125.0
2022-01-27,Anguilla,2270.0,0.0,7.0,0.0,150082.645,462.81,0.0,0.0,15125.0
2022-01-28,Anguilla,2324.0,54.0,8.0,1.0,153652.893,528.926,10193.0,9336.0,15125.0
2022-01-29,Anguilla,2324.0,0.0,8.0,0.0,153652.893,528.926,0.0,0.0,15125.0
2022-01-30,Anguilla,2324.0,0.0,8.0,0.0,153652.893,528.926,0.0,0.0,15125.0
2022-01-31,Anguilla,2324.0,0.0,8.0,0.0,153652.893,528.926,0.0,0.0,15125.0
2022-02-01,Anguilla,2361.0,37.0,8.0,0.0,156099.174,528.926,0.0,0.0,15125.0
2022-02-02,Anguilla,2361.0,0.0,8.0,0.0,156099.174,528.926,10211.0,9351.0,15125.0
2022-02-03,Anguilla,2384.0,23.0,8.0,0.0,157619.835,528.926,0.0,0.0,15125.0
2022-02-04,Anguilla,2384.0,0.0,8.0,0.0,157619.835,528.926,0.0,0.0,15125.0
2022-02-05,Anguilla,2384.0,0.0,8.0,0.0,157619.835,528.926,0.0,0.0,15125.0
2022-02-06,Anguilla,2384.0,0.0,8.0,0.0,157619.835,528.926,0.0,0.0,15125.0
2022-02-07,Anguilla,2436.0,52.0,9.0,1.0,161057.851,595.041,0.0,0.0,15125.0
2022-02-08,Anguilla,2436.0,0.0,9.0,0.0,161057.851,595.041,0.0,0.0,15125.0
2022-02-09,Anguilla,2458.0,22.0,9.0,0.0,162512.397,595.041,10218.0,9418.0,15125.0
2022-02-10,Anguilla,2458.0,0.0,9.0,0.0,162512.397,595.041,0.0,0.0,15125.0
2022-02-11,Anguilla,2458.0,0.0,9.0,0.0,162512.397,595.041,10218.0,9418.0,15125.0
2022-02-12,Anguilla,2458.0,0.0,9.0,0.0,162512.397,595.041,0.0,0.0,15125.0
2022-02-13,Anguilla,2458.0,0.0,9.0,0.0,162512.397,595.041,0.0,0.0,15125.0
2022-02-14,Anguilla,2497.0,39.0,9.0,0.0,165090.909,595.041,0.0,0.0,15125.0
2022-02-15,Anguilla,2497.0,0.0,9.0,0.0,165090.909,595.041,0.0,0.0,15125.0
2022-02-16,Anguilla,2506.0,9.0,9.0,0.0,165685.95,595.041,10230.0,9500.0,15125.0
2022-02-17,Anguilla,2506.0,0.0,9.0,0.0,165685.95,595.041,0.0,0.0,15125.0
2022-02-18,Anguilla,2506.0,0.0,9.0,0.0,165685.95,595.041,10230.0,9500.0,15125.0
2022-02-19,Anguilla,2506.0,0.0,9.0,0.0,165685.95,595.041,0.0,0.0,15125.0
2022-02-20,Anguilla,2506.0,0.0,9.0,0.0,165685.95,595.041,0.0,0.0,15125.0
2022-02-21,Anguilla,2506.0,0.0,9.0,0.0,165685.95,595.041,0.0,0.0,15125.0
2022-02-22,Anguilla,2506.0,0.0,9.0,0.0,165685.95,595.041,0.0,0.0,15125.0
2022-02-23,Anguilla,2528.0,22.0,9.0,0.0,167140.496,595.041,0.0,0.0,15125.0
2022-02-24,Anguilla,2528.0,0.0,9.0,0.0,167140.496,595.041,0.0,0.0,15125.0
2022-02-25,Anguilla,2528.0,0.0,9.0,0.0,167140.496,595.041,10370.0,9531.0,15125.0
2022-02-26,Anguilla,2528.0,0.0,9.0,0.0,167140.496,595.041,0.0,0.0,15125.0
2022-02-27,Anguilla,2528.0,0.0,9.0,0.0,167140.496,595.041,0.0,0.0,15125.0
2022-02-28,Anguilla,2555.0,27.0,9.0,0.0,168925.62,595.041,0.0,0.0,15125.0
2022-03-01,Anguilla,2555.0,0.0,9.0,0.0,168925.62,595.041,0.0,0.0,15125.0
2022-03-02,Anguilla,2555.0,0.0,9.0,0.0,168925.62,595.041,10439.0,9549.0,15125.0
2022-03-03,Anguilla,2555.0,0.0,9.0,0.0,168925.62,595.041,0.0,0.0,15125.0
2022-03-04,Anguilla,2555.0,0.0,9.0,0.0,168925.62,595.041,0.0,0.0,15125.0
2022-03-05,Anguilla,2555.0,0.0,9.0,0.0,168925.62,595.041,0.0,0.0,15125.0
2020-03-13,Antigua and Barbuda,1.0,1.0,0.0,0.0,10.129,0.0,0.0,0.0,98728.0
2020-03-14,Antigua and Barbuda,1.0,0.0,0.0,0.0,10.129,0.0,0.0,0.0,98728.0
2020-03-15,Antigua and Barbuda,1.0,0.0,0.0,0.0,10.129,0.0,0.0,0.0,98728.0
2020-03-16,Antigua and Barbuda,1.0,0.0,0.0,0.0,10.129,0.0,0.0,0.0,98728.0
2020-03-17,Antigua and Barbuda,1.0,0.0,0.0,0.0,10.129,0.0,0.0,0.0,98728.0
2020-03-18,Antigua and Barbuda,1.0,0.0,0.0,0.0,10.129,0.0,0.0,0.0,98728.0
2020-03-19,Antigua and Barbuda,1.0,0.0,0.0,0.0,10.129,0.0,0.0,0.0,98728.0
2020-03-20,Antigua and Barbuda,1.0,0.0,0.0,0.0,10.129,0.0,0.0,0.0,98728.0
2020-03-21,Antigua and Barbuda,1.0,0.0,0.0,0.0,10.129,0.0,0.0,0.0,98728.0
2020-03-22,Antigua and Barbuda,1.0,0.0,0.0,0.0,10.129,0.0,0.0,0.0,98728.0
2020-03-23,Antigua and Barbuda,3.0,2.0,0.0,0.0,30.387,0.0,0.0,0.0,98728.0
2020-03-24,Antigua and Barbuda,3.0,0.0,0.0,0.0,30.387,0.0,0.0,0.0,98728.0
2020-03-25,Antigua and Barbuda,3.0,0.0,0.0,0.0,30.387,0.0,0.0,0.0,98728.0
2020-03-26,Antigua and Barbuda,7.0,4.0,0.0,0.0,70.902,0.0,0.0,0.0,98728.0
2020-03-27,Antigua and Barbuda,7.0,0.0,0.0,0.0,70.902,0.0,0.0,0.0,98728.0
2020-03-28,Antigua and Barbuda,7.0,0.0,0.0,0.0,70.902,0.0,0.0,0.0,98728.0
2020-03-29,Antigua and Barbuda,7.0,0.0,0.0,0.0,70.902,0.0,0.0,0.0,98728.0
2020-03-30,Antigua and Barbuda,7.0,0.0,0.0,0.0,70.902,0.0,0.0,0.0,98728.0
2020-03-31,Antigua and Barbuda,7.0,0.0,0.0,0.0,70.902,0.0,0.0,0.0,98728.0
2020-04-01,Antigua and Barbuda,7.0,0.0,0.0,0.0,70.902,0.0,0.0,0.0,98728.0
2020-04-02,Antigua and Barbuda,9.0,2.0,0.0,0.0,91.16,0.0,0.0,0.0,98728.0
2020-04-03,Antigua and Barbuda,15.0,6.0,0.0,0.0,151.933,0.0,0.0,0.0,98728.0
2020-04-04,Antigua and Barbuda,15.0,0.0,0.0,0.0,151.933,0.0,0.0,0.0,98728.0
2020-04-05,Antigua and Barbuda,15.0,0.0,0.0,0.0,151.933,0.0,0.0,0.0,98728.0
2020-04-06,Antigua and Barbuda,15.0,0.0,0.0,0.0,151.933,0.0,0.0,0.0,98728.0
2020-04-07,Antigua and Barbuda,19.0,4.0,1.0,1.0,192.448,10.129,0.0,0.0,98728.0
2020-04-08,Antigua and Barbuda,19.0,0.0,2.0,1.0,192.448,20.258,0.0,0.0,98728.0
2020-04-09,Antigua and Barbuda,19.0,0.0,2.0,0.0,192.448,20.258,0.0,0.0,98728.0
2020-04-10,Antigua and Barbuda,19.0,0.0,2.0,0.0,192.448,20.258,0.0,0.0,98728.0
2020-04-11,Antigua and Barbuda,21.0,2.0,2.0,0.0,212.706,20.258,0.0,0.0,98728.0
2020-04-12,Antigua and Barbuda,21.0,0.0,2.0,0.0,212.706,20.258,0.0,0.0,98728.0
2020-04-13,Antigua and Barbuda,23.0,2.0,2.0,0.0,232.963,20.258,0.0,0.0,98728.0
2020-04-14,Antigua and Barbuda,23.0,0.0,2.0,0.0,232.963,20.258,0.0,0.0,98728.0
2020-04-15,Antigua and Barbuda,23.0,0.0,2.0,0.0,232.963,20.258,0.0,0.0,98728.0
2020-04-16,Antigua and Barbuda,23.0,0.0,3.0,1.0,232.963,30.387,0.0,0.0,98728.0
2020-04-17,Antigua and Barbuda,23.0,0.0,3.0,0.0,232.963,30.387,0.0,0.0,98728.0
2020-04-18,Antigua and Barbuda,23.0,0.0,3.0,0.0,232.963,30.387,0.0,0.0,98728.0
2020-04-19,Antigua and Barbuda,23.0,0.0,3.0,0.0,232.963,30.387,0.0,0.0,98728.0
2020-04-20,Antigua and Barbuda,23.0,0.0,3.0,0.0,232.963,30.387,0.0,0.0,98728.0
2020-04-21,Antigua and Barbuda,23.0,0.0,3.0,0.0,232.963,30.387,0.0,0.0,98728.0
2020-04-22,Antigua and Barbuda,24.0,1.0,3.0,0.0,243.092,30.387,0.0,0.0,98728.0
2020-04-23,Antigua and Barbuda,24.0,0.0,3.0,0.0,243.092,30.387,0.0,0.0,98728.0
2020-04-24,Antigua and Barbuda,24.0,0.0,3.0,0.0,243.092,30.387,0.0,0.0,98728.0
2020-04-25,Antigua and Barbuda,24.0,0.0,3.0,0.0,243.092,30.387,0.0,0.0,98728.0
2020-04-26,Antigua and Barbuda,24.0,0.0,3.0,0.0,243.092,30.387,0.0,0.0,98728.0
2020-04-27,Antigua and Barbuda,24.0,0.0,3.0,0.0,243.092,30.387,0.0,0.0,98728.0
2020-04-28,Antigua and Barbuda,24.0,0.0,3.0,0.0,243.092,30.387,0.0,0.0,98728.0
2020-04-29,Antigua and Barbuda,24.0,0.0,3.0,0.0,243.092,30.387,0.0,0.0,98728.0
2020-04-30,Antigua and Barbuda,24.0,0.0,3.0,0.0,243.092,30.387,0.0,0.0,98728.0
2020-05-01,Antigua and Barbuda,25.0,1.0,3.0,0.0,253.221,30.387,0.0,0.0,98728.0
2020-05-02,Antigua and Barbuda,25.0,0.0,3.0,0.0,253.221,30.387,0.0,0.0,98728.0
2020-05-03,Antigua and Barbuda,25.0,0.0,3.0,0.0,253.221,30.387,0.0,0.0,98728.0
2020-05-04,Antigua and Barbuda,25.0,0.0,3.0,0.0,253.221,30.387,0.0,0.0,98728.0
2020-05-05,Antigua and Barbuda,25.0,0.0,3.0,0.0,253.221,30.387,0.0,0.0,98728.0
2020-05-06,Antigua and Barbuda,25.0,0.0,3.0,0.0,253.221,30.387,0.0,0.0,98728.0
2020-05-07,Antigua and Barbuda,25.0,0.0,3.0,0.0,253.221,30.387,0.0,0.0,98728.0
2020-05-08,Antigua and Barbuda,25.0,0.0,3.0,0.0,253.221,30.387,0.0,0.0,98728.0
2020-05-09,Antigua and Barbuda,25.0,0.0,3.0,0.0,253.221,30.387,0.0,0.0,98728.0
2020-05-10,Antigua and Barbuda,25.0,0.0,3.0,0.0,253.221,30.387,0.0,0.0,98728.0
2020-05-11,Antigua and Barbuda,25.0,0.0,3.0,0.0,253.221,30.387,0.0,0.0,98728.0
2020-05-12,Antigua and Barbuda,25.0,0.0,3.0,0.0,253.221,30.387,0.0,0.0,98728.0
2020-05-13,Antigua and Barbuda,25.0,0.0,3.0,0.0,253.221,30.387,0.0,0.0,98728.0
2020-05-14,Antigua and Barbuda,25.0,0.0,3.0,0.0,253.221,30.387,0.0,0.0,98728.0
2020-05-15,Antigua and Barbuda,25.0,0.0,3.0,0.0,253.221,30.387,0.0,0.0,98728.0
2020-05-16,Antigua and Barbuda,25.0,0.0,3.0,0.0,253.221,30.387,0.0,0.0,98728.0
2020-05-17,Antigua and Barbuda,25.0,0.0,3.0,0.0,253.221,30.387,0.0,0.0,98728.0
2020-05-18,Antigua and Barbuda,25.0,0.0,3.0,0.0,253.221,30.387,0.0,0.0,98728.0
2020-05-19,Antigua and Barbuda,25.0,0.0,3.0,0.0,253.221,30.387,0.0,0.0,98728.0
2020-05-20,Antigua and Barbuda,25.0,0.0,3.0,0.0,253.221,30.387,0.0,0.0,98728.0
2020-05-21,Antigua and Barbuda,25.0,0.0,3.0,0.0,253.221,30.387,0.0,0.0,98728.0
2020-05-22,Antigua and Barbuda,25.0,0.0,3.0,0.0,253.221,30.387,0.0,0.0,98728.0
2020-05-23,Antigua and Barbuda,25.0,0.0,3.0,0.0,253.221,30.387,0.0,0.0,98728.0
2020-05-24,Antigua and Barbuda,25.0,0.0,3.0,0.0,253.221,30.387,0.0,0.0,98728.0
2020-05-25,Antigua and Barbuda,25.0,0.0,3.0,0.0,253.221,30.387,0.0,0.0,98728.0
2020-05-26,Antigua and Barbuda,25.0,0.0,3.0,0.0,253.221,30.387,0.0,0.0,98728.0
2020-05-27,Antigua and Barbuda,25.0,0.0,3.0,0.0,253.221,30.387,0.0,0.0,98728.0
2020-05-28,Antigua and Barbuda,25.0,0.0,3.0,0.0,253.221,30.387,0.0,0.0,98728.0
2020-05-29,Antigua and Barbuda,25.0,0.0,3.0,0.0,253.221,30.387,0.0,0.0,98728.0
2020-05-30,Antigua and Barbuda,25.0,0.0,3.0,0.0,253.221,30.387,0.0,0.0,98728.0
2020-05-31,Antigua and Barbuda,26.0,1.0,3.0,0.0,263.35,30.387,0.0,0.0,98728.0
2020-06-01,Antigua and Barbuda,26.0,0.0,3.0,0.0,263.35,30.387,0.0,0.0,98728.0
2020-06-02,Antigua and Barbuda,26.0,0.0,3.0,0.0,263.35,30.387,0.0,0.0,98728.0
2020-06-03,Antigua and Barbuda,26.0,0.0,3.0,0.0,263.35,30.387,0.0,0.0,98728.0
2020-06-04,Antigua and Barbuda,26.0,0.0,3.0,0.0,263.35,30.387,0.0,0.0,98728.0
2020-06-05,Antigua and Barbuda,26.0,0.0,3.0,0.0,263.35,30.387,0.0,0.0,98728.0
2020-06-06,Antigua and Barbuda,26.0,0.0,3.0,0.0,263.35,30.387,0.0,0.0,98728.0
2020-06-07,Antigua and Barbuda,26.0,0.0,3.0,0.0,263.35,30.387,0.0,0.0,98728.0
2020-06-08,Antigua and Barbuda,26.0,0.0,3.0,0.0,263.35,30.387,0.0,0.0,98728.0
2020-06-09,Antigua and Barbuda,26.0,0.0,3.0,0.0,263.35,30.387,0.0,0.0,98728.0
2020-06-10,Antigua and Barbuda,26.0,0.0,3.0,0.0,263.35,30.387,0.0,0.0,98728.0
2020-06-11,Antigua and Barbuda,26.0,0.0,3.0,0.0,263.35,30.387,0.0,0.0,98728.0
2020-06-12,Antigua and Barbuda,26.0,0.0,3.0,0.0,263.35,30.387,0.0,0.0,98728.0
2020-06-13,Antigua and Barbuda,26.0,0.0,3.0,0.0,263.35,30.387,0.0,0.0,98728.0
2020-06-14,Antigua and Barbuda,26.0,0.0,3.0,0.0,263.35,30.387,0.0,0.0,98728.0
2020-06-15,Antigua and Barbuda,26.0,0.0,3.0,0.0,263.35,30.387,0.0,0.0,98728.0
2020-06-16,Antigua and Barbuda,26.0,0.0,3.0,0.0,263.35,30.387,0.0,0.0,98728.0
2020-06-17,Antigua and Barbuda,26.0,0.0,3.0,0.0,263.35,30.387,0.0,0.0,98728.0
2020-06-18,Antigua and Barbuda,26.0,0.0,3.0,0.0,263.35,30.387,0.0,0.0,98728.0
2020-06-19,Antigua and Barbuda,26.0,0.0,3.0,0.0,263.35,30.387,0.0,0.0,98728.0
2020-06-20,Antigua and Barbuda,26.0,0.0,3.0,0.0,263.35,30.387,0.0,0.0,98728.0
2020-06-21,Antigua and Barbuda,26.0,0.0,3.0,0.0,263.35,30.387,0.0,0.0,98728.0
2020-06-22,Antigua and Barbuda,26.0,0.0,3.0,0.0,263.35,30.387,0.0,0.0,98728.0
2020-06-23,Antigua and Barbuda,26.0,0.0,3.0,0.0,263.35,30.387,0.0,0.0,98728.0
2020-06-24,Antigua and Barbuda,26.0,0.0,3.0,0.0,263.35,30.387,0.0,0.0,98728.0
2020-06-25,Antigua and Barbuda,65.0,39.0,3.0,0.0,658.375,30.387,0.0,0.0,98728.0
2020-06-26,Antigua and Barbuda,65.0,0.0,3.0,0.0,658.375,30.387,0.0,0.0,98728.0
2020-06-27,Antigua and Barbuda,65.0,0.0,3.0,0.0,658.375,30.387,0.0,0.0,98728.0
2020-06-28,Antigua and Barbuda,69.0,4.0,3.0,0.0,698.89,30.387,0.0,0.0,98728.0
2020-06-29,Antigua and Barbuda,69.0,0.0,3.0,0.0,698.89,30.387,0.0,0.0,98728.0
2020-06-30,Antigua and Barbuda,69.0,0.0,3.0,0.0,698.89,30.387,0.0,0.0,98728.0
2020-07-01,Antigua and Barbuda,69.0,0.0,3.0,0.0,698.89,30.387,0.0,0.0,98728.0
2020-07-02,Antigua and Barbuda,69.0,0.0,3.0,0.0,698.89,30.387,0.0,0.0,98728.0
2020-07-03,Antigua and Barbuda,68.0,0.0,3.0,0.0,688.761,30.387,0.0,0.0,98728.0
2020-07-04,Antigua and Barbuda,68.0,0.0,3.0,0.0,688.761,30.387,0.0,0.0,98728.0
2020-07-05,Antigua and Barbuda,68.0,0.0,3.0,0.0,688.761,30.387,0.0,0.0,98728.0
2020-07-06,Antigua and Barbuda,70.0,2.0,3.0,0.0,709.019,30.387,0.0,0.0,98728.0
2020-07-07,Antigua and Barbuda,70.0,0.0,3.0,0.0,709.019,30.387,0.0,0.0,98728.0
2020-07-08,Antigua and Barbuda,70.0,0.0,3.0,0.0,709.019,30.387,0.0,0.0,98728.0
2020-07-09,Antigua and Barbuda,73.0,3.0,3.0,0.0,739.405,30.387,0.0,0.0,98728.0
2020-07-10,Antigua and Barbuda,74.0,1.0,3.0,0.0,749.534,30.387,0.0,0.0,98728.0
2020-07-11,Antigua and Barbuda,74.0,0.0,3.0,0.0,749.534,30.387,0.0,0.0,98728.0
2020-07-12,Antigua and Barbuda,74.0,0.0,3.0,0.0,749.534,30.387,0.0,0.0,98728.0
2020-07-13,Antigua and Barbuda,74.0,0.0,3.0,0.0,749.534,30.387,0.0,0.0,98728.0
2020-07-14,Antigua and Barbuda,74.0,0.0,3.0,0.0,749.534,30.387,0.0,0.0,98728.0
2020-07-15,Antigua and Barbuda,74.0,0.0,3.0,0.0,749.534,30.387,0.0,0.0,98728.0
2020-07-16,Antigua and Barbuda,74.0,0.0,3.0,0.0,749.534,30.387,0.0,0.0,98728.0
2020-07-17,Antigua and Barbuda,76.0,2.0,3.0,0.0,769.792,30.387,0.0,0.0,98728.0
2020-07-18,Antigua and Barbuda,76.0,0.0,3.0,0.0,769.792,30.387,0.0,0.0,98728.0
2020-07-19,Antigua and Barbuda,76.0,0.0,3.0,0.0,769.792,30.387,0.0,0.0,98728.0
2020-07-20,Antigua and Barbuda,76.0,0.0,3.0,0.0,769.792,30.387,0.0,0.0,98728.0
2020-07-21,Antigua and Barbuda,76.0,0.0,3.0,0.0,769.792,30.387,0.0,0.0,98728.0
2020-07-22,Antigua and Barbuda,76.0,0.0,3.0,0.0,769.792,30.387,0.0,0.0,98728.0
2020-07-23,Antigua and Barbuda,76.0,0.0,3.0,0.0,769.792,30.387,0.0,0.0,98728.0
2020-07-24,Antigua and Barbuda,82.0,6.0,3.0,0.0,830.565,30.387,0.0,0.0,98728.0
2020-07-25,Antigua and Barbuda,82.0,0.0,3.0,0.0,830.565,30.387,0.0,0.0,98728.0
2020-07-26,Antigua and Barbuda,82.0,0.0,3.0,0.0,830.565,30.387,0.0,0.0,98728.0
2020-07-27,Antigua and Barbuda,86.0,4.0,3.0,0.0,871.08,30.387,0.0,0.0,98728.0
2020-07-28,Antigua and Barbuda,86.0,0.0,3.0,0.0,871.08,30.387,0.0,0.0,98728.0
2020-07-29,Antigua and Barbuda,91.0,5.0,3.0,0.0,921.724,30.387,0.0,0.0,98728.0
2020-07-30,Antigua and Barbuda,91.0,0.0,3.0,0.0,921.724,30.387,0.0,0.0,98728.0
2020-07-31,Antigua and Barbuda,91.0,0.0,3.0,0.0,921.724,30.387,0.0,0.0,98728.0
2020-08-01,Antigua and Barbuda,91.0,0.0,3.0,0.0,921.724,30.387,0.0,0.0,98728.0
2020-08-02,Antigua and Barbuda,91.0,0.0,3.0,0.0,921.724,30.387,0.0,0.0,98728.0
2020-08-03,Antigua and Barbuda,92.0,1.0,3.0,0.0,931.853,30.387,0.0,0.0,98728.0
2020-08-04,Antigua and Barbuda,92.0,0.0,3.0,0.0,931.853,30.387,0.0,0.0,98728.0
2020-08-05,Antigua and Barbuda,92.0,0.0,3.0,0.0,931.853,30.387,0.0,0.0,98728.0
2020-08-06,Antigua and Barbuda,92.0,0.0,3.0,0.0,931.853,30.387,0.0,0.0,98728.0
2020-08-07,Antigua and Barbuda,92.0,0.0,3.0,0.0,931.853,30.387,0.0,0.0,98728.0
2020-08-08,Antigua and Barbuda,92.0,0.0,3.0,0.0,931.853,30.387,0.0,0.0,98728.0
2020-08-09,Antigua and Barbuda,92.0,0.0,3.0,0.0,931.853,30.387,0.0,0.0,98728.0
2020-08-10,Antigua and Barbuda,92.0,0.0,3.0,0.0,931.853,30.387,0.0,0.0,98728.0
2020-08-11,Antigua and Barbuda,92.0,0.0,3.0,0.0,931.853,30.387,0.0,0.0,98728.0
2020-08-12,Antigua and Barbuda,92.0,0.0,3.0,0.0,931.853,30.387,0.0,0.0,98728.0
2020-08-13,Antigua and Barbuda,92.0,0.0,3.0,0.0,931.853,30.387,0.0,0.0,98728.0
2020-08-14,Antigua and Barbuda,93.0,1.0,3.0,0.0,941.982,30.387,0.0,0.0,98728.0
2020-08-15,Antigua and Barbuda,93.0,0.0,3.0,0.0,941.982,30.387,0.0,0.0,98728.0
2020-08-16,Antigua and Barbuda,93.0,0.0,3.0,0.0,941.982,30.387,0.0,0.0,98728.0
2020-08-17,Antigua and Barbuda,93.0,0.0,3.0,0.0,941.982,30.387,0.0,0.0,98728.0
2020-08-18,Antigua and Barbuda,93.0,0.0,3.0,0.0,941.982,30.387,0.0,0.0,98728.0
2020-08-19,Antigua and Barbuda,94.0,1.0,3.0,0.0,952.111,30.387,0.0,0.0,98728.0
2020-08-20,Antigua and Barbuda,94.0,0.0,3.0,0.0,952.111,30.387,0.0,0.0,98728.0
2020-08-21,Antigua and Barbuda,94.0,0.0,3.0,0.0,952.111,30.387,0.0,0.0,98728.0
2020-08-22,Antigua and Barbuda,94.0,0.0,3.0,0.0,952.111,30.387,0.0,0.0,98728.0
2020-08-23,Antigua and Barbuda,94.0,0.0,3.0,0.0,952.111,30.387,0.0,0.0,98728.0
2020-08-24,Antigua and Barbuda,94.0,0.0,3.0,0.0,952.111,30.387,0.0,0.0,98728.0
2020-08-25,Antigua and Barbuda,94.0,0.0,3.0,0.0,952.111,30.387,0.0,0.0,98728.0
2020-08-26,Antigua and Barbuda,94.0,0.0,3.0,0.0,952.111,30.387,0.0,0.0,98728.0
2020-08-27,Antigua and Barbuda,94.0,0.0,3.0,0.0,952.111,30.387,0.0,0.0,98728.0
2020-08-28,Antigua and Barbuda,94.0,0.0,3.0,0.0,952.111,30.387,0.0,0.0,98728.0
2020-08-29,Antigua and Barbuda,94.0,0.0,3.0,0.0,952.111,30.387,0.0,0.0,98728.0
2020-08-30,Antigua and Barbuda,94.0,0.0,3.0,0.0,952.111,30.387,0.0,0.0,98728.0
2020-08-31,Antigua and Barbuda,94.0,0.0,3.0,0.0,952.111,30.387,0.0,0.0,98728.0
2020-09-01,Antigua and Barbuda,94.0,0.0,3.0,0.0,952.111,30.387,0.0,0.0,98728.0
2020-09-02,Antigua and Barbuda,94.0,0.0,3.0,0.0,952.111,30.387,0.0,0.0,98728.0
2020-09-03,Antigua and Barbuda,95.0,1.0,3.0,0.0,962.24,30.387,0.0,0.0,98728.0
2020-09-04,Antigua and Barbuda,95.0,0.0,3.0,0.0,962.24,30.387,0.0,0.0,98728.0
2020-09-05,Antigua and Barbuda,95.0,0.0,3.0,0.0,962.24,30.387,0.0,0.0,98728.0
2020-09-06,Antigua and Barbuda,95.0,0.0,3.0,0.0,962.24,30.387,0.0,0.0,98728.0
2020-09-07,Antigua and Barbuda,95.0,0.0,3.0,0.0,962.24,30.387,0.0,0.0,98728.0
2020-09-08,Antigua and Barbuda,95.0,0.0,3.0,0.0,962.24,30.387,0.0,0.0,98728.0
2020-09-09,Antigua and Barbuda,95.0,0.0,3.0,0.0,962.24,30.387,0.0,0.0,98728.0
2020-09-10,Antigua and Barbuda,95.0,0.0,3.0,0.0,962.24,30.387,0.0,0.0,98728.0
2020-09-11,Antigua and Barbuda,95.0,0.0,3.0,0.0,962.24,30.387,0.0,0.0,98728.0
2020-09-12,Antigua and Barbuda,95.0,0.0,3.0,0.0,962.24,30.387,0.0,0.0,98728.0
2020-09-13,Antigua and Barbuda,95.0,0.0,3.0,0.0,962.24,30.387,0.0,0.0,98728.0
2020-09-14,Antigua and Barbuda,95.0,0.0,3.0,0.0,962.24,30.387,0.0,0.0,98728.0
2020-09-15,Antigua and Barbuda,95.0,0.0,3.0,0.0,962.24,30.387,0.0,0.0,98728.0
2020-09-16,Antigua and Barbuda,95.0,0.0,3.0,0.0,962.24,30.387,0.0,0.0,98728.0
2020-09-17,Antigua and Barbuda,95.0,0.0,3.0,0.0,962.24,30.387,0.0,0.0,98728.0
2020-09-18,Antigua and Barbuda,95.0,0.0,3.0,0.0,962.24,30.387,0.0,0.0,98728.0
2020-09-19,Antigua and Barbuda,96.0,1.0,3.0,0.0,972.369,30.387,0.0,0.0,98728.0
2020-09-20,Antigua and Barbuda,96.0,0.0,3.0,0.0,972.369,30.387,0.0,0.0,98728.0
2020-09-21,Antigua and Barbuda,96.0,0.0,3.0,0.0,972.369,30.387,0.0,0.0,98728.0
2020-09-22,Antigua and Barbuda,96.0,0.0,3.0,0.0,972.369,30.387,0.0,0.0,98728.0
2020-09-23,Antigua and Barbuda,97.0,1.0,3.0,0.0,982.497,30.387,0.0,0.0,98728.0
2020-09-24,Antigua and Barbuda,97.0,0.0,3.0,0.0,982.497,30.387,0.0,0.0,98728.0
2020-09-25,Antigua and Barbuda,98.0,1.0,3.0,0.0,992.626,30.387,0.0,0.0,98728.0
2020-09-26,Antigua and Barbuda,98.0,0.0,3.0,0.0,992.626,30.387,0.0,0.0,98728.0
2020-09-27,Antigua and Barbuda,101.0,3.0,3.0,0.0,1023.013,30.387,0.0,0.0,98728.0
2020-09-28,Antigua and Barbuda,101.0,0.0,3.0,0.0,1023.013,30.387,0.0,0.0,98728.0
2020-09-29,Antigua and Barbuda,101.0,0.0,3.0,0.0,1023.013,30.387,0.0,0.0,98728.0
2020-09-30,Antigua and Barbuda,101.0,0.0,3.0,0.0,1023.013,30.387,0.0,0.0,98728.0
2020-10-01,Antigua and Barbuda,101.0,0.0,3.0,0.0,1023.013,30.387,0.0,0.0,98728.0
2020-10-02,Antigua and Barbuda,106.0,5.0,3.0,0.0,1073.657,30.387,0.0,0.0,98728.0
2020-10-03,Antigua and Barbuda,107.0,1.0,3.0,0.0,1083.786,30.387,0.0,0.0,98728.0
2020-10-04,Antigua and Barbuda,107.0,0.0,3.0,0.0,1083.786,30.387,0.0,0.0,98728.0
2020-10-05,Antigua and Barbuda,107.0,0.0,3.0,0.0,1083.786,30.387,0.0,0.0,98728.0
2020-10-06,Antigua and Barbuda,107.0,0.0,3.0,0.0,1083.786,30.387,0.0,0.0,98728.0
2020-10-07,Antigua and Barbuda,108.0,1.0,3.0,0.0,1093.915,30.387,0.0,0.0,98728.0
2020-10-08,Antigua and Barbuda,111.0,3.0,3.0,0.0,1124.301,30.387,0.0,0.0,98728.0
2020-10-09,Antigua and Barbuda,111.0,0.0,3.0,0.0,1124.301,30.387,0.0,0.0,98728.0
2020-10-10,Antigua and Barbuda,111.0,0.0,3.0,0.0,1124.301,30.387,0.0,0.0,98728.0
2020-10-11,Antigua and Barbuda,111.0,0.0,3.0,0.0,1124.301,30.387,0.0,0.0,98728.0
2020-10-12,Antigua and Barbuda,111.0,0.0,3.0,0.0,1124.301,30.387,0.0,0.0,98728.0
2020-10-13,Antigua and Barbuda,111.0,0.0,3.0,0.0,1124.301,30.387,0.0,0.0,98728.0
2020-10-14,Antigua and Barbuda,112.0,1.0,3.0,0.0,1134.43,30.387,0.0,0.0,98728.0
2020-10-15,Antigua and Barbuda,112.0,0.0,3.0,0.0,1134.43,30.387,0.0,0.0,98728.0
2020-10-16,Antigua and Barbuda,112.0,0.0,3.0,0.0,1134.43,30.387,0.0,0.0,98728.0
2020-10-17,Antigua and Barbuda,119.0,7.0,3.0,0.0,1205.332,30.387,0.0,0.0,98728.0
2020-10-18,Antigua and Barbuda,119.0,0.0,3.0,0.0,1205.332,30.387,0.0,0.0,98728.0
2020-10-19,Antigua and Barbuda,119.0,0.0,3.0,0.0,1205.332,30.387,0.0,0.0,98728.0
2020-10-20,Antigua and Barbuda,119.0,0.0,3.0,0.0,1205.332,30.387,0.0,0.0,98728.0
2020-10-21,Antigua and Barbuda,122.0,3.0,3.0,0.0,1235.718,30.387,0.0,0.0,98728.0
2020-10-22,Antigua and Barbuda,122.0,0.0,3.0,0.0,1235.718,30.387,0.0,0.0,98728.0
2020-10-23,Antigua and Barbuda,122.0,0.0,3.0,0.0,1235.718,30.387,0.0,0.0,98728.0
2020-10-24,Antigua and Barbuda,124.0,2.0,3.0,0.0,1255.976,30.387,0.0,0.0,98728.0
2020-10-25,Antigua and Barbuda,124.0,0.0,3.0,0.0,1255.976,30.387,0.0,0.0,98728.0
2020-10-26,Antigua and Barbuda,124.0,0.0,3.0,0.0,1255.976,30.387,0.0,0.0,98728.0
2020-10-27,Antigua and Barbuda,124.0,0.0,3.0,0.0,1255.976,30.387,0.0,0.0,98728.0
2020-10-28,Antigua and Barbuda,124.0,0.0,3.0,0.0,1255.976,30.387,0.0,0.0,98728.0
2020-10-29,Antigua and Barbuda,124.0,0.0,3.0,0.0,1255.976,30.387,0.0,0.0,98728.0
2020-10-30,Antigua and Barbuda,127.0,3.0,3.0,0.0,1286.363,30.387,0.0,0.0,98728.0
2020-10-31,Antigua and Barbuda,128.0,1.0,3.0,0.0,1296.491,30.387,0.0,0.0,98728.0
2020-11-01,Antigua and Barbuda,128.0,0.0,3.0,0.0,1296.491,30.387,0.0,0.0,98728.0
2020-11-02,Antigua and Barbuda,128.0,0.0,3.0,0.0,1296.491,30.387,0.0,0.0,98728.0
2020-11-03,Antigua and Barbuda,128.0,0.0,3.0,0.0,1296.491,30.387,0.0,0.0,98728.0
2020-11-04,Antigua and Barbuda,130.0,2.0,3.0,0.0,1316.749,30.387,0.0,0.0,98728.0
2020-11-05,Antigua and Barbuda,130.0,0.0,3.0,0.0,1316.749,30.387,0.0,0.0,98728.0
2020-11-06,Antigua and Barbuda,130.0,0.0,3.0,0.0,1316.749,30.387,0.0,0.0,98728.0
2020-11-07,Antigua and Barbuda,131.0,1.0,3.0,0.0,1326.878,30.387,0.0,0.0,98728.0
2020-11-08,Antigua and Barbuda,131.0,0.0,3.0,0.0,1326.878,30.387,0.0,0.0,98728.0
2020-11-09,Antigua and Barbuda,131.0,0.0,3.0,0.0,1326.878,30.387,0.0,0.0,98728.0
2020-11-10,Antigua and Barbuda,131.0,0.0,3.0,0.0,1326.878,30.387,0.0,0.0,98728.0
2020-11-11,Antigua and Barbuda,131.0,0.0,3.0,0.0,1326.878,30.387,0.0,0.0,98728.0
2020-11-12,Antigua and Barbuda,131.0,0.0,3.0,0.0,1326.878,30.387,0.0,0.0,98728.0
2020-11-13,Antigua and Barbuda,133.0,2.0,3.0,0.0,1347.136,30.387,0.0,0.0,98728.0
2020-11-14,Antigua and Barbuda,134.0,1.0,4.0,1.0,1357.264,40.515,0.0,0.0,98728.0
2020-11-15,Antigua and Barbuda,134.0,0.0,4.0,0.0,1357.264,40.515,0.0,0.0,98728.0
2020-11-16,Antigua and Barbuda,134.0,0.0,4.0,0.0,1357.264,40.515,0.0,0.0,98728.0
2020-11-17,Antigua and Barbuda,134.0,0.0,4.0,0.0,1357.264,40.515,0.0,0.0,98728.0
2020-11-18,Antigua and Barbuda,139.0,5.0,4.0,0.0,1407.909,40.515,0.0,0.0,98728.0
2020-11-19,Antigua and Barbuda,139.0,0.0,4.0,0.0,1407.909,40.515,0.0,0.0,98728.0
2020-11-20,Antigua and Barbuda,139.0,0.0,4.0,0.0,1407.909,40.515,0.0,0.0,98728.0
2020-11-21,Antigua and Barbuda,139.0,0.0,4.0,0.0,1407.909,40.515,0.0,0.0,98728.0
2020-11-22,Antigua and Barbuda,139.0,0.0,4.0,0.0,1407.909,40.515,0.0,0.0,98728.0
2020-11-23,Antigua and Barbuda,139.0,0.0,4.0,0.0,1407.909,40.515,0.0,0.0,98728.0
2020-11-24,Antigua and Barbuda,139.0,0.0,4.0,0.0,1407.909,40.515,0.0,0.0,98728.0
2020-11-25,Antigua and Barbuda,140.0,1.0,4.0,0.0,1418.037,40.515,0.0,0.0,98728.0
2020-11-26,Antigua and Barbuda,141.0,1.0,4.0,0.0,1428.166,40.515,0.0,0.0,98728.0
2020-11-27,Antigua and Barbuda,141.0,0.0,4.0,0.0,1428.166,40.515,0.0,0.0,98728.0
2020-11-28,Antigua and Barbuda,141.0,0.0,4.0,0.0,1428.166,40.515,0.0,0.0,98728.0
2020-11-29,Antigua and Barbuda,141.0,0.0,4.0,0.0,1428.166,40.515,0.0,0.0,98728.0
2020-11-30,Antigua and Barbuda,141.0,0.0,4.0,0.0,1428.166,40.515,0.0,0.0,98728.0
2020-12-01,Antigua and Barbuda,142.0,1.0,4.0,0.0,1438.295,40.515,0.0,0.0,98728.0
2020-12-02,Antigua and Barbuda,144.0,2.0,4.0,0.0,1458.553,40.515,0.0,0.0,98728.0
2020-12-03,Antigua and Barbuda,144.0,0.0,4.0,0.0,1458.553,40.515,0.0,0.0,98728.0
2020-12-04,Antigua and Barbuda,144.0,0.0,4.0,0.0,1458.553,40.515,0.0,0.0,98728.0
2020-12-05,Antigua and Barbuda,144.0,0.0,4.0,0.0,1458.553,40.515,0.0,0.0,98728.0
2020-12-06,Antigua and Barbuda,144.0,0.0,4.0,0.0,1458.553,40.515,0.0,0.0,98728.0
2020-12-07,Antigua and Barbuda,146.0,2.0,4.0,0.0,1478.81,40.515,0.0,0.0,98728.0
2020-12-08,Antigua and Barbuda,146.0,0.0,4.0,0.0,1478.81,40.515,0.0,0.0,98728.0
2020-12-09,Antigua and Barbuda,146.0,0.0,4.0,0.0,1478.81,40.515,0.0,0.0,98728.0
2020-12-10,Antigua and Barbuda,146.0,0.0,4.0,0.0,1478.81,40.515,0.0,0.0,98728.0
2020-12-11,Antigua and Barbuda,147.0,1.0,4.0,0.0,1488.939,40.515,0.0,0.0,98728.0
2020-12-12,Antigua and Barbuda,148.0,1.0,4.0,0.0,1499.068,40.515,0.0,0.0,98728.0
2020-12-13,Antigua and Barbuda,148.0,0.0,5.0,1.0,1499.068,50.644,0.0,0.0,98728.0
2020-12-14,Antigua and Barbuda,148.0,0.0,5.0,0.0,1499.068,50.644,0.0,0.0,98728.0
2020-12-15,Antigua and Barbuda,148.0,0.0,5.0,0.0,1499.068,50.644,0.0,0.0,98728.0
2020-12-16,Antigua and Barbuda,151.0,3.0,5.0,0.0,1529.455,50.644,0.0,0.0,98728.0
2020-12-17,Antigua and Barbuda,151.0,0.0,5.0,0.0,1529.455,50.644,0.0,0.0,98728.0
2020-12-18,Antigua and Barbuda,152.0,1.0,5.0,0.0,1539.584,50.644,0.0,0.0,98728.0
2020-12-19,Antigua and Barbuda,152.0,0.0,5.0,0.0,1539.584,50.644,0.0,0.0,98728.0
2020-12-20,Antigua and Barbuda,153.0,1.0,5.0,0.0,1549.712,50.644,0.0,0.0,98728.0
2020-12-21,Antigua and Barbuda,153.0,0.0,5.0,0.0,1549.712,50.644,0.0,0.0,98728.0
2020-12-22,Antigua and Barbuda,153.0,0.0,5.0,0.0,1549.712,50.644,0.0,0.0,98728.0
2020-12-23,Antigua and Barbuda,154.0,1.0,5.0,0.0,1559.841,50.644,0.0,0.0,98728.0
2020-12-24,Antigua and Barbuda,154.0,0.0,5.0,0.0,1559.841,50.644,0.0,0.0,98728.0
2020-12-25,Antigua and Barbuda,155.0,1.0,5.0,0.0,1569.97,50.644,0.0,0.0,98728.0
2020-12-26,Antigua and Barbuda,155.0,0.0,5.0,0.0,1569.97,50.644,0.0,0.0,98728.0
2020-12-27,Antigua and Barbuda,155.0,0.0,5.0,0.0,1569.97,50.644,0.0,0.0,98728.0
2020-12-28,Antigua and Barbuda,158.0,3.0,5.0,0.0,1600.357,50.644,0.0,0.0,98728.0
2020-12-29,Antigua and Barbuda,158.0,0.0,5.0,0.0,1600.357,50.644,0.0,0.0,98728.0
2020-12-30,Antigua and Barbuda,158.0,0.0,5.0,0.0,1600.357,50.644,0.0,0.0,98728.0
2020-12-31,Antigua and Barbuda,159.0,1.0,5.0,0.0,1610.485,50.644,0.0,0.0,98728.0
2021-01-01,Antigua and Barbuda,159.0,0.0,5.0,0.0,1610.485,50.644,0.0,0.0,98728.0
2021-01-02,Antigua and Barbuda,159.0,0.0,5.0,0.0,1610.485,50.644,0.0,0.0,98728.0
2021-01-03,Antigua and Barbuda,160.0,1.0,5.0,0.0,1620.614,50.644,0.0,0.0,98728.0
2021-01-04,Antigua and Barbuda,160.0,0.0,5.0,0.0,1620.614,50.644,0.0,0.0,98728.0
2021-01-05,Antigua and Barbuda,160.0,0.0,5.0,0.0,1620.614,50.644,0.0,0.0,98728.0
2021-01-06,Antigua and Barbuda,163.0,3.0,5.0,0.0,1651.001,50.644,0.0,0.0,98728.0
2021-01-07,Antigua and Barbuda,163.0,0.0,5.0,0.0,1651.001,50.644,0.0,0.0,98728.0
2021-01-08,Antigua and Barbuda,167.0,4.0,5.0,0.0,1691.516,50.644,0.0,0.0,98728.0
2021-01-09,Antigua and Barbuda,169.0,2.0,5.0,0.0,1711.774,50.644,0.0,0.0,98728.0
2021-01-10,Antigua and Barbuda,176.0,7.0,5.0,0.0,1782.676,50.644,0.0,0.0,98728.0
2021-01-11,Antigua and Barbuda,176.0,0.0,5.0,0.0,1782.676,50.644,0.0,0.0,98728.0
2021-01-12,Antigua and Barbuda,176.0,0.0,5.0,0.0,1782.676,50.644,0.0,0.0,98728.0
2021-01-13,Antigua and Barbuda,176.0,0.0,5.0,0.0,1782.676,50.644,0.0,0.0,98728.0
2021-01-14,Antigua and Barbuda,184.0,8.0,6.0,1.0,1863.706,60.773,0.0,0.0,98728.0
2021-01-15,Antigua and Barbuda,184.0,0.0,6.0,0.0,1863.706,60.773,0.0,0.0,98728.0
2021-01-16,Antigua and Barbuda,187.0,3.0,6.0,0.0,1894.093,60.773,0.0,0.0,98728.0
2021-01-17,Antigua and Barbuda,189.0,2.0,6.0,0.0,1914.351,60.773,0.0,0.0,98728.0
2021-01-18,Antigua and Barbuda,189.0,0.0,6.0,0.0,1914.351,60.773,0.0,0.0,98728.0
2021-01-19,Antigua and Barbuda,190.0,1.0,6.0,0.0,1924.479,60.773,0.0,0.0,98728.0
2021-01-20,Antigua and Barbuda,190.0,0.0,6.0,0.0,1924.479,60.773,0.0,0.0,98728.0
2021-01-21,Antigua and Barbuda,192.0,2.0,6.0,0.0,1944.737,60.773,0.0,0.0,98728.0
2021-01-22,Antigua and Barbuda,195.0,3.0,6.0,0.0,1975.124,60.773,0.0,0.0,98728.0
2021-01-23,Antigua and Barbuda,195.0,0.0,6.0,0.0,1975.124,60.773,0.0,0.0,98728.0
2021-01-24,Antigua and Barbuda,198.0,3.0,6.0,0.0,2005.51,60.773,0.0,0.0,98728.0
2021-01-25,Antigua and Barbuda,201.0,3.0,6.0,0.0,2035.897,60.773,0.0,0.0,98728.0
2021-01-26,Antigua and Barbuda,201.0,0.0,6.0,0.0,2035.897,60.773,0.0,0.0,98728.0
2021-01-27,Antigua and Barbuda,215.0,14.0,6.0,0.0,2177.7,60.773,0.0,0.0,98728.0
2021-01-28,Antigua and Barbuda,215.0,0.0,6.0,0.0,2177.7,60.773,0.0,0.0,98728.0
2021-01-29,Antigua and Barbuda,218.0,3.0,6.0,0.0,2208.087,60.773,0.0,0.0,98728.0
2021-01-30,Antigua and Barbuda,218.0,0.0,7.0,1.0,2208.087,70.902,0.0,0.0,98728.0
2021-01-31,Antigua and Barbuda,234.0,16.0,7.0,0.0,2370.148,70.902,0.0,0.0,98728.0
2021-02-01,Antigua and Barbuda,234.0,0.0,7.0,0.0,2370.148,70.902,0.0,0.0,98728.0
2021-02-02,Antigua and Barbuda,249.0,15.0,7.0,0.0,2522.081,70.902,0.0,0.0,98728.0
2021-02-03,Antigua and Barbuda,249.0,0.0,7.0,0.0,2522.081,70.902,0.0,0.0,98728.0
2021-02-04,Antigua and Barbuda,268.0,19.0,7.0,0.0,2714.529,70.902,0.0,0.0,98728.0
2021-02-05,Antigua and Barbuda,277.0,9.0,7.0,0.0,2805.688,70.902,0.0,0.0,98728.0
2021-02-06,Antigua and Barbuda,288.0,11.0,7.0,0.0,2917.106,70.902,0.0,0.0,98728.0
2021-02-07,Antigua and Barbuda,299.0,11.0,7.0,0.0,3028.523,70.902,0.0,0.0,98728.0
2021-02-08,Antigua and Barbuda,316.0,17.0,7.0,0.0,3200.713,70.902,0.0,0.0,98728.0
2021-02-09,Antigua and Barbuda,316.0,0.0,8.0,1.0,3200.713,81.031,0.0,0.0,98728.0
2021-02-10,Antigua and Barbuda,350.0,34.0,9.0,1.0,3545.094,91.16,0.0,0.0,98728.0
2021-02-11,Antigua and Barbuda,381.0,31.0,9.0,0.0,3859.088,91.16,0.0,0.0,98728.0
2021-02-12,Antigua and Barbuda,419.0,38.0,9.0,0.0,4243.983,91.16,0.0,0.0,98728.0
2021-02-13,Antigua and Barbuda,427.0,8.0,9.0,0.0,4325.014,91.16,0.0,0.0,98728.0
2021-02-14,Antigua and Barbuda,427.0,0.0,9.0,0.0,4325.014,91.16,0.0,0.0,98728.0
2021-02-15,Antigua and Barbuda,443.0,16.0,9.0,0.0,4487.076,91.16,0.0,0.0,98728.0
2021-02-16,Antigua and Barbuda,443.0,0.0,9.0,0.0,4487.076,91.16,0.0,0.0,98728.0
2021-02-17,Antigua and Barbuda,525.0,82.0,10.0,1.0,5317.64,101.288,0.0,0.0,98728.0
2021-02-18,Antigua and Barbuda,548.0,23.0,10.0,0.0,5550.604,101.288,0.0,0.0,98728.0
2021-02-19,Antigua and Barbuda,548.0,0.0,10.0,0.0,5550.604,101.288,0.0,0.0,98728.0
2021-02-20,Antigua and Barbuda,598.0,50.0,11.0,1.0,6057.046,111.417,0.0,0.0,98728.0
2021-02-21,Antigua and Barbuda,598.0,0.0,13.0,2.0,6057.046,131.675,0.0,0.0,98728.0
2021-02-22,Antigua and Barbuda,614.0,16.0,14.0,1.0,6219.107,141.804,0.0,0.0,98728.0
2021-02-23,Antigua and Barbuda,636.0,22.0,14.0,0.0,6441.941,141.804,0.0,0.0,98728.0
2021-02-24,Antigua and Barbuda,646.0,10.0,14.0,0.0,6543.23,141.804,0.0,0.0,98728.0
2021-02-25,Antigua and Barbuda,701.0,55.0,14.0,0.0,7100.316,141.804,0.0,0.0,98728.0
2021-02-26,Antigua and Barbuda,701.0,0.0,14.0,0.0,7100.316,141.804,0.0,0.0,98728.0
2021-02-27,Antigua and Barbuda,726.0,25.0,14.0,0.0,7353.537,141.804,0.0,0.0,98728.0
2021-02-28,Antigua and Barbuda,730.0,4.0,14.0,0.0,7394.052,141.804,0.0,0.0,98728.0
2021-03-01,Antigua and Barbuda,769.0,39.0,14.0,0.0,7789.077,141.804,0.0,0.0,98728.0
2021-03-02,Antigua and Barbuda,769.0,0.0,14.0,0.0,7789.077,141.804,0.0,0.0,98728.0
2021-03-03,Antigua and Barbuda,769.0,0.0,19.0,5.0,7789.077,192.448,0.0,0.0,98728.0
2021-03-04,Antigua and Barbuda,813.0,44.0,21.0,2.0,8234.746,212.706,0.0,0.0,98728.0
2021-03-05,Antigua and Barbuda,813.0,0.0,21.0,0.0,8234.746,212.706,0.0,0.0,98728.0
2021-03-06,Antigua and Barbuda,813.0,0.0,21.0,0.0,8234.746,212.706,0.0,0.0,98728.0
2021-03-07,Antigua and Barbuda,848.0,35.0,21.0,0.0,8589.255,212.706,0.0,0.0,98728.0
2021-03-08,Antigua and Barbuda,848.0,0.0,21.0,0.0,8589.255,212.706,0.0,0.0,98728.0
2021-03-09,Antigua and Barbuda,862.0,14.0,22.0,1.0,8731.059,222.834,0.0,0.0,98728.0
2021-03-10,Antigua and Barbuda,882.0,20.0,23.0,1.0,8933.636,232.963,0.0,0.0,98728.0
2021-03-11,Antigua and Barbuda,882.0,0.0,23.0,0.0,8933.636,232.963,0.0,0.0,98728.0
2021-03-12,Antigua and Barbuda,945.0,63.0,25.0,2.0,9571.753,253.221,0.0,0.0,98728.0
2021-03-13,Antigua and Barbuda,962.0,17.0,27.0,2.0,9743.943,273.479,0.0,0.0,98728.0
2021-03-14,Antigua and Barbuda,963.0,1.0,27.0,0.0,9754.072,273.479,0.0,0.0,98728.0
2021-03-15,Antigua and Barbuda,963.0,0.0,27.0,0.0,9754.072,273.479,24164.0,0.0,98728.0
2021-03-16,Antigua and Barbuda,992.0,29.0,27.0,0.0,10047.808,273.479,0.0,0.0,98728.0
2021-03-17,Antigua and Barbuda,992.0,0.0,27.0,0.0,10047.808,273.479,0.0,0.0,98728.0
2021-03-18,Antigua and Barbuda,1008.0,16.0,27.0,0.0,10209.87,273.479,0.0,0.0,98728.0
2021-03-19,Antigua and Barbuda,1011.0,3.0,27.0,0.0,10240.256,273.479,25677.0,0.0,98728.0
2021-03-20,Antigua and Barbuda,1033.0,22.0,28.0,1.0,10463.091,283.607,0.0,0.0,98728.0
2021-03-21,Antigua and Barbuda,1033.0,0.0,28.0,0.0,10463.091,283.607,0.0,0.0,98728.0
2021-03-22,Antigua and Barbuda,1072.0,39.0,28.0,0.0,10858.115,283.607,0.0,0.0,98728.0
2021-03-23,Antigua and Barbuda,1080.0,8.0,28.0,0.0,10939.146,283.607,0.0,0.0,98728.0
2021-03-24,Antigua and Barbuda,1080.0,0.0,28.0,0.0,10939.146,283.607,0.0,0.0,98728.0
2021-03-25,Antigua and Barbuda,1103.0,23.0,28.0,0.0,11172.109,283.607,26424.0,0.0,98728.0
2021-03-26,Antigua and Barbuda,1122.0,19.0,28.0,0.0,11364.557,283.607,0.0,0.0,98728.0
2021-03-27,Antigua and Barbuda,1122.0,0.0,28.0,0.0,11364.557,283.607,0.0,0.0,98728.0
2021-03-28,Antigua and Barbuda,1128.0,6.0,28.0,0.0,11425.33,283.607,0.0,0.0,98728.0
2021-03-29,Antigua and Barbuda,1136.0,8.0,28.0,0.0,11506.361,283.607,0.0,0.0,98728.0
2021-03-30,Antigua and Barbuda,1136.0,0.0,28.0,0.0,11506.361,283.607,0.0,0.0,98728.0
2021-03-31,Antigua and Barbuda,1136.0,0.0,28.0,0.0,11506.361,283.607,26836.0,0.0,98728.0
2021-04-01,Antigua and Barbuda,1147.0,11.0,28.0,0.0,11617.778,283.607,0.0,0.0,98728.0
2021-04-02,Antigua and Barbuda,1152.0,5.0,28.0,0.0,11668.422,283.607,0.0,0.0,98728.0
2021-04-03,Antigua and Barbuda,1170.0,18.0,28.0,0.0,11850.741,283.607,27032.0,0.0,98728.0
2021-04-04,Antigua and Barbuda,1170.0,0.0,28.0,0.0,11850.741,283.607,0.0,0.0,98728.0
2021-04-05,Antigua and Barbuda,1173.0,3.0,29.0,1.0,11881.128,293.736,0.0,0.0,98728.0
2021-04-06,Antigua and Barbuda,1173.0,0.0,29.0,0.0,11881.128,293.736,0.0,0.0,98728.0
2021-04-07,Antigua and Barbuda,1177.0,4.0,29.0,0.0,11921.643,293.736,0.0,0.0,98728.0
2021-04-08,Antigua and Barbuda,1180.0,3.0,29.0,0.0,11952.03,293.736,0.0,0.0,98728.0
2021-04-09,Antigua and Barbuda,1182.0,2.0,30.0,1.0,11972.287,303.865,0.0,0.0,98728.0
2021-04-10,Antigua and Barbuda,1197.0,15.0,30.0,0.0,12124.22,303.865,0.0,0.0,98728.0
2021-04-11,Antigua and Barbuda,1198.0,1.0,30.0,0.0,12134.349,303.865,0.0,0.0,98728.0
2021-04-12,Antigua and Barbuda,1198.0,0.0,30.0,0.0,12134.349,303.865,0.0,0.0,98728.0
2021-04-13,Antigua and Barbuda,1201.0,3.0,31.0,1.0,12164.735,313.994,0.0,0.0,98728.0
2021-04-14,Antigua and Barbuda,1201.0,0.0,31.0,0.0,12164.735,313.994,27592.0,0.0,98728.0
2021-04-15,Antigua and Barbuda,1209.0,8.0,31.0,0.0,12245.766,313.994,0.0,0.0,98728.0
2021-04-16,Antigua and Barbuda,1213.0,4.0,31.0,0.0,12286.282,313.994,28414.0,0.0,98728.0
2021-04-17,Antigua and Barbuda,1216.0,3.0,31.0,0.0,12316.668,313.994,28639.0,0.0,98728.0
2021-04-18,Antigua and Barbuda,1216.0,0.0,31.0,0.0,12316.668,313.994,0.0,0.0,98728.0
2021-04-19,Antigua and Barbuda,1217.0,1.0,31.0,0.0,12326.797,313.994,0.0,0.0,98728.0
2021-04-20,Antigua and Barbuda,1217.0,0.0,31.0,0.0,12326.797,313.994,0.0,0.0,98728.0
2021-04-21,Antigua and Barbuda,1217.0,0.0,31.0,0.0,12326.797,313.994,0.0,0.0,98728.0
2021-04-22,Antigua and Barbuda,1217.0,0.0,31.0,0.0,12326.797,313.994,29754.0,0.0,98728.0
2021-04-23,Antigua and Barbuda,1222.0,5.0,31.0,0.0,12377.441,313.994,0.0,0.0,98728.0
2021-04-24,Antigua and Barbuda,1227.0,5.0,31.0,0.0,12428.085,313.994,0.0,0.0,98728.0
2021-04-25,Antigua and Barbuda,1227.0,0.0,31.0,0.0,12428.085,313.994,0.0,0.0,98728.0
2021-04-26,Antigua and Barbuda,1228.0,1.0,32.0,1.0,12438.214,324.123,0.0,0.0,98728.0
2021-04-27,Antigua and Barbuda,1232.0,4.0,32.0,0.0,12478.729,324.123,0.0,0.0,98728.0
2021-04-28,Antigua and Barbuda,1232.0,0.0,32.0,0.0,12478.729,324.123,0.0,0.0,98728.0
2021-04-29,Antigua and Barbuda,1232.0,0.0,32.0,0.0,12478.729,324.123,0.0,0.0,98728.0
2021-04-30,Antigua and Barbuda,1232.0,0.0,32.0,0.0,12478.729,324.123,0.0,0.0,98728.0
2021-05-01,Antigua and Barbuda,1232.0,0.0,32.0,0.0,12478.729,324.123,0.0,0.0,98728.0
2021-05-02,Antigua and Barbuda,1232.0,0.0,32.0,0.0,12478.729,324.123,0.0,0.0,98728.0
2021-05-03,Antigua and Barbuda,1232.0,0.0,32.0,0.0,12478.729,324.123,0.0,0.0,98728.0
2021-05-04,Antigua and Barbuda,1232.0,0.0,32.0,0.0,12478.729,324.123,0.0,0.0,98728.0
2021-05-05,Antigua and Barbuda,1232.0,0.0,32.0,0.0,12478.729,324.123,0.0,0.0,98728.0
2021-05-06,Antigua and Barbuda,1232.0,0.0,32.0,0.0,12478.729,324.123,0.0,0.0,98728.0
2021-05-07,Antigua and Barbuda,1232.0,0.0,32.0,0.0,12478.729,324.123,31085.0,0.0,98728.0
2021-05-08,Antigua and Barbuda,1232.0,0.0,32.0,0.0,12478.729,324.123,0.0,0.0,98728.0
2021-05-09,Antigua and Barbuda,1231.0,0.0,32.0,0.0,12468.601,324.123,0.0,0.0,98728.0
2021-05-10,Antigua and Barbuda,1237.0,6.0,32.0,0.0,12529.374,324.123,0.0,0.0,98728.0
2021-05-11,Antigua and Barbuda,1238.0,1.0,32.0,0.0,12539.502,324.123,31262.0,0.0,98728.0
2021-05-12,Antigua and Barbuda,1240.0,2.0,32.0,0.0,12559.76,324.123,0.0,0.0,98728.0
2021-05-13,Antigua and Barbuda,1240.0,0.0,32.0,0.0,12559.76,324.123,0.0,0.0,98728.0
2021-05-14,Antigua and Barbuda,1240.0,0.0,32.0,0.0,12559.76,324.123,0.0,0.0,98728.0
2021-05-15,Antigua and Barbuda,1241.0,1.0,33.0,1.0,12569.889,334.252,0.0,0.0,98728.0
2021-05-16,Antigua and Barbuda,1241.0,0.0,33.0,0.0,12569.889,334.252,0.0,0.0,98728.0
2021-05-17,Antigua and Barbuda,1251.0,10.0,42.0,9.0,12671.177,425.411,31860.0,2581.0,98728.0
2021-05-18,Antigua and Barbuda,1251.0,0.0,42.0,0.0,12671.177,425.411,0.0,0.0,98728.0
2021-05-19,Antigua and Barbuda,1252.0,1.0,42.0,0.0,12681.306,425.411,0.0,0.0,98728.0
2021-05-20,Antigua and Barbuda,1255.0,3.0,42.0,0.0,12711.693,425.411,0.0,0.0,98728.0
2021-05-21,Antigua and Barbuda,1255.0,0.0,42.0,0.0,12711.693,425.411,32469.0,7050.0,98728.0
2021-05-22,Antigua and Barbuda,1257.0,2.0,42.0,0.0,12731.95,425.411,0.0,0.0,98728.0
2021-05-23,Antigua and Barbuda,1257.0,0.0,42.0,0.0,12731.95,425.411,0.0,0.0,98728.0
2021-05-24,Antigua and Barbuda,1258.0,1.0,42.0,0.0,12742.079,425.411,0.0,0.0,98728.0
2021-05-25,Antigua and Barbuda,1258.0,0.0,42.0,0.0,12742.079,425.411,32759.0,9250.0,98728.0
2021-05-26,Antigua and Barbuda,1258.0,0.0,42.0,0.0,12742.079,425.411,32876.0,11354.0,98728.0
2021-05-27,Antigua and Barbuda,1258.0,0.0,42.0,0.0,12742.079,425.411,33024.0,12915.0,98728.0
2021-05-28,Antigua and Barbuda,1259.0,1.0,42.0,0.0,12752.208,425.411,0.0,0.0,98728.0
2021-05-29,Antigua and Barbuda,1259.0,0.0,42.0,0.0,12752.208,425.411,33214.0,15133.0,98728.0
2021-05-30,Antigua and Barbuda,1259.0,0.0,42.0,0.0,12752.208,425.411,0.0,0.0,98728.0
2021-05-31,Antigua and Barbuda,1260.0,1.0,42.0,0.0,12762.337,425.411,33463.0,16866.0,98728.0
2021-06-01,Antigua and Barbuda,1260.0,0.0,42.0,0.0,12762.337,425.411,0.0,0.0,98728.0
2021-06-02,Antigua and Barbuda,1262.0,2.0,42.0,0.0,12782.595,425.411,0.0,0.0,98728.0
2021-06-03,Antigua and Barbuda,1262.0,0.0,42.0,0.0,12782.595,425.411,33632.0,18179.0,98728.0
2021-06-04,Antigua and Barbuda,1263.0,1.0,42.0,0.0,12792.723,425.411,0.0,0.0,98728.0
2021-06-05,Antigua and Barbuda,1263.0,0.0,42.0,0.0,12792.723,425.411,0.0,0.0,98728.0
2021-06-06,Antigua and Barbuda,1263.0,0.0,42.0,0.0,12792.723,425.411,34084.0,21494.0,98728.0
2021-06-07,Antigua and Barbuda,1263.0,0.0,42.0,0.0,12792.723,425.411,34368.0,22896.0,98728.0
2021-06-08,Antigua and Barbuda,1263.0,0.0,42.0,0.0,12792.723,425.411,0.0,0.0,98728.0
2021-06-09,Antigua and Barbuda,1263.0,0.0,42.0,0.0,12792.723,425.411,34644.0,23430.0,98728.0
2021-06-10,Antigua and Barbuda,1263.0,0.0,42.0,0.0,12792.723,425.411,0.0,0.0,98728.0
2021-06-11,Antigua and Barbuda,1263.0,0.0,42.0,0.0,12792.723,425.411,0.0,0.0,98728.0
2021-06-12,Antigua and Barbuda,1263.0,0.0,42.0,0.0,12792.723,425.411,34883.0,23844.0,98728.0
2021-06-13,Antigua and Barbuda,1263.0,0.0,42.0,0.0,12792.723,425.411,0.0,0.0,98728.0
2021-06-14,Antigua and Barbuda,1263.0,0.0,42.0,0.0,12792.723,425.411,0.0,0.0,98728.0
2021-06-15,Antigua and Barbuda,1263.0,0.0,42.0,0.0,12792.723,425.411,35257.0,24325.0,98728.0
2021-06-16,Antigua and Barbuda,1263.0,0.0,42.0,0.0,12792.723,425.411,0.0,0.0,98728.0
2021-06-17,Antigua and Barbuda,1263.0,0.0,42.0,0.0,12792.723,425.411,35611.0,26593.0,98728.0
2021-06-18,Antigua and Barbuda,1263.0,0.0,42.0,0.0,12792.723,425.411,0.0,0.0,98728.0
2021-06-19,Antigua and Barbuda,1263.0,0.0,42.0,0.0,12792.723,425.411,0.0,0.0,98728.0
2021-06-20,Antigua and Barbuda,1263.0,0.0,42.0,0.0,12792.723,425.411,35768.0,27041.0,98728.0
2021-06-21,Antigua and Barbuda,1263.0,0.0,42.0,0.0,12792.723,425.411,0.0,0.0,98728.0
2021-06-22,Antigua and Barbuda,1263.0,0.0,42.0,0.0,12792.723,425.411,0.0,0.0,98728.0
2021-06-23,Antigua and Barbuda,1263.0,0.0,42.0,0.0,12792.723,425.411,0.0,0.0,98728.0
2021-06-24,Antigua and Barbuda,1263.0,0.0,42.0,0.0,12792.723,425.411,0.0,0.0,98728.0
2021-06-25,Antigua and Barbuda,1263.0,0.0,42.0,0.0,12792.723,425.411,0.0,0.0,98728.0
2021-06-26,Antigua and Barbuda,1263.0,0.0,42.0,0.0,12792.723,425.411,0.0,0.0,98728.0
2021-06-27,Antigua and Barbuda,1263.0,0.0,42.0,0.0,12792.723,425.411,0.0,0.0,98728.0
2021-06-28,Antigua and Barbuda,1263.0,0.0,42.0,0.0,12792.723,425.411,0.0,0.0,98728.0
2021-06-29,Antigua and Barbuda,1263.0,0.0,42.0,0.0,12792.723,425.411,36432.0,27563.0,98728.0
2021-06-30,Antigua and Barbuda,1263.0,0.0,42.0,0.0,12792.723,425.411,0.0,0.0,98728.0
2021-07-01,Antigua and Barbuda,1264.0,1.0,42.0,0.0,12802.852,425.411,36583.0,27872.0,98728.0
2021-07-02,Antigua and Barbuda,1264.0,0.0,42.0,0.0,12802.852,425.411,0.0,0.0,98728.0
2021-07-03,Antigua and Barbuda,1264.0,0.0,42.0,0.0,12802.852,425.411,0.0,0.0,98728.0
2021-07-04,Antigua and Barbuda,1264.0,0.0,42.0,0.0,12802.852,425.411,36692.0,28004.0,98728.0
2021-07-05,Antigua and Barbuda,1264.0,0.0,42.0,0.0,12802.852,425.411,0.0,0.0,98728.0
2021-07-06,Antigua and Barbuda,1265.0,1.0,42.0,0.0,12812.981,425.411,36749.0,28074.0,98728.0
2021-07-07,Antigua and Barbuda,1265.0,0.0,42.0,0.0,12812.981,425.411,0.0,0.0,98728.0
2021-07-08,Antigua and Barbuda,1266.0,1.0,42.0,0.0,12823.11,425.411,36826.0,28251.0,98728.0
2021-07-09,Antigua and Barbuda,1266.0,0.0,42.0,0.0,12823.11,425.411,36908.0,28429.0,98728.0
2021-07-10,Antigua and Barbuda,1266.0,0.0,42.0,0.0,12823.11,425.411,0.0,0.0,98728.0
2021-07-11,Antigua and Barbuda,1266.0,0.0,42.0,0.0,12823.11,425.411,0.0,0.0,98728.0
2021-07-12,Antigua and Barbuda,1266.0,0.0,42.0,0.0,12823.11,425.411,0.0,0.0,98728.0
2021-07-13,Antigua and Barbuda,1266.0,0.0,42.0,0.0,12823.11,425.411,37045.0,28611.0,98728.0
2021-07-14,Antigua and Barbuda,1267.0,1.0,42.0,0.0,12833.239,425.411,0.0,0.0,98728.0
2021-07-15,Antigua and Barbuda,1267.0,0.0,42.0,0.0,12833.239,425.411,37092.0,28665.0,98728.0
2021-07-16,Antigua and Barbuda,1268.0,1.0,42.0,0.0,12843.368,425.411,0.0,0.0,98728.0
2021-07-17,Antigua and Barbuda,1268.0,0.0,42.0,0.0,12843.368,425.411,0.0,0.0,98728.0
2021-07-18,Antigua and Barbuda,1268.0,0.0,42.0,0.0,12843.368,425.411,37316.0,28808.0,98728.0
2021-07-19,Antigua and Barbuda,1275.0,7.0,42.0,0.0,12914.27,425.411,0.0,0.0,98728.0
2021-07-20,Antigua and Barbuda,1275.0,0.0,42.0,0.0,12914.27,425.411,37448.0,28960.0,98728.0
2021-07-21,Antigua and Barbuda,1275.0,0.0,42.0,0.0,12914.27,425.411,37498.0,29024.0,98728.0
2021-07-22,Antigua and Barbuda,1277.0,2.0,42.0,0.0,12934.527,425.411,37555.0,30292.0,98728.0
2021-07-23,Antigua and Barbuda,1277.0,0.0,42.0,0.0,12934.527,425.411,0.0,0.0,98728.0
2021-07-24,Antigua and Barbuda,1280.0,3.0,43.0,1.0,12964.914,435.54,0.0,0.0,98728.0
2021-07-25,Antigua and Barbuda,1280.0,0.0,43.0,0.0,12964.914,435.54,37841.0,30430.0,98728.0
2021-07-26,Antigua and Barbuda,1280.0,0.0,43.0,0.0,12964.914,435.54,0.0,0.0,98728.0
2021-07-27,Antigua and Barbuda,1288.0,8.0,43.0,0.0,13045.944,435.54,0.0,0.0,98728.0
2021-07-28,Antigua and Barbuda,1288.0,0.0,43.0,0.0,13045.944,435.54,38067.0,30648.0,98728.0
2021-07-29,Antigua and Barbuda,1295.0,7.0,43.0,0.0,13116.846,435.54,38146.0,30704.0,98728.0
2021-07-30,Antigua and Barbuda,1303.0,8.0,43.0,0.0,13197.877,435.54,0.0,0.0,98728.0
2021-07-31,Antigua and Barbuda,1303.0,0.0,43.0,0.0,13197.877,435.54,0.0,0.0,98728.0
2021-08-01,Antigua and Barbuda,1303.0,0.0,43.0,0.0,13197.877,435.54,0.0,0.0,98728.0
2021-08-02,Antigua and Barbuda,1303.0,0.0,43.0,0.0,13197.877,435.54,38362.0,30928.0,98728.0
2021-08-03,Antigua and Barbuda,1303.0,0.0,43.0,0.0,13197.877,435.54,0.0,0.0,98728.0
2021-08-04,Antigua and Barbuda,1311.0,8.0,43.0,0.0,13278.908,435.54,38462.0,31056.0,98728.0
2021-08-05,Antigua and Barbuda,1320.0,9.0,43.0,0.0,13370.067,435.54,0.0,0.0,98728.0
2021-08-06,Antigua and Barbuda,1328.0,8.0,43.0,0.0,13451.098,435.54,0.0,0.0,98728.0
2021-08-07,Antigua and Barbuda,1328.0,0.0,43.0,0.0,13451.098,435.54,38605.0,31298.0,98728.0
2021-08-08,Antigua and Barbuda,1338.0,10.0,43.0,0.0,13552.386,435.54,0.0,0.0,98728.0
2021-08-09,Antigua and Barbuda,1348.0,10.0,43.0,0.0,13653.675,435.54,0.0,0.0,98728.0
2021-08-10,Antigua and Barbuda,1348.0,0.0,43.0,0.0,13653.675,435.54,38605.0,31414.0,98728.0
2021-08-11,Antigua and Barbuda,1372.0,24.0,43.0,0.0,13896.767,435.54,0.0,0.0,98728.0
2021-08-12,Antigua and Barbuda,1372.0,0.0,43.0,0.0,13896.767,435.54,0.0,0.0,98728.0
2021-08-13,Antigua and Barbuda,1372.0,0.0,43.0,0.0,13896.767,435.54,0.0,0.0,98728.0
2021-08-14,Antigua and Barbuda,1378.0,6.0,43.0,0.0,13957.54,435.54,39039.0,32026.0,98728.0
2021-08-15,Antigua and Barbuda,1397.0,19.0,43.0,0.0,14149.988,435.54,0.0,0.0,98728.0
2021-08-16,Antigua and Barbuda,1397.0,0.0,43.0,0.0,14149.988,435.54,39186.0,32248.0,98728.0
2021-08-17,Antigua and Barbuda,1397.0,0.0,43.0,0.0,14149.988,435.54,0.0,0.0,98728.0
2021-08-18,Antigua and Barbuda,1421.0,24.0,43.0,0.0,14393.08,435.54,0.0,0.0,98728.0
2021-08-19,Antigua and Barbuda,1421.0,0.0,43.0,0.0,14393.08,435.54,39230.0,32370.0,98728.0
2021-08-20,Antigua and Barbuda,1447.0,26.0,43.0,0.0,14656.43,435.54,0.0,0.0,98728.0
2021-08-21,Antigua and Barbuda,1490.0,43.0,43.0,0.0,15091.97,435.54,0.0,0.0,98728.0
2021-08-22,Antigua and Barbuda,1490.0,0.0,43.0,0.0,15091.97,435.54,39466.0,32816.0,98728.0
2021-08-23,Antigua and Barbuda,1540.0,50.0,43.0,0.0,15598.412,435.54,0.0,0.0,98728.0
2021-08-24,Antigua and Barbuda,1540.0,0.0,43.0,0.0,15598.412,435.54,39808.0,33094.0,98728.0
2021-08-25,Antigua and Barbuda,1598.0,58.0,43.0,0.0,16185.884,435.54,0.0,0.0,98728.0
2021-08-26,Antigua and Barbuda,1598.0,0.0,43.0,0.0,16185.884,435.54,0.0,0.0,98728.0
2021-08-27,Antigua and Barbuda,1598.0,0.0,43.0,0.0,16185.884,435.54,0.0,0.0,98728.0
2021-08-28,Antigua and Barbuda,1638.0,40.0,43.0,0.0,16591.038,435.54,40309.0,33391.0,98728.0
2021-08-29,Antigua and Barbuda,1651.0,13.0,43.0,0.0,16722.713,435.54,0.0,0.0,98728.0
2021-08-30,Antigua and Barbuda,1713.0,62.0,44.0,1.0,17350.701,445.669,40795.0,33842.0,98728.0
2021-08-31,Antigua and Barbuda,1715.0,2.0,44.0,0.0,17370.959,445.669,41061.0,34008.0,98728.0
2021-09-01,Antigua and Barbuda,1719.0,4.0,44.0,0.0,17411.474,445.669,0.0,0.0,98728.0
2021-09-02,Antigua and Barbuda,1742.0,23.0,44.0,0.0,17644.437,445.669,0.0,0.0,98728.0
2021-09-03,Antigua and Barbuda,1750.0,8.0,44.0,0.0,17725.468,445.669,0.0,0.0,98728.0
2021-09-04,Antigua and Barbuda,1759.0,9.0,46.0,2.0,17816.628,465.927,0.0,0.0,98728.0
2021-09-05,Antigua and Barbuda,1870.0,111.0,46.0,0.0,18940.929,465.927,0.0,0.0,98728.0
2021-09-06,Antigua and Barbuda,1878.0,8.0,46.0,0.0,19021.959,465.927,0.0,0.0,98728.0
2021-09-07,Antigua and Barbuda,1960.0,82.0,47.0,1.0,19852.524,476.055,42938.0,35059.0,98728.0
2021-09-08,Antigua and Barbuda,1974.0,14.0,47.0,0.0,19994.328,476.055,0.0,0.0,98728.0
2021-09-09,Antigua and Barbuda,2059.0,85.0,47.0,0.0,20855.279,476.055,0.0,0.0,98728.0
2021-09-10,Antigua and Barbuda,2059.0,0.0,47.0,0.0,20855.279,476.055,43681.0,35709.0,98728.0
2021-09-11,Antigua and Barbuda,2166.0,107.0,48.0,1.0,21939.065,486.184,0.0,0.0,98728.0
2021-09-12,Antigua and Barbuda,2166.0,0.0,48.0,0.0,21939.065,486.184,0.0,0.0,98728.0
2021-09-13,Antigua and Barbuda,2297.0,131.0,48.0,0.0,23265.943,486.184,43949.0,35973.0,98728.0
2021-09-14,Antigua and Barbuda,2304.0,7.0,48.0,0.0,23336.845,486.184,0.0,0.0,98728.0
2021-09-15,Antigua and Barbuda,2304.0,0.0,48.0,0.0,23336.845,486.184,0.0,0.0,98728.0
2021-09-16,Antigua and Barbuda,2304.0,0.0,48.0,0.0,23336.845,486.184,0.0,0.0,98728.0
2021-09-17,Antigua and Barbuda,2603.0,299.0,55.0,7.0,26365.367,557.086,45099.0,36816.0,98728.0
2021-09-18,Antigua and Barbuda,2603.0,0.0,55.0,0.0,26365.367,557.086,0.0,0.0,98728.0
2021-09-19,Antigua and Barbuda,2603.0,0.0,55.0,0.0,26365.367,557.086,0.0,0.0,98728.0
2021-09-20,Antigua and Barbuda,2603.0,0.0,55.0,0.0,26365.367,557.086,0.0,0.0,98728.0
2021-09-21,Antigua and Barbuda,2603.0,0.0,55.0,0.0,26365.367,557.086,0.0,0.0,98728.0
2021-09-22,Antigua and Barbuda,2625.0,22.0,57.0,2.0,26588.202,577.344,0.0,0.0,98728.0
2021-09-23,Antigua and Barbuda,2815.0,190.0,63.0,6.0,28512.681,638.117,0.0,0.0,98728.0
2021-09-24,Antigua and Barbuda,2815.0,0.0,63.0,0.0,28512.681,638.117,48580.0,40672.0,98728.0
2021-09-25,Antigua and Barbuda,2902.0,87.0,64.0,1.0,29393.89,648.246,0.0,0.0,98728.0
2021-09-26,Antigua and Barbuda,2923.0,21.0,64.0,0.0,29606.596,648.246,0.0,0.0,98728.0
2021-09-27,Antigua and Barbuda,2923.0,0.0,64.0,0.0,29606.596,648.246,0.0,0.0,98728.0
2021-09-28,Antigua and Barbuda,3160.0,237.0,76.0,12.0,32007.131,769.792,51148.0,42170.0,98728.0
2021-09-29,Antigua and Barbuda,3188.0,28.0,76.0,0.0,32290.738,769.792,0.0,0.0,98728.0
2021-09-30,Antigua and Barbuda,3231.0,43.0,79.0,3.0,32726.278,800.178,0.0,0.0,98728.0
2021-10-01,Antigua and Barbuda,3336.0,105.0,81.0,2.0,33789.806,820.436,0.0,0.0,98728.0
2021-10-02,Antigua and Barbuda,3403.0,67.0,84.0,3.0,34468.439,850.822,53171.0,42989.0,98728.0
2021-10-03,Antigua and Barbuda,3503.0,100.0,85.0,1.0,35481.322,860.951,0.0,0.0,98728.0
2021-10-04,Antigua and Barbuda,3503.0,0.0,85.0,0.0,35481.322,860.951,53736.0,43648.0,98728.0
2021-10-05,Antigua and Barbuda,3518.0,15.0,85.0,0.0,35633.255,860.951,0.0,0.0,98728.0
2021-10-06,Antigua and Barbuda,3581.0,63.0,87.0,2.0,36271.372,881.209,53958.0,43873.0,98728.0
2021-10-07,Antigua and Barbuda,3663.0,82.0,88.0,1.0,37101.937,891.338,0.0,0.0,98728.0
2021-10-08,Antigua and Barbuda,3678.0,15.0,91.0,3.0,37253.869,921.724,0.0,0.0,98728.0
2021-10-09,Antigua and Barbuda,3738.0,60.0,91.0,0.0,37861.6,921.724,54435.0,44405.0,98728.0
2021-10-10,Antigua and Barbuda,3750.0,12.0,93.0,2.0,37983.146,941.982,0.0,0.0,98728.0
2021-10-11,Antigua and Barbuda,3750.0,0.0,93.0,0.0,37983.146,941.982,0.0,0.0,98728.0
2021-10-12,Antigua and Barbuda,3772.0,22.0,93.0,0.0,38205.98,941.982,0.0,0.0,98728.0
2021-10-13,Antigua and Barbuda,3817.0,45.0,93.0,0.0,38661.778,941.982,54758.0,45088.0,98728.0
2021-10-14,Antigua and Barbuda,3830.0,13.0,93.0,0.0,38793.453,941.982,0.0,0.0,98728.0
2021-10-15,Antigua and Barbuda,3858.0,28.0,93.0,0.0,39077.06,941.982,0.0,0.0,98728.0
2021-10-16,Antigua and Barbuda,3888.0,30.0,95.0,2.0,39380.925,962.24,55103.0,46287.0,98728.0
2021-10-17,Antigua and Barbuda,3888.0,0.0,95.0,0.0,39380.925,962.24,0.0,0.0,98728.0
2021-10-18,Antigua and Barbuda,3918.0,30.0,95.0,0.0,39684.791,962.24,0.0,0.0,98728.0
2021-10-19,Antigua and Barbuda,3918.0,0.0,95.0,0.0,39684.791,962.24,55536.0,47298.0,98728.0
2021-10-20,Antigua and Barbuda,3939.0,21.0,97.0,2.0,39897.496,982.497,0.0,0.0,98728.0
2021-10-21,Antigua and Barbuda,3984.0,45.0,97.0,0.0,40353.294,982.497,0.0,0.0,98728.0
2021-10-22,Antigua and Barbuda,3994.0,10.0,97.0,0.0,40454.582,982.497,0.0,0.0,98728.0
2021-10-23,Antigua and Barbuda,4019.0,25.0,99.0,2.0,40707.803,1002.755,55703.0,48797.0,98728.0
2021-10-24,Antigua and Barbuda,4019.0,0.0,99.0,0.0,40707.803,1002.755,0.0,0.0,98728.0
2021-10-25,Antigua and Barbuda,4031.0,12.0,99.0,0.0,40829.349,1002.755,0.0,0.0,98728.0
2021-10-26,Antigua and Barbuda,4031.0,0.0,99.0,0.0,40829.349,1002.755,55942.0,49560.0,98728.0
2021-10-27,Antigua and Barbuda,4036.0,5.0,102.0,3.0,40879.994,1033.142,0.0,0.0,98728.0
2021-10-28,Antigua and Barbuda,4040.0,4.0,102.0,0.0,40920.509,1033.142,0.0,0.0,98728.0
2021-10-29,Antigua and Barbuda,4040.0,0.0,102.0,0.0,40920.509,1033.142,0.0,0.0,98728.0
2021-10-30,Antigua and Barbuda,4058.0,18.0,102.0,0.0,41102.828,1033.142,56269.0,50118.0,98728.0
2021-10-31,Antigua and Barbuda,4058.0,0.0,102.0,0.0,41102.828,1033.142,0.0,0.0,98728.0
2021-11-01,Antigua and Barbuda,4062.0,4.0,102.0,0.0,41143.343,1033.142,0.0,0.0,98728.0
2021-11-02,Antigua and Barbuda,4069.0,7.0,102.0,0.0,41214.245,1033.142,0.0,0.0,98728.0
2021-11-03,Antigua and Barbuda,4069.0,0.0,102.0,0.0,41214.245,1033.142,0.0,0.0,98728.0
2021-11-04,Antigua and Barbuda,4072.0,3.0,104.0,2.0,41244.632,1053.399,0.0,0.0,98728.0
2021-11-05,Antigua and Barbuda,4078.0,6.0,104.0,0.0,41305.405,1053.399,57058.0,50943.0,98728.0
2021-11-06,Antigua and Barbuda,4091.0,13.0,105.0,1.0,41437.08,1063.528,0.0,0.0,98728.0
2021-11-07,Antigua and Barbuda,4091.0,0.0,105.0,0.0,41437.08,1063.528,0.0,0.0,98728.0
2021-11-08,Antigua and Barbuda,4091.0,0.0,105.0,0.0,41437.08,1063.528,58497.0,52689.0,98728.0
2021-11-09,Antigua and Barbuda,4091.0,0.0,105.0,0.0,41437.08,1063.528,0.0,0.0,98728.0
2021-11-10,Antigua and Barbuda,4102.0,11.0,105.0,0.0,41548.497,1063.528,0.0,0.0,98728.0
2021-11-11,Antigua and Barbuda,4102.0,0.0,105.0,0.0,41548.497,1063.528,0.0,0.0,98728.0
2021-11-12,Antigua and Barbuda,4106.0,4.0,106.0,1.0,41589.012,1073.657,0.0,0.0,98728.0
2021-11-13,Antigua and Barbuda,4118.0,12.0,107.0,1.0,41710.558,1083.786,0.0,0.0,98728.0
2021-11-14,Antigua and Barbuda,4118.0,0.0,107.0,0.0,41710.558,1083.786,0.0,0.0,98728.0
2021-11-15,Antigua and Barbuda,4118.0,0.0,107.0,0.0,41710.558,1083.786,0.0,0.0,98728.0
2021-11-16,Antigua and Barbuda,4122.0,4.0,107.0,0.0,41751.074,1083.786,60789.0,54698.0,98728.0
2021-11-17,Antigua and Barbuda,4129.0,7.0,108.0,1.0,41821.976,1093.915,0.0,0.0,98728.0
2021-11-18,Antigua and Barbuda,4129.0,0.0,108.0,0.0,41821.976,1093.915,0.0,0.0,98728.0
2021-11-19,Antigua and Barbuda,4131.0,2.0,108.0,0.0,41842.233,1093.915,0.0,0.0,98728.0
2021-11-20,Antigua and Barbuda,4135.0,4.0,108.0,0.0,41882.749,1093.915,0.0,0.0,98728.0
2021-11-21,Antigua and Barbuda,4135.0,0.0,108.0,0.0,41882.749,1093.915,61097.0,55430.0,98728.0
2021-11-22,Antigua and Barbuda,4136.0,1.0,117.0,9.0,41892.877,1185.074,0.0,0.0,98728.0
2021-11-23,Antigua and Barbuda,4138.0,2.0,117.0,0.0,41913.135,1185.074,61271.0,55801.0,98728.0
2021-11-24,Antigua and Barbuda,4138.0,0.0,117.0,0.0,41913.135,1185.074,0.0,0.0,98728.0
2021-11-25,Antigua and Barbuda,4141.0,3.0,117.0,0.0,41943.522,1185.074,0.0,0.0,98728.0
2021-11-26,Antigua and Barbuda,4141.0,0.0,117.0,0.0,41943.522,1185.074,61418.0,56219.0,98728.0
2021-11-27,Antigua and Barbuda,4141.0,0.0,117.0,0.0,41943.522,1185.074,0.0,0.0,98728.0
2021-11-28,Antigua and Barbuda,4141.0,0.0,117.0,0.0,41943.522,1185.074,0.0,0.0,98728.0
2021-11-29,Antigua and Barbuda,4141.0,0.0,117.0,0.0,41943.522,1185.074,0.0,0.0,98728.0
2021-11-30,Antigua and Barbuda,4141.0,0.0,117.0,0.0,41943.522,1185.074,0.0,0.0,98728.0
2021-12-01,Antigua and Barbuda,4141.0,0.0,117.0,0.0,41943.522,1185.074,0.0,0.0,98728.0
2021-12-02,Antigua and Barbuda,4141.0,0.0,117.0,0.0,41943.522,1185.074,0.0,56989.0,98728.0
2021-12-03,Antigua and Barbuda,4146.0,5.0,117.0,0.0,41994.166,1185.074,0.0,0.0,98728.0
2021-12-04,Antigua and Barbuda,4147.0,1.0,117.0,0.0,42004.295,1185.074,0.0,0.0,98728.0
2021-12-05,Antigua and Barbuda,4147.0,0.0,117.0,0.0,42004.295,1185.074,61420.0,57345.0,98728.0
2021-12-06,Antigua and Barbuda,4148.0,1.0,117.0,0.0,42014.423,1185.074,0.0,0.0,98728.0
2021-12-07,Antigua and Barbuda,4148.0,0.0,117.0,0.0,42014.423,1185.074,0.0,0.0,98728.0
2021-12-08,Antigua and Barbuda,4151.0,3.0,117.0,0.0,42044.81,1185.074,0.0,0.0,98728.0
2021-12-09,Antigua and Barbuda,4151.0,0.0,117.0,0.0,42044.81,1185.074,0.0,0.0,98728.0
2021-12-10,Antigua and Barbuda,4159.0,8.0,117.0,0.0,42125.841,1185.074,61921.0,57888.0,98728.0
2021-12-11,Antigua and Barbuda,4159.0,0.0,117.0,0.0,42125.841,1185.074,0.0,0.0,98728.0
2021-12-12,Antigua and Barbuda,4162.0,3.0,117.0,0.0,42156.227,1185.074,0.0,0.0,98728.0
2021-12-13,Antigua and Barbuda,4162.0,0.0,117.0,0.0,42156.227,1185.074,0.0,0.0,98728.0
2021-12-14,Antigua and Barbuda,4177.0,15.0,117.0,0.0,42308.16,1185.074,0.0,0.0,98728.0
2021-12-15,Antigua and Barbuda,4177.0,0.0,117.0,0.0,42308.16,1185.074,0.0,0.0,98728.0
2021-12-16,Antigua and Barbuda,4178.0,1.0,117.0,0.0,42318.289,1185.074,0.0,0.0,98728.0
2021-12-17,Antigua and Barbuda,4186.0,8.0,117.0,0.0,42399.319,1185.074,0.0,0.0,98728.0
2021-12-18,Antigua and Barbuda,4198.0,12.0,117.0,0.0,42520.865,1185.074,0.0,0.0,98728.0
2021-12-19,Antigua and Barbuda,4198.0,0.0,117.0,0.0,42520.865,1185.074,62154.0,58503.0,98728.0
2021-12-20,Antigua and Barbuda,4198.0,0.0,117.0,0.0,42520.865,1185.074,0.0,0.0,98728.0
2021-12-21,Antigua and Barbuda,4201.0,3.0,117.0,0.0,42551.252,1185.074,0.0,0.0,98728.0
2021-12-22,Antigua and Barbuda,4205.0,4.0,117.0,0.0,42591.767,1185.074,0.0,0.0,98728.0
2021-12-23,Antigua and Barbuda,4216.0,11.0,118.0,1.0,42703.185,1195.203,0.0,0.0,98728.0
2021-12-24,Antigua and Barbuda,4216.0,0.0,118.0,0.0,42703.185,1195.203,0.0,0.0,98728.0
2021-12-25,Antigua and Barbuda,4236.0,20.0,118.0,0.0,42905.761,1195.203,62283.0,58503.0,98728.0
2021-12-26,Antigua and Barbuda,4236.0,0.0,118.0,0.0,42905.761,1195.203,0.0,0.0,98728.0
2021-12-27,Antigua and Barbuda,4259.0,23.0,118.0,0.0,43138.725,1195.203,0.0,0.0,98728.0
2021-12-28,Antigua and Barbuda,4259.0,0.0,118.0,0.0,43138.725,1195.203,0.0,0.0,98728.0
2021-12-29,Antigua and Barbuda,4259.0,0.0,118.0,0.0,43138.725,1195.203,62283.0,58863.0,98728.0
2021-12-30,Antigua and Barbuda,4283.0,24.0,119.0,1.0,43381.817,1205.332,0.0,0.0,98728.0
2021-12-31,Antigua and Barbuda,4283.0,0.0,119.0,0.0,43381.817,1205.332,0.0,0.0,98728.0
2022-01-01,Antigua and Barbuda,4283.0,0.0,119.0,0.0,43381.817,1205.332,0.0,0.0,98728.0
2022-01-02,Antigua and Barbuda,4283.0,0.0,119.0,0.0,43381.817,1205.332,0.0,0.0,98728.0
2022-01-03,Antigua and Barbuda,4283.0,0.0,119.0,0.0,43381.817,1205.332,0.0,0.0,98728.0
2022-01-04,Antigua and Barbuda,4486.0,203.0,119.0,0.0,45437.971,1205.332,0.0,0.0,98728.0
2022-01-05,Antigua and Barbuda,4486.0,0.0,119.0,0.0,45437.971,1205.332,0.0,0.0,98728.0
2022-01-06,Antigua and Barbuda,4715.0,229.0,119.0,0.0,47757.475,1205.332,62361.0,59054.0,98728.0
2022-01-07,Antigua and Barbuda,4715.0,0.0,119.0,0.0,47757.475,1205.332,0.0,0.0,98728.0
2022-01-08,Antigua and Barbuda,4844.0,129.0,119.0,0.0,49064.095,1205.332,0.0,0.0,98728.0
2022-01-09,Antigua and Barbuda,5058.0,214.0,120.0,1.0,51231.667,1215.461,0.0,0.0,98728.0
2022-01-10,Antigua and Barbuda,5058.0,0.0,120.0,0.0,51231.667,1215.461,0.0,0.0,98728.0
2022-01-11,Antigua and Barbuda,5058.0,0.0,120.0,0.0,51231.667,1215.461,0.0,0.0,98728.0
2022-01-12,Antigua and Barbuda,5214.0,156.0,120.0,0.0,52811.766,1215.461,0.0,0.0,98728.0
2022-01-13,Antigua and Barbuda,5214.0,0.0,120.0,0.0,52811.766,1215.461,62743.0,59472.0,98728.0
2022-01-14,Antigua and Barbuda,5246.0,32.0,120.0,0.0,53135.889,1215.461,0.0,0.0,98728.0
2022-01-15,Antigua and Barbuda,5321.0,75.0,120.0,0.0,53895.551,1215.461,0.0,0.0,98728.0
2022-01-16,Antigua and Barbuda,5321.0,0.0,120.0,0.0,53895.551,1215.461,0.0,0.0,98728.0
2022-01-17,Antigua and Barbuda,5321.0,0.0,120.0,0.0,53895.551,1215.461,0.0,0.0,98728.0
2022-01-18,Antigua and Barbuda,5346.0,25.0,121.0,1.0,54148.772,1225.589,0.0,0.0,98728.0
2022-01-19,Antigua and Barbuda,5741.0,395.0,121.0,0.0,58149.664,1225.589,0.0,0.0,98728.0
2022-01-20,Antigua and Barbuda,5741.0,0.0,121.0,0.0,58149.664,1225.589,0.0,0.0,98728.0
2022-01-21,Antigua and Barbuda,5815.0,74.0,122.0,1.0,58899.198,1235.718,0.0,0.0,98728.0
2022-01-22,Antigua and Barbuda,5931.0,116.0,122.0,0.0,60074.143,1235.718,0.0,0.0,98728.0
2022-01-23,Antigua and Barbuda,5931.0,0.0,122.0,0.0,60074.143,1235.718,0.0,0.0,98728.0
2022-01-24,Antigua and Barbuda,6023.0,92.0,122.0,0.0,61005.996,1235.718,0.0,0.0,98728.0
2022-01-25,Antigua and Barbuda,6023.0,0.0,122.0,0.0,61005.996,1235.718,0.0,0.0,98728.0
2022-01-26,Antigua and Barbuda,6442.0,419.0,126.0,4.0,65249.98,1276.234,63197.0,60358.0,98728.0
2022-01-27,Antigua and Barbuda,6524.0,82.0,127.0,1.0,66080.545,1286.363,0.0,0.0,98728.0
2022-01-28,Antigua and Barbuda,6558.0,34.0,127.0,0.0,66424.925,1286.363,0.0,0.0,98728.0
2022-01-29,Antigua and Barbuda,6558.0,0.0,127.0,0.0,66424.925,1286.363,0.0,0.0,98728.0
2022-01-30,Antigua and Barbuda,6558.0,0.0,127.0,0.0,66424.925,1286.363,0.0,0.0,98728.0
2022-01-31,Antigua and Barbuda,6627.0,69.0,127.0,0.0,67123.815,1286.363,0.0,0.0,98728.0
2022-02-01,Antigua and Barbuda,6627.0,0.0,127.0,0.0,67123.815,1286.363,0.0,0.0,98728.0
2022-02-02,Antigua and Barbuda,6732.0,105.0,127.0,0.0,68187.343,1286.363,0.0,0.0,98728.0
2022-02-03,Antigua and Barbuda,6732.0,0.0,127.0,0.0,68187.343,1286.363,0.0,0.0,98728.0
2022-02-04,Antigua and Barbuda,6732.0,0.0,127.0,0.0,68187.343,1286.363,0.0,0.0,98728.0
2022-02-05,Antigua and Barbuda,6732.0,0.0,127.0,0.0,68187.343,1286.363,63244.0,60492.0,98728.0
2022-02-06,Antigua and Barbuda,6853.0,121.0,131.0,4.0,69412.933,1326.878,0.0,0.0,98728.0
2022-02-07,Antigua and Barbuda,6853.0,0.0,131.0,0.0,69412.933,1326.878,0.0,0.0,98728.0
2022-02-08,Antigua and Barbuda,6853.0,0.0,131.0,0.0,69412.933,1326.878,0.0,0.0,98728.0
2022-02-09,Antigua and Barbuda,6853.0,0.0,131.0,0.0,69412.933,1326.878,0.0,0.0,98728.0
2022-02-10,Antigua and Barbuda,7321.0,468.0,134.0,3.0,74153.229,1357.264,0.0,0.0,98728.0
2022-02-11,Antigua and Barbuda,7331.0,10.0,134.0,0.0,74254.517,1357.264,0.0,0.0,98728.0
2022-02-12,Antigua and Barbuda,7331.0,0.0,134.0,0.0,74254.517,1357.264,0.0,0.0,98728.0
2022-02-13,Antigua and Barbuda,7331.0,0.0,134.0,0.0,74254.517,1357.264,0.0,0.0,98728.0
2022-02-14,Antigua and Barbuda,7331.0,0.0,134.0,0.0,74254.517,1357.264,0.0,0.0,98728.0
2022-02-15,Antigua and Barbuda,7342.0,11.0,134.0,0.0,74365.935,1357.264,0.0,0.0,98728.0
2022-02-16,Antigua and Barbuda,7395.0,53.0,135.0,1.0,74902.763,1367.393,0.0,0.0,98728.0
2022-02-17,Antigua and Barbuda,7395.0,0.0,135.0,0.0,74902.763,1367.393,63492.0,60963.0,98728.0
2022-02-18,Antigua and Barbuda,7400.0,5.0,135.0,0.0,74953.407,1367.393,0.0,0.0,98728.0
2022-02-19,Antigua and Barbuda,7408.0,8.0,135.0,0.0,75034.438,1367.393,0.0,0.0,98728.0
2022-02-20,Antigua and Barbuda,7408.0,0.0,135.0,0.0,75034.438,1367.393,0.0,0.0,98728.0
2022-02-21,Antigua and Barbuda,7408.0,0.0,135.0,0.0,75034.438,1367.393,0.0,0.0,98728.0
2022-02-22,Antigua and Barbuda,7408.0,0.0,135.0,0.0,75034.438,1367.393,0.0,0.0,98728.0
2022-02-23,Antigua and Barbuda,7429.0,21.0,135.0,0.0,75247.144,1367.393,0.0,0.0,98728.0
2022-02-24,Antigua and Barbuda,7435.0,6.0,135.0,0.0,75307.917,1367.393,0.0,0.0,98728.0
2022-02-25,Antigua and Barbuda,7437.0,2.0,135.0,0.0,75328.174,1367.393,0.0,0.0,98728.0
2022-02-26,Antigua and Barbuda,7437.0,0.0,135.0,0.0,75328.174,1367.393,0.0,0.0,98728.0
2022-02-27,Antigua and Barbuda,7437.0,0.0,135.0,0.0,75328.174,1367.393,0.0,0.0,98728.0
2022-02-28,Antigua and Barbuda,7437.0,0.0,135.0,0.0,75328.174,1367.393,63582.0,61144.0,98728.0
2022-03-01,Antigua and Barbuda,7447.0,10.0,135.0,0.0,75429.463,1367.393,63704.0,61327.0,98728.0
2022-03-02,Antigua and Barbuda,7449.0,2.0,135.0,0.0,75449.72,1367.393,0.0,0.0,98728.0
2022-03-03,Antigua and Barbuda,7449.0,0.0,135.0,0.0,75449.72,1367.393,0.0,0.0,98728.0
2022-03-04,Antigua and Barbuda,7449.0,0.0,135.0,0.0,75449.72,1367.393,0.0,0.0,98728.0
2022-03-05,Antigua and Barbuda,7455.0,6.0,135.0,0.0,75510.493,1367.393,0.0,0.0,98728.0
2020-01-01,Argentina,0.0,0.0,0.0,0.0,0.0,0.0,0.0,0.0,45605823.0
2020-01-02,Argentina,0.0,0.0,0.0,0.0,0.0,0.0,0.0,0.0,45605823.0
2020-01-03,Argentina,0.0,0.0,0.0,0.0,0.0,0.0,0.0,0.0,45605823.0
2020-01-04,Argentina,0.0,0.0,0.0,0.0,0.0,0.0,0.0,0.0,45605823.0
2020-01-05,Argentina,0.0,0.0,0.0,0.0,0.0,0.0,0.0,0.0,45605823.0
2020-01-06,Argentina,0.0,0.0,0.0,0.0,0.0,0.0,0.0,0.0,45605823.0
2020-01-07,Argentina,0.0,0.0,0.0,0.0,0.0,0.0,0.0,0.0,45605823.0
2020-01-08,Argentina,0.0,0.0,0.0,0.0,0.0,0.0,0.0,0.0,45605823.0
2020-01-09,Argentina,0.0,0.0,0.0,0.0,0.0,0.0,0.0,0.0,45605823.0
2020-01-10,Argentina,0.0,0.0,0.0,0.0,0.0,0.0,0.0,0.0,45605823.0
2020-01-11,Argentina,0.0,0.0,0.0,0.0,0.0,0.0,0.0,0.0,45605823.0
2020-01-12,Argentina,0.0,0.0,0.0,0.0,0.0,0.0,0.0,0.0,45605823.0
2020-01-13,Argentina,0.0,0.0,0.0,0.0,0.0,0.0,0.0,0.0,45605823.0
2020-01-14,Argentina,0.0,0.0,0.0,0.0,0.0,0.0,0.0,0.0,45605823.0
2020-01-15,Argentina,0.0,0.0,0.0,0.0,0.0,0.0,0.0,0.0,45605823.0
2020-01-16,Argentina,0.0,0.0,0.0,0.0,0.0,0.0,0.0,0.0,45605823.0
2020-01-17,Argentina,0.0,0.0,0.0,0.0,0.0,0.0,0.0,0.0,45605823.0
2020-01-18,Argentina,0.0,0.0,0.0,0.0,0.0,0.0,0.0,0.0,45605823.0
2020-01-19,Argentina,0.0,0.0,0.0,0.0,0.0,0.0,0.0,0.0,45605823.0
2020-01-20,Argentina,0.0,0.0,0.0,0.0,0.0,0.0,0.0,0.0,45605823.0
2020-01-21,Argentina,0.0,0.0,0.0,0.0,0.0,0.0,0.0,0.0,45605823.0
2020-01-22,Argentina,0.0,0.0,0.0,0.0,0.0,0.0,0.0,0.0,45605823.0
2020-01-23,Argentina,0.0,0.0,0.0,0.0,0.0,0.0,0.0,0.0,45605823.0
2020-01-24,Argentina,0.0,0.0,0.0,0.0,0.0,0.0,0.0,0.0,45605823.0
2020-01-25,Argentina,0.0,0.0,0.0,0.0,0.0,0.0,0.0,0.0,45605823.0
2020-01-26,Argentina,0.0,0.0,0.0,0.0,0.0,0.0,0.0,0.0,45605823.0
2020-01-27,Argentina,0.0,0.0,0.0,0.0,0.0,0.0,0.0,0.0,45605823.0
2020-01-28,Argentina,0.0,0.0,0.0,0.0,0.0,0.0,0.0,0.0,45605823.0
2020-01-29,Argentina,0.0,0.0,0.0,0.0,0.0,0.0,0.0,0.0,45605823.0
2020-01-30,Argentina,0.0,0.0,0.0,0.0,0.0,0.0,0.0,0.0,45605823.0
2020-01-31,Argentina,0.0,0.0,0.0,0.0,0.0,0.0,0.0,0.0,45605823.0
2020-02-01,Argentina,0.0,0.0,0.0,0.0,0.0,0.0,0.0,0.0,45605823.0
2020-02-02,Argentina,0.0,0.0,0.0,0.0,0.0,0.0,0.0,0.0,45605823.0
2020-02-03,Argentina,0.0,0.0,0.0,0.0,0.0,0.0,0.0,0.0,45605823.0
2020-02-04,Argentina,0.0,0.0,0.0,0.0,0.0,0.0,0.0,0.0,45605823.0
2020-02-05,Argentina,0.0,0.0,0.0,0.0,0.0,0.0,0.0,0.0,45605823.0
2020-02-06,Argentina,0.0,0.0,0.0,0.0,0.0,0.0,0.0,0.0,45605823.0
2020-02-07,Argentina,0.0,0.0,0.0,0.0,0.0,0.0,0.0,0.0,45605823.0
2020-02-08,Argentina,0.0,0.0,0.0,0.0,0.0,0.0,0.0,0.0,45605823.0
2020-02-09,Argentina,0.0,0.0,0.0,0.0,0.0,0.0,0.0,0.0,45605823.0
2020-02-10,Argentina,0.0,0.0,0.0,0.0,0.0,0.0,0.0,0.0,45605823.0
2020-02-11,Argentina,0.0,0.0,0.0,0.0,0.0,0.0,0.0,0.0,45605823.0
2020-02-12,Argentina,0.0,0.0,0.0,0.0,0.0,0.0,0.0,0.0,45605823.0
2020-02-13,Argentina,0.0,0.0,0.0,0.0,0.0,0.0,0.0,0.0,45605823.0
2020-02-14,Argentina,0.0,0.0,0.0,0.0,0.0,0.0,0.0,0.0,45605823.0
2020-02-15,Argentina,0.0,0.0,0.0,0.0,0.0,0.0,0.0,0.0,45605823.0
2020-02-16,Argentina,0.0,0.0,0.0,0.0,0.0,0.0,0.0,0.0,45605823.0
2020-02-17,Argentina,0.0,0.0,0.0,0.0,0.0,0.0,0.0,0.0,45605823.0
2020-02-18,Argentina,0.0,0.0,0.0,0.0,0.0,0.0,0.0,0.0,45605823.0
2020-02-19,Argentina,0.0,0.0,0.0,0.0,0.0,0.0,0.0,0.0,45605823.0
2020-02-20,Argentina,0.0,0.0,0.0,0.0,0.0,0.0,0.0,0.0,45605823.0
2020-02-21,Argentina,0.0,0.0,0.0,0.0,0.0,0.0,0.0,0.0,45605823.0
2020-02-22,Argentina,0.0,0.0,0.0,0.0,0.0,0.0,0.0,0.0,45605823.0
2020-02-23,Argentina,0.0,0.0,0.0,0.0,0.0,0.0,0.0,0.0,45605823.0
2020-02-24,Argentina,0.0,0.0,0.0,0.0,0.0,0.0,0.0,0.0,45605823.0
2020-02-25,Argentina,0.0,0.0,0.0,0.0,0.0,0.0,0.0,0.0,45605823.0
2020-02-26,Argentina,0.0,0.0,0.0,0.0,0.0,0.0,0.0,0.0,45605823.0
2020-02-27,Argentina,0.0,0.0,0.0,0.0,0.0,0.0,0.0,0.0,45605823.0
2020-02-28,Argentina,0.0,0.0,0.0,0.0,0.0,0.0,0.0,0.0,45605823.0
2020-02-29,Argentina,0.0,0.0,0.0,0.0,0.0,0.0,0.0,0.0,45605823.0
2020-03-01,Argentina,0.0,0.0,0.0,0.0,0.0,0.0,0.0,0.0,45605823.0
2020-03-02,Argentina,0.0,0.0,0.0,0.0,0.0,0.0,0.0,0.0,45605823.0
2020-03-03,Argentina,1.0,1.0,0.0,0.0,0.022,0.0,0.0,0.0,45605823.0
2020-03-04,Argentina,1.0,0.0,0.0,0.0,0.022,0.0,0.0,0.0,45605823.0
2020-03-05,Argentina,1.0,0.0,0.0,0.0,0.022,0.0,0.0,0.0,45605823.0
2020-03-06,Argentina,2.0,1.0,0.0,0.0,0.044,0.0,0.0,0.0,45605823.0
2020-03-07,Argentina,8.0,6.0,0.0,0.0,0.175,0.0,0.0,0.0,45605823.0
2020-03-08,Argentina,12.0,4.0,1.0,1.0,0.263,0.022,0.0,0.0,45605823.0
2020-03-09,Argentina,12.0,0.0,1.0,0.0,0.263,0.022,0.0,0.0,45605823.0
2020-03-10,Argentina,17.0,5.0,1.0,0.0,0.373,0.022,0.0,0.0,45605823.0
2020-03-11,Argentina,19.0,2.0,1.0,0.0,0.417,0.022,0.0,0.0,45605823.0
2020-03-12,Argentina,19.0,0.0,1.0,0.0,0.417,0.022,0.0,0.0,45605823.0
2020-03-13,Argentina,31.0,12.0,2.0,1.0,0.68,0.044,0.0,0.0,45605823.0
2020-03-14,Argentina,34.0,3.0,2.0,0.0,0.746,0.044,0.0,0.0,45605823.0
2020-03-15,Argentina,45.0,11.0,2.0,0.0,0.987,0.044,0.0,0.0,45605823.0
2020-03-16,Argentina,56.0,11.0,2.0,0.0,1.228,0.044,0.0,0.0,45605823.0
2020-03-17,Argentina,68.0,12.0,2.0,0.0,1.491,0.044,0.0,0.0,45605823.0
2020-03-18,Argentina,79.0,11.0,2.0,0.0,1.732,0.044,0.0,0.0,45605823.0
2020-03-19,Argentina,97.0,18.0,3.0,1.0,2.127,0.066,0.0,0.0,45605823.0
2020-03-20,Argentina,128.0,31.0,3.0,0.0,2.807,0.066,0.0,0.0,45605823.0
2020-03-21,Argentina,158.0,30.0,4.0,1.0,3.464,0.088,0.0,0.0,45605823.0
2020-03-22,Argentina,266.0,108.0,4.0,0.0,5.833,0.088,0.0,0.0,45605823.0
2020-03-23,Argentina,301.0,35.0,4.0,0.0,6.6,0.088,0.0,0.0,45605823.0
2020-03-24,Argentina,387.0,86.0,6.0,2.0,8.486,0.132,0.0,0.0,45605823.0
2020-03-25,Argentina,387.0,0.0,8.0,2.0,8.486,0.175,0.0,0.0,45605823.0
2020-03-26,Argentina,502.0,115.0,9.0,1.0,11.007,0.197,0.0,0.0,45605823.0
2020-03-27,Argentina,589.0,87.0,13.0,4.0,12.915,0.285,0.0,0.0,45605823.0
2020-03-28,Argentina,690.0,101.0,18.0,5.0,15.13,0.395,0.0,0.0,45605823.0
2020-03-29,Argentina,745.0,55.0,19.0,1.0,16.336,0.417,0.0,0.0,45605823.0
2020-03-30,Argentina,820.0,75.0,23.0,4.0,17.98,0.504,0.0,0.0,45605823.0
2020-03-31,Argentina,1054.0,234.0,27.0,4.0,23.111,0.592,0.0,0.0,45605823.0
2020-04-01,Argentina,1054.0,0.0,28.0,1.0,23.111,0.614,0.0,0.0,45605823.0
2020-04-02,Argentina,1133.0,79.0,36.0,8.0,24.843,0.789,0.0,0.0,45605823.0
2020-04-03,Argentina,1265.0,132.0,39.0,3.0,27.738,0.855,0.0,0.0,45605823.0
2020-04-04,Argentina,1451.0,186.0,43.0,4.0,31.816,0.943,0.0,0.0,45605823.0
2020-04-05,Argentina,1451.0,0.0,44.0,1.0,31.816,0.965,0.0,0.0,45605823.0
2020-04-06,Argentina,1554.0,103.0,48.0,4.0,34.075,1.052,0.0,0.0,45605823.0
2020-04-07,Argentina,1628.0,74.0,56.0,8.0,35.697,1.228,0.0,0.0,45605823.0
2020-04-08,Argentina,1715.0,87.0,63.0,7.0,37.605,1.381,0.0,0.0,45605823.0
2020-04-09,Argentina,1795.0,80.0,72.0,9.0,39.359,1.579,0.0,0.0,45605823.0
2020-04-10,Argentina,1975.0,180.0,82.0,10.0,43.306,1.798,0.0,0.0,45605823.0
2020-04-11,Argentina,1975.0,0.0,83.0,1.0,43.306,1.82,0.0,0.0,45605823.0
2020-04-12,Argentina,2142.0,167.0,90.0,7.0,46.968,1.973,0.0,0.0,45605823.0
2020-04-13,Argentina,2208.0,66.0,97.0,7.0,48.415,2.127,0.0,0.0,45605823.0
2020-04-14,Argentina,2277.0,69.0,102.0,5.0,49.928,2.237,0.0,0.0,45605823.0
2020-04-15,Argentina,2443.0,166.0,111.0,9.0,53.568,2.434,0.0,0.0,45605823.0
2020-04-16,Argentina,2571.0,128.0,115.0,4.0,56.374,2.522,0.0,0.0,45605823.0
2020-04-17,Argentina,2669.0,98.0,123.0,8.0,58.523,2.697,0.0,0.0,45605823.0
2020-04-18,Argentina,2758.0,89.0,129.0,6.0,60.475,2.829,0.0,0.0,45605823.0
2020-04-19,Argentina,2839.0,81.0,132.0,3.0,62.251,2.894,0.0,0.0,45605823.0
2020-04-20,Argentina,2941.0,102.0,136.0,4.0,64.487,2.982,0.0,0.0,45605823.0
2020-04-21,Argentina,3031.0,90.0,147.0,11.0,66.461,3.223,0.0,0.0,45605823.0
2020-04-22,Argentina,3144.0,113.0,152.0,5.0,68.939,3.333,0.0,0.0,45605823.0
2020-04-23,Argentina,3435.0,291.0,165.0,13.0,75.319,3.618,0.0,0.0,45605823.0
2020-04-24,Argentina,3607.0,172.0,176.0,11.0,79.091,3.859,0.0,0.0,45605823.0
2020-04-25,Argentina,3780.0,173.0,185.0,9.0,82.884,4.056,0.0,0.0,45605823.0
2020-04-26,Argentina,3892.0,112.0,192.0,7.0,85.34,4.21,0.0,0.0,45605823.0
2020-04-27,Argentina,4003.0,111.0,197.0,5.0,87.774,4.32,0.0,0.0,45605823.0
2020-04-28,Argentina,4127.0,124.0,207.0,10.0,90.493,4.539,0.0,0.0,45605823.0
2020-04-29,Argentina,4285.0,158.0,214.0,7.0,93.957,4.692,0.0,0.0,45605823.0
2020-04-30,Argentina,4428.0,143.0,218.0,4.0,97.093,4.78,0.0,0.0,45605823.0
2020-05-01,Argentina,4532.0,104.0,225.0,7.0,99.373,4.934,0.0,0.0,45605823.0
2020-05-02,Argentina,4681.0,149.0,237.0,12.0,102.64,5.197,0.0,0.0,45605823.0
2020-05-03,Argentina,4783.0,102.0,246.0,9.0,104.877,5.394,0.0,0.0,45605823.0
2020-05-04,Argentina,4887.0,104.0,260.0,14.0,107.157,5.701,0.0,0.0,45605823.0
2020-05-05,Argentina,5020.0,133.0,264.0,4.0,110.074,5.789,0.0,0.0,45605823.0
2020-05-06,Argentina,5208.0,188.0,273.0,9.0,114.196,5.986,0.0,0.0,45605823.0
2020-05-07,Argentina,5371.0,163.0,282.0,9.0,117.77,6.183,0.0,0.0,45605823.0
2020-05-08,Argentina,5611.0,240.0,293.0,11.0,123.033,6.425,0.0,0.0,45605823.0
2020-05-09,Argentina,5776.0,165.0,300.0,7.0,126.65,6.578,0.0,0.0,45605823.0
2020-05-10,Argentina,6034.0,258.0,305.0,5.0,132.308,6.688,0.0,0.0,45605823.0
2020-05-11,Argentina,6278.0,244.0,314.0,9.0,137.658,6.885,0.0,0.0,45605823.0
2020-05-12,Argentina,6563.0,285.0,319.0,5.0,143.907,6.995,0.0,0.0,45605823.0
2020-05-13,Argentina,6879.0,316.0,329.0,10.0,150.836,7.214,0.0,0.0,45605823.0
2020-05-14,Argentina,7134.0,255.0,353.0,24.0,156.427,7.74,0.0,0.0,45605823.0
2020-05-15,Argentina,7479.0,345.0,356.0,3.0,163.992,7.806,0.0,0.0,45605823.0
2020-05-16,Argentina,7805.0,326.0,363.0,7.0,171.14,7.96,0.0,0.0,45605823.0
2020-05-17,Argentina,8068.0,263.0,373.0,10.0,176.907,8.179,0.0,0.0,45605823.0
2020-05-18,Argentina,8371.0,303.0,382.0,9.0,183.551,8.376,0.0,0.0,45605823.0
2020-05-19,Argentina,8809.0,438.0,393.0,11.0,193.155,8.617,0.0,0.0,45605823.0
2020-05-20,Argentina,9283.0,474.0,403.0,10.0,203.549,8.837,0.0,0.0,45605823.0
2020-05-21,Argentina,9931.0,648.0,416.0,13.0,217.757,9.122,0.0,0.0,45605823.0
2020-05-22,Argentina,10649.0,718.0,433.0,17.0,233.501,9.494,0.0,0.0,45605823.0
2020-05-23,Argentina,11353.0,704.0,445.0,12.0,248.938,9.758,0.0,0.0,45605823.0
2020-05-24,Argentina,12076.0,723.0,452.0,7.0,264.791,9.911,0.0,0.0,45605823.0
2020-05-25,Argentina,12628.0,552.0,467.0,15.0,276.894,10.24,0.0,0.0,45605823.0
2020-05-26,Argentina,13228.0,600.0,484.0,17.0,290.051,10.613,0.0,0.0,45605823.0
2020-05-27,Argentina,13933.0,705.0,500.0,16.0,305.509,10.964,0.0,0.0,45605823.0
2020-05-28,Argentina,14702.0,769.0,508.0,8.0,322.371,11.139,0.0,0.0,45605823.0
2020-05-29,Argentina,15419.0,717.0,520.0,12.0,338.093,11.402,0.0,0.0,45605823.0
2020-05-30,Argentina,16214.0,795.0,528.0,8.0,355.525,11.577,0.0,0.0,45605823.0
2020-05-31,Argentina,16851.0,637.0,539.0,11.0,369.492,11.819,0.0,0.0,45605823.0
2020-06-01,Argentina,17415.0,564.0,556.0,17.0,381.859,12.191,0.0,0.0,45605823.0
2020-06-02,Argentina,18319.0,904.0,569.0,13.0,401.681,12.476,0.0,0.0,45605823.0
2020-06-03,Argentina,19268.0,949.0,583.0,14.0,422.49,12.783,0.0,0.0,45605823.0
2020-06-04,Argentina,20197.0,929.0,608.0,25.0,442.86,13.332,0.0,0.0,45605823.0
2020-06-05,Argentina,21037.0,840.0,632.0,24.0,461.279,13.858,0.0,0.0,45605823.0
2020-06-06,Argentina,22020.0,983.0,648.0,16.0,482.833,14.209,0.0,0.0,45605823.0
2020-06-07,Argentina,22794.0,774.0,664.0,16.0,499.805,14.56,0.0,0.0,45605823.0
2020-06-08,Argentina,23620.0,826.0,693.0,29.0,517.916,15.195,0.0,0.0,45605823.0
2020-06-09,Argentina,24761.0,1141.0,717.0,24.0,542.935,15.722,0.0,0.0,45605823.0
2020-06-10,Argentina,25987.0,1226.0,735.0,18.0,569.818,16.116,0.0,0.0,45605823.0
2020-06-11,Argentina,27373.0,1386.0,765.0,30.0,600.208,16.774,0.0,0.0,45605823.0
2020-06-12,Argentina,28764.0,1391.0,785.0,20.0,630.709,17.213,0.0,0.0,45605823.0
2020-06-13,Argentina,30295.0,1531.0,815.0,30.0,664.279,17.871,0.0,0.0,45605823.0
2020-06-14,Argentina,31577.0,1282.0,833.0,18.0,692.39,18.265,0.0,0.0,45605823.0
2020-06-15,Argentina,32785.0,1208.0,854.0,21.0,718.877,18.726,0.0,0.0,45605823.0
2020-06-16,Argentina,34159.0,1374.0,878.0,24.0,749.005,19.252,0.0,0.0,45605823.0
2020-06-17,Argentina,35552.0,1393.0,913.0,35.0,779.55,20.019,0.0,0.0,45605823.0
2020-06-18,Argentina,37510.0,1958.0,948.0,35.0,822.483,20.787,0.0,0.0,45605823.0
2020-06-19,Argentina,39570.0,2060.0,979.0,31.0,867.652,21.467,0.0,0.0,45605823.0
2020-06-20,Argentina,41204.0,1634.0,992.0,13.0,903.481,21.752,0.0,0.0,45605823.0
2020-06-21,Argentina,42785.0,1581.0,1011.0,19.0,938.148,22.168,0.0,0.0,45605823.0
2020-06-22,Argentina,44931.0,2146.0,1043.0,32.0,985.203,22.87,0.0,0.0,45605823.0
2020-06-23,Argentina,47203.0,2272.0,1078.0,35.0,1035.021,23.637,0.0,0.0,45605823.0
2020-06-24,Argentina,49851.0,2648.0,1116.0,38.0,1093.084,24.471,0.0,0.0,45605823.0
2020-06-25,Argentina,52457.0,2606.0,1150.0,34.0,1150.226,25.216,0.0,0.0,45605823.0
2020-06-26,Argentina,55343.0,2886.0,1184.0,34.0,1213.507,25.962,0.0,0.0,45605823.0
2020-06-27,Argentina,57744.0,2401.0,1207.0,23.0,1266.154,26.466,0.0,0.0,45605823.0
2020-06-28,Argentina,59933.0,2189.0,1232.0,25.0,1314.152,27.014,0.0,0.0,45605823.0
2020-06-29,Argentina,62268.0,2335.0,1280.0,48.0,1365.352,28.067,0.0,0.0,45605823.0
2020-06-30,Argentina,64530.0,2262.0,1307.0,27.0,1414.951,28.659,0.0,0.0,45605823.0
2020-07-01,Argentina,67197.0,2667.0,1351.0,44.0,1473.43,29.623,0.0,0.0,45605823.0
2020-07-02,Argentina,69941.0,2744.0,1385.0,34.0,1533.598,30.369,0.0,0.0,45605823.0
2020-07-03,Argentina,72786.0,2845.0,1437.0,52.0,1595.98,31.509,0.0,0.0,45605823.0
2020-07-04,Argentina,75376.0,2590.0,1481.0,44.0,1652.771,32.474,0.0,0.0,45605823.0
2020-07-05,Argentina,77815.0,2439.0,1507.0,26.0,1706.251,33.044,0.0,0.0,45605823.0
2020-07-06,Argentina,80447.0,2632.0,1582.0,75.0,1763.963,34.689,0.0,0.0,45605823.0
2020-07-07,Argentina,83426.0,2979.0,1644.0,62.0,1829.284,36.048,0.0,0.0,45605823.0
2020-07-08,Argentina,87030.0,3604.0,1694.0,50.0,1908.309,37.144,0.0,0.0,45605823.0
2020-07-09,Argentina,90693.0,3663.0,1720.0,26.0,1988.628,37.714,0.0,0.0,45605823.0
2020-07-10,Argentina,94060.0,3367.0,1774.0,54.0,2062.456,38.899,0.0,0.0,45605823.0
2020-07-11,Argentina,97509.0,3449.0,1810.0,36.0,2138.082,39.688,0.0,0.0,45605823.0
2020-07-12,Argentina,100166.0,2657.0,1845.0,35.0,2196.342,40.455,0.0,0.0,45605823.0
2020-07-13,Argentina,103265.0,3099.0,1903.0,58.0,2264.294,41.727,0.0,0.0,45605823.0
2020-07-14,Argentina,106910.0,3645.0,1968.0,65.0,2344.218,43.152,0.0,0.0,45605823.0
2020-07-15,Argentina,111146.0,4236.0,2050.0,82.0,2437.101,44.95,0.0,0.0,45605823.0
2020-07-16,Argentina,114783.0,3637.0,2112.0,62.0,2516.85,46.31,0.0,0.0,45605823.0
2020-07-17,Argentina,119301.0,4518.0,2178.0,66.0,2615.916,47.757,0.0,0.0,45605823.0
2020-07-18,Argentina,122524.0,3223.0,2220.0,42.0,2686.587,48.678,0.0,0.0,45605823.0
2020-07-19,Argentina,126755.0,4231.0,2260.0,40.0,2779.36,49.555,0.0,0.0,45605823.0
2020-07-20,Argentina,130774.0,4019.0,2373.0,113.0,2867.485,52.033,0.0,0.0,45605823.0
2020-07-21,Argentina,136118.0,5344.0,2490.0,117.0,2984.663,54.598,0.0,0.0,45605823.0
2020-07-22,Argentina,141900.0,5782.0,2588.0,98.0,3111.445,56.747,0.0,0.0,45605823.0
2020-07-23,Argentina,148027.0,6127.0,2702.0,114.0,3245.792,59.247,0.0,0.0,45605823.0
2020-07-24,Argentina,153520.0,5493.0,2807.0,105.0,3366.237,61.549,0.0,0.0,45605823.0
2020-07-25,Argentina,158334.0,4814.0,2893.0,86.0,3471.794,63.435,0.0,0.0,45605823.0
2020-07-26,Argentina,162526.0,4192.0,2939.0,46.0,3563.712,64.444,0.0,0.0,45605823.0
2020-07-27,Argentina,167416.0,4890.0,3059.0,120.0,3670.935,67.075,0.0,0.0,45605823.0
2020-07-28,Argentina,173355.0,5939.0,3179.0,120.0,3801.159,69.706,0.0,0.0,45605823.0
2020-07-29,Argentina,178996.0,5641.0,3288.0,109.0,3924.85,72.096,0.0,0.0,45605823.0
2020-07-30,Argentina,185373.0,6377.0,3441.0,153.0,4064.678,75.451,0.0,0.0,45605823.0
2020-07-31,Argentina,191302.0,5929.0,3543.0,102.0,4194.684,77.687,0.0,0.0,45605823.0
2020-08-01,Argentina,196543.0,5241.0,3596.0,53.0,4309.603,78.85,0.0,0.0,45605823.0
2020-08-02,Argentina,201919.0,5376.0,3648.0,52.0,4427.483,79.99,0.0,0.0,45605823.0
2020-08-03,Argentina,206743.0,4824.0,3813.0,165.0,4533.259,83.608,0.0,0.0,45605823.0
2020-08-04,Argentina,213535.0,6792.0,3979.0,166.0,4682.187,87.248,0.0,0.0,45605823.0
2020-08-05,Argentina,220682.0,7147.0,4106.0,127.0,4838.9,90.032,0.0,0.0,45605823.0
2020-08-06,Argentina,228195.0,7513.0,4251.0,145.0,5003.637,93.212,0.0,0.0,45605823.0
2020-08-07,Argentina,235677.0,7482.0,4411.0,160.0,5167.695,96.72,0.0,0.0,45605823.0
2020-08-08,Argentina,241811.0,6134.0,4523.0,112.0,5302.196,99.176,0.0,0.0,45605823.0
2020-08-09,Argentina,246499.0,4688.0,4606.0,83.0,5404.99,100.996,0.0,0.0,45605823.0
2020-08-10,Argentina,253868.0,7369.0,4764.0,158.0,5566.57,104.46,0.0,0.0,45605823.0
2020-08-11,Argentina,260911.0,7043.0,5004.0,240.0,5721.002,109.723,0.0,0.0,45605823.0
2020-08-12,Argentina,268574.0,7663.0,5213.0,209.0,5889.029,114.306,0.0,0.0,45605823.0
2020-08-13,Argentina,276072.0,7498.0,5362.0,149.0,6053.438,117.573,0.0,0.0,45605823.0
2020-08-14,Argentina,282437.0,6365.0,5527.0,165.0,6193.003,121.191,0.0,0.0,45605823.0
2020-08-15,Argentina,289100.0,6663.0,5637.0,110.0,6339.103,123.603,0.0,0.0,45605823.0
2020-08-16,Argentina,294569.0,5469.0,5703.0,66.0,6459.022,125.05,0.0,0.0,45605823.0
2020-08-17,Argentina,299126.0,4557.0,5814.0,111.0,6558.943,127.484,0.0,0.0,45605823.0
2020-08-18,Argentina,305966.0,6840.0,6048.0,234.0,6708.924,132.615,0.0,0.0,45605823.0
2020-08-19,Argentina,312659.0,6693.0,6330.0,282.0,6855.682,138.798,0.0,0.0,45605823.0
2020-08-20,Argentina,320884.0,8225.0,6517.0,187.0,7036.031,142.898,0.0,0.0,45605823.0
2020-08-21,Argentina,329043.0,8159.0,6730.0,213.0,7214.934,147.569,0.0,0.0,45605823.0
2020-08-22,Argentina,336802.0,7759.0,6848.0,118.0,7385.066,150.156,0.0,0.0,45605823.0
2020-08-23,Argentina,342154.0,5352.0,6985.0,137.0,7502.419,153.16,0.0,0.0,45605823.0
2020-08-24,Argentina,350867.0,8713.0,7366.0,381.0,7693.469,161.514,0.0,0.0,45605823.0
2020-08-25,Argentina,359638.0,8771.0,7563.0,197.0,7885.791,165.834,0.0,0.0,45605823.0
2020-08-26,Argentina,370188.0,10550.0,7839.0,276.0,8117.121,171.886,0.0,0.0,45605823.0
2020-08-27,Argentina,380292.0,10104.0,8050.0,211.0,8338.672,176.513,0.0,0.0,45605823.0
2020-08-28,Argentina,392009.0,11717.0,8271.0,221.0,8595.591,181.358,0.0,0.0,45605823.0
2020-08-29,Argentina,401239.0,9230.0,8353.0,82.0,8797.977,183.156,0.0,0.0,45605823.0
2020-08-30,Argentina,408426.0,7187.0,8457.0,104.0,8955.567,185.437,0.0,0.0,45605823.0
2020-08-31,Argentina,417735.0,9309.0,8660.0,203.0,9159.686,189.888,0.0,0.0,45605823.0
2020-09-01,Argentina,428239.0,10504.0,8919.0,259.0,9390.007,195.567,0.0,0.0,45605823.0
2020-09-02,Argentina,439172.0,10933.0,9118.0,199.0,9629.735,199.931,0.0,0.0,45605823.0
2020-09-03,Argentina,451198.0,12026.0,9361.0,243.0,9893.43,205.259,0.0,0.0,45605823.0
2020-09-04,Argentina,461882.0,10684.0,9623.0,262.0,10127.698,211.004,0.0,0.0,45605823.0
2020-09-05,Argentina,471806.0,9924.0,9739.0,116.0,10345.302,213.547,0.0,0.0,45605823.0
2020-09-06,Argentina,478792.0,6986.0,9859.0,120.0,10498.484,216.179,0.0,0.0,45605823.0
2020-09-07,Argentina,488007.0,9215.0,10129.0,270.0,10700.541,222.099,0.0,0.0,45605823.0
2020-09-08,Argentina,500034.0,12027.0,10405.0,276.0,10964.258,228.151,0.0,0.0,45605823.0
2020-09-09,Argentina,512293.0,12259.0,10658.0,253.0,11233.061,233.698,0.0,0.0,45605823.0
2020-09-10,Argentina,524198.0,11905.0,10907.0,249.0,11494.102,239.158,0.0,0.0,45605823.0
2020-09-11,Argentina,535705.0,11507.0,11148.0,241.0,11746.417,244.442,0.0,0.0,45605823.0
2020-09-12,Argentina,546481.0,10776.0,11263.0,115.0,11982.702,246.964,0.0,0.0,45605823.0
2020-09-13,Argentina,555537.0,9056.0,11352.0,89.0,12181.273,248.916,0.0,0.0,45605823.0
2020-09-14,Argentina,565446.0,9909.0,11667.0,315.0,12398.548,255.823,0.0,0.0,45605823.0
2020-09-15,Argentina,577338.0,11892.0,11852.0,185.0,12659.304,259.879,0.0,0.0,45605823.0
2020-09-16,Argentina,589012.0,11674.0,12116.0,264.0,12915.281,265.668,0.0,0.0,45605823.0
2020-09-17,Argentina,601713.0,12701.0,12460.0,344.0,13193.776,273.211,0.0,0.0,45605823.0
2020-09-18,Argentina,613658.0,11945.0,12656.0,196.0,13455.694,277.508,0.0,0.0,45605823.0
2020-09-19,Argentina,622934.0,9276.0,12799.0,143.0,13659.089,280.644,0.0,0.0,45605823.0
2020-09-20,Argentina,631365.0,8431.0,13053.0,254.0,13843.956,286.213,0.0,0.0,45605823.0
2020-09-21,Argentina,640147.0,8782.0,13482.0,429.0,14036.519,295.62,0.0,0.0,45605823.0
2020-09-22,Argentina,652174.0,12027.0,13952.0,470.0,14300.235,305.926,0.0,0.0,45605823.0
2020-09-23,Argentina,664799.0,12625.0,14376.0,424.0,14577.064,315.223,0.0,0.0,45605823.0
2020-09-24,Argentina,678266.0,13467.0,14766.0,390.0,14872.355,323.774,0.0,0.0,45605823.0
2020-09-25,Argentina,691235.0,12969.0,15208.0,442.0,15156.727,333.466,0.0,0.0,45605823.0
2020-09-26,Argentina,702484.0,11249.0,15543.0,335.0,15403.384,340.812,0.0,0.0,45605823.0
2020-09-27,Argentina,711325.0,8841.0,15749.0,206.0,15597.241,345.329,0.0,0.0,45605823.0
2020-09-28,Argentina,723132.0,11807.0,16113.0,364.0,15856.133,353.31,0.0,0.0,45605823.0
2020-09-29,Argentina,736609.0,13477.0,16519.0,406.0,16151.644,362.213,0.0,0.0,45605823.0
2020-09-30,Argentina,751001.0,14392.0,16937.0,418.0,16467.217,371.378,0.0,0.0,45605823.0
2020-10-01,Argentina,765002.0,14001.0,20288.0,3351.0,16774.218,444.855,0.0,0.0,45605823.0
2020-10-02,Argentina,779689.0,14687.0,20599.0,311.0,17096.26,451.675,0.0,0.0,45605823.0
2020-10-03,Argentina,790818.0,11129.0,20795.0,196.0,17340.286,455.972,0.0,0.0,45605823.0
2020-10-04,Argentina,798486.0,7668.0,21018.0,223.0,17508.422,460.862,0.0,0.0,45605823.0
2020-10-05,Argentina,809728.0,11242.0,21468.0,450.0,17754.926,470.729,0.0,0.0,45605823.0
2020-10-06,Argentina,824468.0,14740.0,21827.0,359.0,18078.13,478.601,0.0,0.0,45605823.0
2020-10-07,Argentina,840915.0,16447.0,22226.0,399.0,18438.764,487.35,0.0,0.0,45605823.0
2020-10-08,Argentina,856369.0,15454.0,22710.0,484.0,18777.624,497.963,0.0,0.0,45605823.0
2020-10-09,Argentina,871468.0,15099.0,23225.0,515.0,19108.7,509.255,0.0,0.0,45605823.0
2020-10-10,Argentina,883882.0,12414.0,23581.0,356.0,19380.902,517.061,0.0,0.0,45605823.0
2020-10-11,Argentina,894206.0,10324.0,23868.0,287.0,19607.277,523.354,0.0,0.0,45605823.0
2020-10-12,Argentina,903730.0,9524.0,24186.0,318.0,19816.11,530.327,0.0,0.0,45605823.0
2020-10-13,Argentina,917035.0,13305.0,24572.0,386.0,20107.849,538.791,0.0,0.0,45605823.0
2020-10-14,Argentina,931967.0,14932.0,24921.0,349.0,20435.263,546.443,0.0,0.0,45605823.0
2020-10-15,Argentina,949063.0,17096.0,25342.0,421.0,20810.128,555.675,0.0,0.0,45605823.0
2020-10-16,Argentina,965609.0,16546.0,25723.0,381.0,21172.932,564.029,0.0,0.0,45605823.0
2020-10-17,Argentina,979119.0,13510.0,26107.0,384.0,21469.166,572.449,0.0,0.0,45605823.0
2020-10-18,Argentina,989680.0,10561.0,26267.0,160.0,21700.738,575.957,0.0,0.0,45605823.0
2020-10-19,Argentina,1002662.0,12982.0,26716.0,449.0,21985.394,585.802,0.0,0.0,45605823.0
2020-10-20,Argentina,1018999.0,16337.0,27100.0,384.0,22343.616,594.222,0.0,0.0,45605823.0
2020-10-21,Argentina,1037325.0,18326.0,27519.0,419.0,22745.451,603.41,0.0,0.0,45605823.0
2020-10-22,Argentina,1053650.0,16325.0,27957.0,438.0,23103.409,613.014,0.0,0.0,45605823.0
2020-10-23,Argentina,1069368.0,15718.0,28338.0,381.0,23448.058,621.368,0.0,0.0,45605823.0
2020-10-24,Argentina,1081336.0,11968.0,28613.0,275.0,23710.481,627.398,0.0,0.0,45605823.0
2020-10-25,Argentina,1090589.0,9253.0,28896.0,283.0,23913.372,633.603,0.0,0.0,45605823.0
2020-10-26,Argentina,1102301.0,11712.0,29301.0,405.0,24170.181,642.484,0.0,0.0,45605823.0
2020-10-27,Argentina,1116609.0,14308.0,29730.0,429.0,24483.913,651.89,0.0,0.0,45605823.0
2020-10-28,Argentina,1130533.0,13924.0,30071.0,341.0,24789.225,659.368,0.0,0.0,45605823.0
2020-10-29,Argentina,1143800.0,13267.0,30442.0,371.0,25080.131,667.502,0.0,0.0,45605823.0
2020-10-30,Argentina,1157179.0,13379.0,30792.0,350.0,25373.492,675.177,0.0,0.0,45605823.0
2020-10-31,Argentina,1166924.0,9745.0,31002.0,210.0,25587.171,679.782,0.0,0.0,45605823.0
2020-11-01,Argentina,1173533.0,6609.0,31140.0,138.0,25732.087,682.808,0.0,0.0,45605823.0
2020-11-02,Argentina,1183131.0,9598.0,31623.0,483.0,25942.542,693.398,0.0,0.0,45605823.0
2020-11-03,Argentina,1195276.0,12145.0,32052.0,429.0,26208.846,702.805,0.0,0.0,45605823.0
2020-11-04,Argentina,1205928.0,10652.0,32520.0,468.0,26442.413,713.067,0.0,0.0,45605823.0
2020-11-05,Argentina,1217028.0,11100.0,32766.0,246.0,26685.803,718.461,0.0,0.0,45605823.0
2020-11-06,Argentina,1228814.0,11786.0,33136.0,370.0,26944.235,726.574,0.0,0.0,45605823.0
2020-11-07,Argentina,1236851.0,8037.0,33348.0,212.0,27120.462,731.222,0.0,0.0,45605823.0
2020-11-08,Argentina,1242182.0,5331.0,33560.0,212.0,27237.355,735.871,0.0,0.0,45605823.0
2020-11-09,Argentina,1250499.0,8317.0,33907.0,347.0,27419.722,743.48,0.0,0.0,45605823.0
2020-11-10,Argentina,1262476.0,11977.0,34183.0,276.0,27682.342,749.531,0.0,0.0,45605823.0
2020-11-11,Argentina,1273356.0,10880.0,34531.0,348.0,27920.908,757.162,0.0,0.0,45605823.0
2020-11-12,Argentina,1284519.0,11163.0,34782.0,251.0,28165.68,762.666,0.0,0.0,45605823.0
2020-11-13,Argentina,1296378.0,11859.0,35045.0,263.0,28425.712,768.433,0.0,0.0,45605823.0
2020-11-14,Argentina,1304846.0,8468.0,35307.0,262.0,28611.39,774.177,0.0,0.0,45605823.0
2020-11-15,Argentina,1310491.0,5645.0,35436.0,129.0,28735.168,777.006,0.0,0.0,45605823.0
2020-11-16,Argentina,1318384.0,7893.0,35727.0,291.0,28908.238,783.387,0.0,0.0,45605823.0
2020-11-17,Argentina,1329005.0,10621.0,36106.0,379.0,29141.125,791.697,0.0,0.0,45605823.0
2020-11-18,Argentina,1339337.0,10332.0,36347.0,241.0,29367.675,796.982,0.0,0.0,45605823.0
2020-11-19,Argentina,1349434.0,10097.0,36532.0,185.0,29589.072,801.038,0.0,0.0,45605823.0
2020-11-20,Argentina,1359042.0,9608.0,36790.0,258.0,29799.747,806.695,0.0,0.0,45605823.0
2020-11-21,Argentina,1366182.0,7140.0,36902.0,112.0,29956.306,809.151,0.0,0.0,45605823.0
2020-11-22,Argentina,1370366.0,4184.0,37002.0,100.0,30048.049,811.344,0.0,0.0,45605823.0
2020-11-23,Argentina,1374631.0,4265.0,37122.0,120.0,30141.568,813.975,0.0,0.0,45605823.0
2020-11-24,Argentina,1381795.0,7164.0,37432.0,310.0,30298.653,820.772,0.0,0.0,45605823.0
2020-11-25,Argentina,1390388.0,8593.0,37714.0,282.0,30487.072,826.956,0.0,0.0,45605823.0
2020-11-26,Argentina,1399431.0,9043.0,37941.0,227.0,30685.358,831.933,0.0,0.0,45605823.0
2020-11-27,Argentina,1407277.0,7846.0,38216.0,275.0,30857.397,837.963,0.0,0.0,45605823.0
2020-11-28,Argentina,1413375.0,6098.0,38322.0,106.0,30991.108,840.287,0.0,0.0,45605823.0
2020-11-29,Argentina,1418807.0,5432.0,38473.0,151.0,31110.216,843.598,0.0,0.0,45605823.0
2020-11-30,Argentina,1424533.0,5726.0,38730.0,257.0,31235.77,849.234,0.0,0.0,45605823.0
2020-12-01,Argentina,1432570.0,8037.0,38928.0,198.0,31411.998,853.575,0.0,0.0,45605823.0
2020-12-02,Argentina,1440103.0,7533.0,39156.0,228.0,31577.174,858.575,0.0,0.0,45605823.0
2020-12-03,Argentina,1447732.0,7629.0,39305.0,149.0,31744.455,861.842,0.0,0.0,45605823.0
2020-12-04,Argentina,1454631.0,6899.0,39512.0,207.0,31895.73,866.381,0.0,0.0,45605823.0
2020-12-05,Argentina,1459832.0,5201.0,39632.0,120.0,32009.772,869.012,0.0,0.0,45605823.0
2020-12-06,Argentina,1463110.0,3278.0,39770.0,138.0,32081.649,872.038,0.0,0.0,45605823.0
2020-12-07,Argentina,1466309.0,3199.0,39888.0,118.0,32151.793,874.625,0.0,0.0,45605823.0
2020-12-08,Argentina,1469919.0,3610.0,40009.0,121.0,32230.95,877.278,0.0,0.0,45605823.0
2020-12-09,Argentina,1475222.0,5303.0,40222.0,213.0,32347.229,881.949,0.0,0.0,45605823.0
2020-12-10,Argentina,1482216.0,6994.0,40431.0,209.0,32500.587,886.532,0.0,0.0,45605823.0
2020-12-11,Argentina,1489328.0,7112.0,40606.0,175.0,32656.532,890.369,0.0,0.0,45605823.0
2020-12-12,Argentina,1494602.0,5274.0,40668.0,62.0,32772.175,891.728,0.0,0.0,45605823.0
2020-12-13,Argentina,1498160.0,3558.0,40766.0,98.0,32850.191,893.877,0.0,0.0,45605823.0
2020-12-14,Argentina,1503222.0,5062.0,41041.0,275.0,32961.186,899.907,0.0,0.0,45605823.0
2020-12-15,Argentina,1510203.0,6981.0,41204.0,163.0,33114.258,903.481,0.0,0.0,45605823.0
2020-12-16,Argentina,1517046.0,6843.0,41365.0,161.0,33264.305,907.011,0.0,0.0,45605823.0
2020-12-17,Argentina,1524372.0,7326.0,41534.0,169.0,33424.942,910.717,0.0,0.0,45605823.0
2020-12-18,Argentina,1531374.0,7002.0,41672.0,138.0,33578.475,913.743,0.0,0.0,45605823.0
2020-12-19,Argentina,1537169.0,5795.0,41763.0,91.0,33705.542,915.738,0.0,0.0,45605823.0
2020-12-20,Argentina,1541285.0,4116.0,41813.0,50.0,33795.794,916.835,0.0,0.0,45605823.0
2020-12-21,Argentina,1547138.0,5853.0,41997.0,184.0,33924.133,920.869,0.0,0.0,45605823.0
2020-12-22,Argentina,1555279.0,8141.0,42254.0,257.0,34102.641,926.504,0.0,0.0,45605823.0
2020-12-23,Argentina,1563865.0,8586.0,42314.0,60.0,34290.906,927.82,0.0,0.0,45605823.0
2020-12-24,Argentina,1563865.0,0.0,42314.0,0.0,34290.906,927.82,0.0,0.0,45605823.0
2020-12-25,Argentina,1574554.0,10689.0,42422.0,108.0,34525.284,930.188,0.0,0.0,45605823.0
2020-12-26,Argentina,1578267.0,3713.0,42501.0,79.0,34606.699,931.92,0.0,0.0,45605823.0
2020-12-27,Argentina,1583297.0,5030.0,42650.0,149.0,34716.992,935.188,0.0,0.0,45605823.0
2020-12-28,Argentina,1590513.0,7216.0,42868.0,218.0,34875.218,939.968,0.0,0.0,45605823.0
2020-12-29,Argentina,1602163.0,11650.0,43018.0,150.0,35130.667,943.257,0.0,0.0,45605823.0
2020-12-30,Argentina,1613928.0,11765.0,43163.0,145.0,35388.639,946.436,0.0,0.0,45605823.0
2020-12-31,Argentina,1625514.0,11586.0,43245.0,82.0,35642.685,948.234,0.0,0.0,45605823.0
2021-01-01,Argentina,1629594.0,4080.0,43319.0,74.0,35732.148,949.857,0.0,0.0,45605823.0
2021-01-02,Argentina,1634834.0,5240.0,43375.0,56.0,35847.045,951.085,0.0,0.0,45605823.0
2021-01-03,Argentina,1640718.0,5884.0,43482.0,107.0,35976.064,953.431,0.0,0.0,45605823.0
2021-01-04,Argentina,1648940.0,8222.0,43634.0,152.0,36156.348,956.764,0.0,0.0,45605823.0
2021-01-05,Argentina,1662730.0,13790.0,43785.0,151.0,36458.722,960.075,0.0,0.0,45605823.0
2021-01-06,Argentina,1676171.0,13441.0,43976.0,191.0,36753.443,964.263,0.0,0.0,45605823.0
2021-01-07,Argentina,1690006.0,13835.0,44122.0,146.0,37056.803,967.464,0.0,0.0,45605823.0
2021-01-08,Argentina,1703352.0,13346.0,44273.0,151.0,37349.441,970.775,0.0,0.0,45605823.0
2021-01-09,Argentina,1714409.0,11057.0,44417.0,144.0,37591.888,973.933,0.0,0.0,45605823.0
2021-01-10,Argentina,1722217.0,7808.0,44495.0,78.0,37763.094,975.643,0.0,0.0,45605823.0
2021-01-11,Argentina,1730921.0,8704.0,44654.0,159.0,37953.947,979.129,0.0,0.0,45605823.0
2021-01-12,Argentina,1744704.0,13783.0,44848.0,194.0,38256.167,983.383,0.0,0.0,45605823.0
2021-01-13,Argentina,1757429.0,12725.0,44983.0,135.0,38535.189,986.343,0.0,0.0,45605823.0
2021-01-14,Argentina,1770715.0,13286.0,45125.0,142.0,38826.511,989.457,0.0,0.0,45605823.0
2021-01-15,Argentina,1783047.0,12332.0,45227.0,102.0,39096.915,991.694,0.0,0.0,45605823.0
2021-01-16,Argentina,1791979.0,8932.0,45295.0,68.0,39292.768,993.185,0.0,0.0,45605823.0
2021-01-17,Argentina,1799243.0,7264.0,45407.0,112.0,39452.045,995.64,0.0,0.0,45605823.0
2021-01-18,Argentina,1807428.0,8185.0,45832.0,425.0,39631.518,1004.959,0.0,0.0,45605823.0
2021-01-19,Argentina,1819569.0,12141.0,46066.0,234.0,39897.734,1010.09,0.0,0.0,45605823.0
2021-01-20,Argentina,1831681.0,12112.0,46216.0,150.0,40163.314,1013.379,243539.0,4394.0,45605823.0
2021-01-21,Argentina,1843077.0,11396.0,46355.0,139.0,40413.195,1016.427,249372.0,16352.0,45605823.0
2021-01-22,Argentina,1853830.0,10753.0,46575.0,220.0,40648.976,1021.251,254456.0,25146.0,45605823.0
2021-01-23,Argentina,1862192.0,8362.0,46737.0,162.0,40832.33,1024.803,258876.0,29188.0,45605823.0
2021-01-24,Argentina,1867223.0,5031.0,46827.0,90.0,40942.645,1026.777,260036.0,31987.0,45605823.0
2021-01-25,Argentina,1874801.0,7578.0,47034.0,207.0,41108.808,1031.316,260122.0,32264.0,45605823.0
2021-01-26,Argentina,1885210.0,10409.0,47253.0,219.0,41337.046,1036.118,266969.0,38911.0,45605823.0
2021-01-27,Argentina,1896053.0,10843.0,47435.0,182.0,41574.801,1040.108,272323.0,45710.0,45605823.0
2021-01-28,Argentina,1905524.0,9471.0,47601.0,166.0,41782.472,1043.748,276548.0,51451.0,45605823.0
2021-01-29,Argentina,1915362.0,9838.0,47775.0,174.0,41998.19,1047.564,278451.0,65583.0,45605823.0
2021-01-30,Argentina,1922264.0,6902.0,47931.0,156.0,42149.53,1050.984,281023.0,85361.0,45605823.0
2021-01-31,Argentina,1927239.0,4975.0,47974.0,43.0,42258.617,1051.927,0.0,0.0,45605823.0
2021-02-01,Argentina,1933853.0,6614.0,48249.0,275.0,42403.642,1057.957,281577.0,94274.0,45605823.0
2021-02-02,Argentina,1943548.0,9695.0,48426.0,177.0,42616.225,1061.838,0.0,0.0,45605823.0
2021-02-03,Argentina,1952744.0,9196.0,48539.0,113.0,42817.866,1064.316,284196.0,112366.0,45605823.0
2021-02-04,Argentina,1961635.0,8891.0,48700.0,161.0,43012.819,1067.846,297717.0,146301.0,45605823.0
2021-02-05,Argentina,1970009.0,8374.0,48985.0,285.0,43196.436,1074.095,0.0,0.0,45605823.0
2021-02-06,Argentina,1976689.0,6680.0,49110.0,125.0,43342.908,1076.836,307501.0,163882.0,45605823.0
2021-02-07,Argentina,1980347.0,3658.0,49171.0,61.0,43423.117,1078.174,319316.0,181836.0,45605823.0
2021-02-08,Argentina,1985501.0,5154.0,49398.0,227.0,43536.129,1083.151,322318.0,189264.0,45605823.0
2021-02-09,Argentina,1993295.0,7794.0,49566.0,168.0,43707.028,1086.835,322975.0,190203.0,45605823.0
2021-02-10,Argentina,2001034.0,7739.0,49674.0,108.0,43876.722,1089.203,337772.0,197531.0,45605823.0
2021-02-11,Argentina,2008345.0,7311.0,49874.0,200.0,44037.03,1093.588,362649.0,210279.0,45605823.0
2021-02-12,Argentina,2015496.0,7151.0,50029.0,155.0,44193.83,1096.987,368023.0,223609.0,45605823.0
2021-02-13,Argentina,2021553.0,6057.0,50188.0,159.0,44326.642,1100.474,371629.0,234616.0,45605823.0
2021-02-14,Argentina,2025798.0,4245.0,50236.0,48.0,44419.722,1101.526,372122.0,237483.0,45605823.0
2021-02-15,Argentina,2029057.0,3259.0,50327.0,91.0,44491.183,1103.521,372181.0,237610.0,45605823.0
2021-02-16,Argentina,2033060.0,4003.0,50432.0,105.0,44578.957,1105.824,373253.0,237916.0,45605823.0
2021-02-17,Argentina,2039124.0,6064.0,50616.0,184.0,44711.922,1109.858,374002.0,238320.0,45605823.0
2021-02-18,Argentina,2046795.0,7671.0,50857.0,241.0,44880.124,1115.143,392399.0,243184.0,45605823.0
2021-02-19,Argentina,2054681.0,7886.0,51000.0,143.0,45053.041,1118.278,414958.0,253696.0,45605823.0
2021-02-20,Argentina,2060625.0,5944.0,51122.0,122.0,45183.375,1120.953,445614.0,261534.0,45605823.0
2021-02-21,Argentina,2064334.0,3709.0,51198.0,76.0,45264.702,1122.62,456929.0,263338.0,45605823.0
2021-02-22,Argentina,2069751.0,5417.0,51359.0,161.0,45383.481,1126.15,458822.0,263412.0,45605823.0
2021-02-23,Argentina,2077228.0,7477.0,51510.0,151.0,45547.429,1129.461,481689.0,264926.0,45605823.0
2021-02-24,Argentina,2085411.0,8183.0,51650.0,140.0,45726.858,1132.531,513394.0,267061.0,45605823.0
2021-02-25,Argentina,2093645.0,8234.0,51795.0,145.0,45907.405,1135.71,558831.0,271001.0,45605823.0
2021-02-26,Argentina,2098728.0,5083.0,51887.0,92.0,46018.86,1137.728,620635.0,283280.0,45605823.0
2021-02-27,Argentina,2104197.0,5469.0,51946.0,59.0,46138.779,1139.021,694470.0,290425.0,45605823.0
2021-02-28,Argentina,2107365.0,3168.0,51965.0,19.0,46208.244,1139.438,731571.0,293432.0,45605823.0
2021-03-01,Argentina,2112023.0,4658.0,52077.0,112.0,46310.38,1141.894,755212.0,293957.0,45605823.0
2021-03-02,Argentina,2118676.0,6653.0,52192.0,115.0,46456.261,1144.415,823446.0,302662.0,45605823.0
2021-03-03,Argentina,2126531.0,7855.0,52453.0,261.0,46628.497,1150.138,874916.0,306376.0,45605823.0
2021-03-04,Argentina,2133963.0,7432.0,52644.0,191.0,46791.459,1154.326,941695.0,310766.0,45605823.0
2021-03-05,Argentina,2141854.0,7891.0,52784.0,140.0,46964.485,1157.396,1030504.0,327092.0,45605823.0
2021-03-06,Argentina,2146714.0,4860.0,52870.0,86.0,47071.051,1159.282,0.0,0.0,45605823.0
2021-03-07,Argentina,2149636.0,2922.0,52880.0,10.0,47135.121,1159.501,1182874.0,343204.0,45605823.0
2021-03-08,Argentina,2154694.0,5058.0,53121.0,241.0,47246.028,1164.785,1202998.0,343701.0,45605823.0
2021-03-09,Argentina,2162001.0,7307.0,53252.0,131.0,47406.249,1167.658,1301787.0,347170.0,45605823.0
2021-03-10,Argentina,2169694.0,7693.0,53359.0,107.0,47574.934,1170.004,1424984.0,349454.0,45605823.0
2021-03-11,Argentina,2177898.0,8204.0,53493.0,134.0,47754.823,1172.942,1564555.0,354519.0,45605823.0
2021-03-12,Argentina,2185747.0,7849.0,53578.0,85.0,47926.928,1174.806,1719543.0,378662.0,45605823.0
2021-03-13,Argentina,2192025.0,6278.0,53646.0,68.0,48064.586,1176.297,1876113.0,418625.0,45605823.0
2021-03-14,Argentina,2195722.0,3697.0,53670.0,24.0,48145.65,1176.823,1932696.0,448733.0,45605823.0
2021-03-15,Argentina,2201886.0,6164.0,53836.0,166.0,48280.808,1180.463,1952883.0,451311.0,45605823.0
2021-03-16,Argentina,2210121.0,8235.0,54036.0,200.0,48461.377,1184.849,2064529.0,476833.0,45605823.0
2021-03-17,Argentina,2218425.0,8304.0,54231.0,195.0,48643.459,1189.124,2170116.0,497987.0,45605823.0
2021-03-18,Argentina,2226753.0,8328.0,54386.0,155.0,48826.068,1192.523,2289249.0,515904.0,45605823.0
2021-03-19,Argentina,2234913.0,8160.0,54476.0,90.0,49004.992,1194.497,2382859.0,556505.0,45605823.0
2021-03-20,Argentina,2241739.0,6826.0,54517.0,41.0,49154.666,1195.396,2472426.0,591438.0,45605823.0
2021-03-21,Argentina,2245771.0,4032.0,54545.0,28.0,49243.076,1196.01,2514480.0,605348.0,45605823.0
2021-03-22,Argentina,2252172.0,6401.0,54671.0,126.0,49383.431,1198.772,2535054.0,607390.0,45605823.0
2021-03-23,Argentina,2261577.0,9405.0,54823.0,152.0,49589.654,1202.105,2618750.0,621981.0,45605823.0
2021-03-24,Argentina,2269877.0,8300.0,54946.0,123.0,49771.649,1204.802,2694454.0,634479.0,45605823.0
2021-03-25,Argentina,2278115.0,8238.0,55092.0,146.0,49952.284,1208.004,2730260.0,635579.0,45605823.0
2021-03-26,Argentina,2291051.0,12936.0,55235.0,143.0,50235.931,1211.139,2824344.0,650071.0,45605823.0
2021-03-27,Argentina,2301389.0,10338.0,55368.0,133.0,50462.613,1214.055,2908932.0,661528.0,45605823.0
2021-03-28,Argentina,2308597.0,7208.0,55449.0,81.0,50620.663,1215.832,2959843.0,665440.0,45605823.0
2021-03-29,Argentina,2322611.0,14014.0,55611.0,162.0,50927.948,1219.384,2980182.0,665886.0,45605823.0
2021-03-30,Argentina,2332765.0,10154.0,55736.0,125.0,51150.595,1222.125,3073630.0,670936.0,45605823.0
2021-03-31,Argentina,2348821.0,16056.0,55858.0,122.0,51502.656,1224.8,3214538.0,677394.0,45605823.0
2021-04-01,Argentina,2363251.0,14430.0,55941.0,83.0,51819.063,1226.62,3342427.0,680590.0,45605823.0
2021-04-02,Argentina,2373153.0,9902.0,56023.0,82.0,52036.184,1228.418,3440284.0,682868.0,45605823.0
2021-04-03,Argentina,2383537.0,10384.0,56106.0,83.0,52263.874,1230.238,3495125.0,683771.0,45605823.0
2021-04-04,Argentina,2393492.0,9955.0,56199.0,93.0,52482.158,1232.277,3550166.0,684339.0,45605823.0
2021-04-05,Argentina,2407159.0,13667.0,56471.0,272.0,52781.834,1238.241,3576423.0,684385.0,45605823.0
2021-04-06,Argentina,2428029.0,20870.0,56634.0,163.0,53239.451,1241.815,3712009.0,692166.0,45605823.0
2021-04-07,Argentina,2450068.0,22039.0,56832.0,198.0,53722.701,1246.157,3870734.0,701085.0,45605823.0
2021-04-08,Argentina,2473751.0,23683.0,57122.0,290.0,54241.999,1252.515,4064154.0,707060.0,45605823.0
2021-04-09,Argentina,2497881.0,24130.0,57350.0,228.0,54771.098,1257.515,4244964.0,711059.0,45605823.0
2021-04-10,Argentina,2517300.0,19419.0,57647.0,297.0,55196.899,1264.027,4478948.0,722520.0,45605823.0
2021-04-11,Argentina,2532562.0,15262.0,57779.0,132.0,55531.549,1266.922,4586426.0,727186.0,45605823.0
2021-04-12,Argentina,2551999.0,19437.0,57957.0,178.0,55957.745,1270.825,4661085.0,728915.0,45605823.0
2021-04-13,Argentina,2579000.0,27001.0,58174.0,217.0,56549.796,1275.583,4836246.0,735632.0,45605823.0
2021-04-14,Argentina,2604157.0,25157.0,58542.0,368.0,57101.414,1283.652,4996672.0,758247.0,45605823.0
2021-04-15,Argentina,2629156.0,24999.0,58925.0,383.0,57649.568,1292.05,5163344.0,771802.0,45605823.0
2021-04-16,Argentina,2658628.0,29472.0,59084.0,159.0,58295.801,1295.536,5305604.0,787412.0,45605823.0
2021-04-17,Argentina,2677747.0,19119.0,59164.0,80.0,58715.024,1297.29,5431994.0,794878.0,45605823.0
2021-04-18,Argentina,2694014.0,16267.0,59228.0,64.0,59071.711,1298.694,5489318.0,799494.0,45605823.0
2021-04-19,Argentina,2714475.0,20461.0,59476.0,248.0,59520.36,1304.132,5534225.0,800329.0,45605823.0
2021-04-20,Argentina,2743620.0,29145.0,59792.0,316.0,60159.423,1311.061,5620411.0,812730.0,45605823.0
2021-04-21,Argentina,2769552.0,25932.0,60083.0,291.0,60728.035,1317.441,5722607.0,827961.0,45605823.0
2021-04-22,Argentina,2796768.0,27216.0,60620.0,537.0,61324.801,1329.216,5851232.0,842206.0,45605823.0
2021-04-23,Argentina,2824652.0,27884.0,61176.0,556.0,61936.214,1341.408,5955371.0,852040.0,45605823.0
2021-04-24,Argentina,2845872.0,21220.0,61474.0,298.0,62401.505,1347.942,6149835.0,867444.0,45605823.0
2021-04-25,Argentina,2860884.0,15012.0,61644.0,170.0,62730.674,1351.67,6263849.0,871100.0,45605823.0
2021-04-26,Argentina,2879677.0,18793.0,62087.0,443.0,63142.748,1361.383,6341959.0,872745.0,45605823.0
2021-04-27,Argentina,2905172.0,25495.0,62599.0,512.0,63701.778,1372.61,6507572.0,879078.0,45605823.0
2021-04-28,Argentina,2928890.0,23718.0,62947.0,348.0,64221.843,1380.24,6672739.0,885247.0,45605823.0
2021-04-29,Argentina,2954943.0,26053.0,63508.0,561.0,64793.108,1392.541,6806565.0,908441.0,45605823.0
2021-04-30,Argentina,2977363.0,22420.0,63865.0,357.0,65284.712,1400.369,6926650.0,938563.0,45605823.0
2021-05-01,Argentina,2993865.0,16502.0,64096.0,231.0,65646.551,1405.435,7002992.0,968478.0,45605823.0
2021-05-02,Argentina,3005259.0,11394.0,64252.0,156.0,65896.388,1408.855,7025492.0,972410.0,45605823.0
2021-05-03,Argentina,3021179.0,15920.0,64792.0,540.0,66245.466,1420.696,7051772.0,988021.0,45605823.0
2021-05-04,Argentina,3047417.0,26238.0,65202.0,410.0,66820.787,1429.686,7149293.0,1047718.0,45605823.0
2021-05-05,Argentina,3071496.0,24079.0,65865.0,663.0,67348.768,1444.223,7261176.0,1130337.0,45605823.0
2021-05-06,Argentina,3095582.0,24086.0,66263.0,398.0,67876.902,1452.95,7399515.0,1191546.0,45605823.0
2021-05-07,Argentina,3118134.0,22552.0,66872.0,609.0,68371.401,1466.304,7555386.0,1265305.0,45605823.0
2021-05-08,Argentina,3136158.0,18024.0,67042.0,170.0,68766.613,1470.032,7660652.0,1341095.0,45605823.0
2021-05-09,Argentina,3147740.0,11582.0,67325.0,283.0,69020.572,1476.237,7688877.0,1393720.0,45605823.0
2021-05-10,Argentina,3165121.0,17381.0,67821.0,496.0,69401.686,1487.113,7718272.0,1404487.0,45605823.0
2021-05-11,Argentina,3191097.0,25976.0,68311.0,490.0,69971.262,1497.857,7790786.0,1446219.0,45605823.0
2021-05-12,Argentina,3215572.0,24475.0,68807.0,496.0,70507.926,1508.733,7866933.0,1517012.0,45605823.0
2021-05-13,Argentina,3242103.0,26531.0,69254.0,447.0,71089.672,1518.534,7912175.0,1629336.0,45605823.0
2021-05-14,Argentina,3269466.0,27363.0,69853.0,599.0,71689.661,1531.668,7953562.0,1750802.0,45605823.0
2021-05-15,Argentina,3290935.0,21469.0,70253.0,400.0,72160.412,1540.439,7992532.0,1870091.0,45605823.0
2021-05-16,Argentina,3307285.0,16350.0,70522.0,269.0,72518.919,1546.338,8023563.0,1904220.0,45605823.0
2021-05-17,Argentina,3335965.0,28680.0,71027.0,505.0,73147.786,1557.411,8050709.0,1952121.0,45605823.0
2021-05-18,Argentina,3371508.0,35543.0,71771.0,744.0,73927.139,1573.724,8141608.0,2051760.0,45605823.0
2021-05-19,Argentina,3411160.0,39652.0,72265.0,494.0,74796.589,1584.556,8279961.0,2103964.0,45605823.0
2021-05-20,Argentina,3447044.0,35884.0,72699.0,434.0,75583.418,1594.073,8397337.0,2152184.0,45605823.0
2021-05-21,Argentina,3482512.0,35468.0,73391.0,692.0,76361.126,1609.246,8531073.0,2227709.0,45605823.0
2021-05-22,Argentina,3514683.0,32171.0,73688.0,297.0,77066.54,1615.759,8638944.0,2319715.0,45605823.0
2021-05-23,Argentina,3539484.0,24801.0,74063.0,375.0,77610.353,1623.981,8701971.0,2365579.0,45605823.0
2021-05-24,Argentina,3562135.0,22651.0,74480.0,417.0,78107.022,1633.125,8735231.0,2414237.0,45605823.0
2021-05-25,Argentina,3586736.0,24601.0,75056.0,576.0,78646.448,1645.755,8807373.0,2434836.0,45605823.0
2021-05-26,Argentina,3622135.0,35399.0,75588.0,532.0,79422.643,1657.42,8878491.0,2452575.0,45605823.0
2021-05-27,Argentina,3663215.0,41080.0,76135.0,547.0,80323.405,1669.414,8988267.0,2515209.0,45605823.0
2021-05-28,Argentina,3702422.0,39207.0,76693.0,558.0,81183.098,1681.649,9084600.0,2592133.0,45605823.0
2021-05-29,Argentina,3732263.0,29841.0,77108.0,415.0,81837.422,1690.749,9208883.0,2697814.0,45605823.0
2021-05-30,Argentina,3753609.0,21346.0,77456.0,348.0,82305.477,1698.38,9361218.0,2758683.0,45605823.0
2021-05-31,Argentina,3781784.0,28175.0,78093.0,637.0,82923.271,1712.347,9476406.0,2780891.0,45605823.0
2021-06-01,Argentina,3817139.0,35355.0,78733.0,640.0,83698.501,1726.38,9667003.0,2830075.0,45605823.0
2021-06-02,Argentina,3852156.0,35017.0,79320.0,587.0,84466.319,1739.252,9924476.0,2876639.0,45605823.0
2021-06-03,Argentina,3884447.0,32291.0,79873.0,553.0,85174.365,1751.377,10158653.0,2920542.0,45605823.0
2021-06-04,Argentina,3915397.0,30950.0,80411.0,538.0,85853.006,1763.174,10417359.0,2956708.0,45605823.0
2021-06-05,Argentina,3939024.0,23627.0,80867.0,456.0,86371.076,1773.173,10733428.0,2997093.0,45605823.0
2021-06-06,Argentina,3955439.0,16415.0,81214.0,347.0,86731.008,1780.781,11071365.0,3021128.0,45605823.0
2021-06-07,Argentina,3977634.0,22195.0,81946.0,732.0,87217.678,1796.832,11290468.0,3045696.0,45605823.0
2021-06-08,Argentina,4008771.0,31137.0,82667.0,721.0,87900.42,1812.641,11577809.0,3085996.0,45605823.0
2021-06-09,Argentina,4038528.0,29757.0,83272.0,605.0,88552.903,1825.907,11888649.0,3124085.0,45605823.0
2021-06-10,Argentina,4066156.0,27628.0,83941.0,669.0,89158.702,1840.576,12202881.0,3150527.0,45605823.0
2021-06-11,Argentina,4093090.0,26934.0,84628.0,687.0,89749.285,1855.64,12555442.0,3174781.0,45605823.0
2021-06-12,Argentina,4111147.0,18057.0,85075.0,447.0,90145.221,1865.442,12879690.0,3223051.0,45605823.0
2021-06-13,Argentina,4124190.0,13043.0,85343.0,268.0,90431.215,1871.318,12991480.0,3295422.0,45605823.0
2021-06-14,Argentina,4145482.0,21292.0,86029.0,686.0,90898.086,1886.36,13043304.0,3338739.0,45605823.0
2021-06-15,Argentina,4172742.0,27260.0,86615.0,586.0,91495.816,1899.209,13223188.0,3420581.0,45605823.0
2021-06-16,Argentina,4198620.0,25878.0,87261.0,646.0,92063.244,1913.374,13389726.0,3486893.0,45605823.0
2021-06-17,Argentina,4222400.0,23780.0,87789.0,528.0,92584.668,1924.952,13609451.0,3563177.0,45605823.0
2021-06-18,Argentina,4242763.0,20363.0,88247.0,458.0,93031.168,1934.994,13852316.0,3623619.0,45605823.0
2021-06-19,Argentina,4258394.0,15631.0,88742.0,495.0,93373.91,1945.848,14172453.0,3664668.0,45605823.0
2021-06-20,Argentina,4268789.0,10395.0,89043.0,301.0,93601.841,1952.448,14397649.0,3687740.0,45605823.0
2021-06-21,Argentina,4277395.0,8606.0,89490.0,447.0,93790.545,1962.249,14504810.0,3694089.0,45605823.0
2021-06-22,Argentina,4298782.0,21387.0,90281.0,791.0,94259.498,1979.594,14660693.0,3719982.0,45605823.0
2021-06-23,Argentina,4326101.0,27319.0,90986.0,705.0,94858.523,1995.052,14886910.0,3759874.0,45605823.0
2021-06-24,Argentina,4350564.0,24463.0,91438.0,452.0,95394.924,2004.963,15128961.0,3792719.0,45605823.0
2021-06-25,Argentina,4374587.0,24023.0,91979.0,541.0,95921.676,2016.826,15374817.0,3830991.0,45605823.0
2021-06-26,Argentina,4393142.0,18555.0,92317.0,338.0,96328.532,2024.237,15617249.0,3881982.0,45605823.0
2021-06-27,Argentina,4405247.0,12105.0,92568.0,251.0,96593.959,2029.741,15831632.0,3917836.0,45605823.0
2021-06-28,Argentina,4423636.0,18389.0,93142.0,574.0,96997.175,2042.327,15993494.0,3958086.0,45605823.0
2021-06-29,Argentina,4447701.0,24065.0,93668.0,526.0,97524.849,2053.861,16228833.0,3992864.0,45605823.0
2021-06-30,Argentina,4470374.0,22673.0,94304.0,636.0,98022.0,2067.806,16504606.0,4038719.0,45605823.0
2021-07-01,Argentina,4491551.0,21177.0,94772.0,468.0,98486.349,2078.068,16821968.0,4085753.0,45605823.0
2021-07-02,Argentina,4512439.0,20888.0,95382.0,610.0,98944.361,2091.443,17106617.0,4203409.0,45605823.0
2021-07-03,Argentina,4526473.0,14034.0,95594.0,212.0,99252.085,2096.092,17479963.0,4301462.0,45605823.0
2021-07-04,Argentina,4535473.0,9000.0,95904.0,310.0,99449.428,2102.889,17796602.0,4383328.0,45605823.0
2021-07-05,Argentina,4552750.0,17277.0,96521.0,617.0,99828.261,2116.418,18011944.0,4432185.0,45605823.0
2021-07-06,Argentina,4574340.0,21590.0,96983.0,462.0,100301.665,2126.549,18246811.0,4566587.0,45605823.0
2021-07-07,Argentina,4593763.0,19423.0,97439.0,456.0,100727.554,2136.547,18577434.0,4739979.0,45605823.0
2021-07-08,Argentina,4613019.0,19256.0,97904.0,465.0,101149.781,2146.743,18869175.0,4852930.0,45605823.0
2021-07-09,Argentina,4627537.0,14518.0,98148.0,244.0,101468.117,2152.094,19162483.0,4885898.0,45605823.0
2021-07-10,Argentina,4639098.0,11561.0,98501.0,353.0,101721.616,2159.834,19507996.0,5010394.0,45605823.0
2021-07-11,Argentina,4647948.0,8850.0,98781.0,280.0,101915.67,2165.973,19594624.0,5022294.0,45605823.0
2021-07-12,Argentina,4662937.0,14989.0,99255.0,474.0,102244.334,2176.367,19822638.0,5039549.0,45605823.0
2021-07-13,Argentina,4682960.0,20023.0,99640.0,385.0,102683.379,2184.809,20178596.0,5075684.0,45605823.0
2021-07-14,Argentina,4702657.0,19697.0,100250.0,610.0,103115.275,2198.184,20605189.0,5113342.0,45605823.0
2021-07-15,Argentina,4719952.0,17295.0,100695.0,445.0,103494.503,2207.942,20985921.0,5148894.0,45605823.0
2021-07-16,Argentina,4737213.0,17261.0,101158.0,463.0,103872.986,2218.094,21317004.0,5194668.0,45605823.0
2021-07-17,Argentina,4749443.0,12230.0,101434.0,276.0,104141.153,2224.146,21644577.0,5289658.0,45605823.0
2021-07-18,Argentina,4756378.0,6935.0,101549.0,115.0,104293.217,2226.667,21839491.0,5360619.0,45605823.0
2021-07-19,Argentina,4769142.0,12764.0,101955.0,406.0,104573.094,2235.57,22030134.0,5400397.0,45605823.0
2021-07-20,Argentina,4784219.0,15077.0,102381.0,426.0,104903.687,2244.911,22342067.0,5483161.0,45605823.0
2021-07-21,Argentina,4798851.0,14632.0,102818.0,437.0,105224.524,2254.493,22573282.0,5690869.0,45605823.0
2021-07-22,Argentina,4812351.0,13500.0,103074.0,256.0,105520.538,2260.106,22876517.0,5797847.0,45605823.0
2021-07-23,Argentina,4827973.0,15622.0,103359.0,285.0,105863.082,2266.355,23209621.0,5865659.0,45605823.0
2021-07-24,Argentina,4839109.0,11136.0,103584.0,225.0,106107.262,2271.289,23492843.0,5944919.0,45605823.0
2021-07-25,Argentina,4846615.0,7506.0,103721.0,137.0,106271.846,2274.293,23714686.0,6008542.0,45605823.0
2021-07-26,Argentina,4859170.0,12555.0,104105.0,384.0,106547.14,2282.713,23857637.0,6022610.0,45605823.0
2021-07-27,Argentina,4875927.0,16757.0,104352.0,247.0,106914.571,2288.129,24096445.0,6133940.0,45605823.0
2021-07-28,Argentina,4891810.0,15883.0,104822.0,470.0,107262.838,2298.435,24302432.0,6352840.0,45605823.0
2021-07-29,Argentina,4905925.0,14115.0,105113.0,291.0,107572.338,2304.815,24542819.0,6532982.0,45605823.0
2021-07-30,Argentina,4919408.0,13483.0,105586.0,473.0,107867.98,2315.187,24754641.0,6716433.0,45605823.0
2021-07-31,Argentina,4929764.0,10356.0,105721.0,135.0,108095.056,2318.147,24966105.0,6911893.0,45605823.0
2021-08-01,Argentina,4935847.0,6083.0,105772.0,51.0,108228.438,2319.265,25092667.0,7056120.0,45605823.0
2021-08-02,Argentina,4947030.0,11183.0,106045.0,273.0,108473.648,2325.251,25178202.0,7157189.0,45605823.0
2021-08-03,Argentina,4961880.0,14850.0,106447.0,402.0,108799.265,2334.066,25337678.0,7358204.0,45605823.0
2021-08-04,Argentina,4975616.0,13736.0,106747.0,300.0,109100.454,2340.644,25646674.0,7689258.0,45605823.0
2021-08-05,Argentina,4989402.0,13786.0,107023.0,276.0,109402.74,2346.696,25806439.0,7929526.0,45605823.0
2021-08-06,Argentina,5002951.0,13549.0,107213.0,190.0,109699.829,2350.862,25950647.0,8183511.0,45605823.0
2021-08-07,Argentina,5012754.0,9803.0,107302.0,89.0,109914.78,2352.814,26028829.0,8401313.0,45605823.0
2021-08-08,Argentina,5018895.0,6141.0,107459.0,157.0,110049.434,2356.256,26076234.0,8548692.0,45605823.0
2021-08-09,Argentina,5029075.0,10180.0,107961.0,502.0,110272.651,2367.263,26179454.0,8723337.0,45605823.0
2021-08-10,Argentina,5041487.0,12412.0,108165.0,204.0,110544.809,2371.737,26293313.0,8954463.0,45605823.0
2021-08-11,Argentina,5052884.0,11397.0,108388.0,223.0,110794.711,2376.626,0.0,0.0,45605823.0
2021-08-12,Argentina,5066253.0,13369.0,108569.0,181.0,111087.854,2380.595,26414061.0,9348431.0,45605823.0
2021-08-13,Argentina,5074725.0,8472.0,108815.0,246.0,111273.62,2385.989,26484592.0,9553439.0,45605823.0
2021-08-14,Argentina,5080908.0,6183.0,108936.0,121.0,111409.194,2388.642,26565910.0,9821987.0,45605823.0
2021-08-15,Argentina,5084635.0,3727.0,109041.0,105.0,111490.916,2390.945,26609472.0,10032222.0,45605823.0
2021-08-16,Argentina,5088271.0,3636.0,109105.0,64.0,111570.643,2392.348,26643961.0,10165290.0,45605823.0
2021-08-17,Argentina,5096443.0,8172.0,109405.0,300.0,111749.831,2398.926,26684756.0,10257176.0,45605823.0
2021-08-18,Argentina,5106207.0,9764.0,109652.0,247.0,111963.926,2404.342,26784800.0,10449719.0,45605823.0
2021-08-19,Argentina,5116803.0,10596.0,109841.0,189.0,112196.265,2408.486,26902913.0,10786254.0,45605823.0
2021-08-20,Argentina,5124963.0,8160.0,110070.0,229.0,112375.189,2413.508,26993547.0,11151888.0,45605823.0
2021-08-21,Argentina,5130852.0,5889.0,110217.0,147.0,112504.318,2416.731,27105019.0,11479360.0,45605823.0
2021-08-22,Argentina,5133831.0,2979.0,110352.0,135.0,112569.638,2419.691,27178860.0,11725229.0,45605823.0
2021-08-23,Argentina,5139966.0,6135.0,110609.0,257.0,112704.161,2425.326,27210308.0,11923418.0,45605823.0
2021-08-24,Argentina,5148085.0,8119.0,110806.0,197.0,112882.186,2429.646,27301884.0,12205961.0,45605823.0
2021-08-25,Argentina,5155079.0,6994.0,110966.0,160.0,113035.544,2433.154,27414859.0,12536759.0,45605823.0
2021-08-26,Argentina,5161926.0,6847.0,111117.0,151.0,113185.678,2436.465,27490908.0,12916502.0,45605823.0
2021-08-27,Argentina,5167733.0,5807.0,111270.0,153.0,113313.008,2439.82,27585143.0,13270035.0,45605823.0
2021-08-28,Argentina,5171458.0,3725.0,111324.0,54.0,113394.686,2441.004,27681048.0,13624296.0,45605823.0
2021-08-29,Argentina,5173531.0,2073.0,111383.0,59.0,113440.141,2442.298,27750181.0,13875229.0,45605823.0
2021-08-30,Argentina,5178889.0,5358.0,111607.0,224.0,113557.626,2447.209,27797557.0,14132981.0,45605823.0
2021-08-31,Argentina,5185620.0,6731.0,111812.0,205.0,113705.217,2451.704,27873340.0,14387231.0,45605823.0
2021-09-01,Argentina,5190948.0,5328.0,112005.0,193.0,113822.044,2455.936,28005793.0,14786884.0,45605823.0
2021-09-02,Argentina,5195601.0,4653.0,112195.0,190.0,113924.071,2460.103,28100621.0,15121308.0,45605823.0
2021-09-03,Argentina,5199919.0,4318.0,112356.0,161.0,114018.752,2463.633,28183966.0,15512349.0,45605823.0
2021-09-04,Argentina,5202405.0,2486.0,112444.0,88.0,114073.262,2465.562,28249162.0,15800014.0,45605823.0
2021-09-05,Argentina,5203802.0,1397.0,112511.0,67.0,114103.894,2467.031,28306772.0,16094665.0,45605823.0
2021-09-06,Argentina,5207695.0,3893.0,112673.0,162.0,114189.256,2470.584,28344998.0,16322499.0,45605823.0
2021-09-07,Argentina,5211801.0,4106.0,112851.0,178.0,114279.288,2474.487,28431871.0,16745593.0,45605823.0
2021-09-08,Argentina,5215332.0,3531.0,112962.0,111.0,114356.713,2476.921,28485407.0,17038188.0,45605823.0
2021-09-09,Argentina,5218993.0,3661.0,113099.0,137.0,114436.988,2479.925,28553239.0,17364418.0,45605823.0
2021-09-10,Argentina,5221809.0,2816.0,113282.0,183.0,114498.734,2483.937,28619681.0,17679598.0,45605823.0
2021-09-11,Argentina,5223604.0,1795.0,113356.0,74.0,114538.093,2485.56,28679706.0,18011231.0,45605823.0
2021-09-12,Argentina,5224534.0,930.0,113402.0,46.0,114558.485,2486.568,28706802.0,18188230.0,45605823.0
2021-09-13,Argentina,5226831.0,2297.0,113640.0,238.0,114608.852,2491.787,28721805.0,18274595.0,45605823.0
2021-09-14,Argentina,5229848.0,3017.0,113816.0,176.0,114675.005,2495.646,28758477.0,18485435.0,45605823.0
2021-09-15,Argentina,5232358.0,2510.0,113969.0,153.0,114730.042,2499.001,28819589.0,18737801.0,45605823.0
2021-09-16,Argentina,5234851.0,2493.0,114101.0,132.0,114784.706,2501.895,28879464.0,19073705.0,45605823.0
2021-09-17,Argentina,5237159.0,2308.0,114286.0,185.0,114835.314,2505.952,28929766.0,19398787.0,45605823.0
2021-09-18,Argentina,5238610.0,1451.0,114367.0,81.0,114867.13,2507.728,28968475.0,19623356.0,45605823.0
2021-09-19,Argentina,5239232.0,622.0,114428.0,61.0,114880.769,2509.066,29013805.0,19842376.0,45605823.0
2021-09-20,Argentina,5241394.0,2162.0,114518.0,90.0,114928.175,2511.039,29032591.0,20011380.0,45605823.0
2021-09-21,Argentina,5243231.0,1837.0,114579.0,61.0,114968.455,2512.377,29081629.0,20276732.0,45605823.0
2021-09-22,Argentina,5245265.0,2034.0,114684.0,105.0,115013.054,2514.679,29157102.0,20602871.0,45605823.0
2021-09-23,Argentina,5246998.0,1733.0,114772.0,88.0,115051.054,2516.608,29201859.0,20840361.0,45605823.0
2021-09-24,Argentina,5248847.0,1849.0,114828.0,56.0,115091.597,2517.836,29308961.0,21003681.0,45605823.0
2021-09-25,Argentina,5249840.0,993.0,114849.0,21.0,115113.371,2518.297,29398567.0,21216344.0,45605823.0
2021-09-26,Argentina,5250402.0,562.0,114862.0,13.0,115125.693,2518.582,29458318.0,21338286.0,45605823.0
2021-09-27,Argentina,5251940.0,1538.0,114954.0,92.0,115159.417,2520.599,29504991.0,21448257.0,45605823.0
2021-09-28,Argentina,5253765.0,1825.0,115038.0,84.0,115199.434,2522.441,29564670.0,21634719.0,45605823.0
2021-09-29,Argentina,5255261.0,1496.0,115130.0,92.0,115232.237,2524.458,29620243.0,21878609.0,45605823.0
2021-09-30,Argentina,5256902.0,1641.0,115179.0,49.0,115268.219,2525.533,29676037.0,22088966.0,45605823.0
2021-10-01,Argentina,5258466.0,1564.0,115225.0,46.0,115302.513,2526.541,29739848.0,22336131.0,45605823.0
2021-10-02,Argentina,5259352.0,886.0,115239.0,14.0,115321.94,2526.848,29810138.0,22589718.0,45605823.0
2021-10-03,Argentina,5259738.0,386.0,115245.0,6.0,115330.404,2526.98,29839720.0,22758402.0,45605823.0
2021-10-04,Argentina,5260719.0,981.0,115283.0,38.0,115351.915,2527.813,29866774.0,22884730.0,45605823.0
2021-10-05,Argentina,5261935.0,1216.0,115323.0,40.0,115378.578,2528.69,29919702.0,23026410.0,45605823.0
2021-10-06,Argentina,5263219.0,1284.0,115379.0,56.0,115406.732,2529.918,30011782.0,23190355.0,45605823.0
2021-10-07,Argentina,5264305.0,1086.0,115416.0,37.0,115430.545,2530.729,30077265.0,23381682.0,45605823.0
2021-10-08,Argentina,5265058.0,753.0,115444.0,28.0,115447.056,2531.343,30172069.0,23562958.0,45605823.0
2021-10-09,Argentina,5265528.0,470.0,115458.0,14.0,115457.362,2531.65,30222669.0,23673529.0,45605823.0
2021-10-10,Argentina,5265859.0,331.0,115473.0,15.0,115464.62,2531.979,30244964.0,23813404.0,45605823.0
2021-10-11,Argentina,5266275.0,416.0,115491.0,18.0,115473.741,2532.374,30265200.0,23928986.0,45605823.0
2021-10-12,Argentina,5267339.0,1064.0,115547.0,56.0,115497.072,2533.602,0.0,0.0,45605823.0
2021-10-13,Argentina,5268653.0,1314.0,115582.0,35.0,115525.884,2534.369,30398941.0,24034055.0,45605823.0
2021-10-14,Argentina,5270003.0,1350.0,115633.0,51.0,115555.485,2535.488,30629612.0,24167049.0,45605823.0
2021-10-15,Argentina,5271361.0,1358.0,115660.0,27.0,115585.262,2536.08,30878639.0,24308860.0,45605823.0
2021-10-16,Argentina,5272151.0,790.0,115663.0,3.0,115602.584,2536.145,31177414.0,24514822.0,45605823.0
2021-10-17,Argentina,5272551.0,400.0,115666.0,3.0,115611.355,2536.211,0.0,0.0,45605823.0
2021-10-18,Argentina,5273463.0,912.0,115704.0,38.0,115631.353,2537.044,0.0,0.0,45605823.0
2021-10-19,Argentina,5274766.0,1303.0,115737.0,33.0,115659.924,2537.768,31547968.0,24758547.0,45605823.0
2021-10-20,Argentina,5275984.0,1218.0,115770.0,33.0,115686.631,2538.492,31916195.0,24898034.0,45605823.0
2021-10-21,Argentina,5277525.0,1541.0,115796.0,26.0,115720.42,2539.062,32066229.0,24958656.0,45605823.0
2021-10-22,Argentina,5278910.0,1385.0,115819.0,23.0,115750.789,2539.566,32322397.0,25103398.0,45605823.0
2021-10-23,Argentina,5279818.0,908.0,115823.0,4.0,115770.699,2539.654,32617779.0,25227233.0,45605823.0
2021-10-24,Argentina,5280358.0,540.0,115826.0,3.0,115782.539,2539.72,32838500.0,25310608.0,45605823.0
2021-10-25,Argentina,5281585.0,1227.0,115851.0,25.0,115809.444,2540.268,32890914.0,25336749.0,45605823.0
2021-10-26,Argentina,5283000.0,1415.0,115866.0,15.0,115840.471,2540.597,33204854.0,25449297.0,45605823.0
2021-10-27,Argentina,5284485.0,1485.0,115889.0,23.0,115873.032,2541.101,33413008.0,25574596.0,45605823.0
2021-10-28,Argentina,5286074.0,1589.0,115916.0,27.0,115907.874,2541.693,33650609.0,25675184.0,45605823.0
2021-10-29,Argentina,5287447.0,1373.0,115935.0,19.0,115937.98,2542.11,33933654.0,25826269.0,45605823.0
2021-10-30,Argentina,5288259.0,812.0,115942.0,7.0,115955.785,2542.263,34067816.0,25892696.0,45605823.0
2021-10-31,Argentina,5288807.0,548.0,115950.0,8.0,115967.801,2542.438,34209029.0,25954716.0,45605823.0
2021-11-01,Argentina,5289945.0,1138.0,115989.0,39.0,115992.754,2543.294,34328689.0,25983978.0,45605823.0
2021-11-02,Argentina,5291285.0,1340.0,116010.0,21.0,116022.136,2543.754,34481453.0,26042550.0,45605823.0
2021-11-03,Argentina,5292549.0,1264.0,116029.0,19.0,116049.852,2544.171,34529752.0,26069145.0,45605823.0
2021-11-04,Argentina,5293989.0,1440.0,116055.0,26.0,116081.427,2544.741,34791128.0,26363475.0,45605823.0
2021-11-05,Argentina,5295260.0,1271.0,116083.0,28.0,116109.296,2545.355,0.0,0.0,45605823.0
2021-11-06,Argentina,5296188.0,928.0,116091.0,8.0,116129.644,2545.53,34927806.0,26476617.0,45605823.0
2021-11-07,Argentina,5296781.0,593.0,116104.0,13.0,116142.647,2545.815,35133377.0,26636903.0,45605823.0
2021-11-08,Argentina,5298069.0,1288.0,116143.0,39.0,116170.889,2546.67,35219132.0,26720260.0,45605823.0
2021-11-09,Argentina,5299418.0,1349.0,116165.0,22.0,116200.469,2547.153,35292610.0,26785893.0,45605823.0
2021-11-10,Argentina,5300985.0,1567.0,116184.0,19.0,116234.828,2547.569,35406164.0,26875476.0,45605823.0
2021-11-11,Argentina,5302445.0,1460.0,116209.0,25.0,116266.842,2548.118,35541742.0,26982182.0,45605823.0
2021-11-12,Argentina,5304059.0,1614.0,116222.0,13.0,116302.232,2548.403,35629676.0,27090784.0,45605823.0
2021-11-13,Argentina,5305151.0,1092.0,116228.0,6.0,116326.176,2548.534,35716404.0,27201986.0,45605823.0
2021-11-14,Argentina,5305742.0,591.0,116232.0,4.0,116339.135,2548.622,35801814.0,27340092.0,45605823.0
2021-11-15,Argentina,5307159.0,1417.0,116250.0,18.0,116370.206,2549.017,35816140.0,27479827.0,45605823.0
2021-11-16,Argentina,5308781.0,1622.0,116294.0,44.0,116405.771,2549.981,0.0,0.0,45605823.0
2021-11-17,Argentina,5310334.0,1553.0,116313.0,19.0,116439.824,2550.398,35938527.0,27854806.0,45605823.0
2021-11-18,Argentina,5312089.0,1755.0,116341.0,28.0,116478.306,2551.012,0.0,0.0,45605823.0
2021-11-19,Argentina,5313607.0,1518.0,116360.0,19.0,116511.591,2551.429,36062027.0,28269790.0,45605823.0
2021-11-20,Argentina,5314702.0,1095.0,116374.0,14.0,116535.601,2551.736,36105691.0,28379784.0,45605823.0
2021-11-21,Argentina,5315348.0,646.0,116377.0,3.0,116549.766,2551.801,36129442.0,28439413.0,45605823.0
2021-11-22,Argentina,5315989.0,641.0,116382.0,5.0,116563.821,2551.911,36161974.0,28505739.0,45605823.0
2021-11-23,Argentina,5317633.0,1644.0,116415.0,33.0,116599.869,2552.635,36229716.0,28645100.0,45605823.0
2021-11-24,Argentina,5319867.0,2234.0,116458.0,43.0,116648.854,2553.577,0.0,0.0,45605823.0
2021-11-25,Argentina,5322127.0,2260.0,116480.0,22.0,116698.409,2554.06,36389533.0,28990917.0,45605823.0
2021-11-26,Argentina,5324039.0,1912.0,116505.0,25.0,116740.334,2554.608,0.0,0.0,45605823.0
2021-11-27,Argentina,5325560.0,1521.0,116517.0,12.0,116773.685,2554.871,36491322.0,29236347.0,45605823.0
2021-11-28,Argentina,5326448.0,888.0,116529.0,12.0,116793.156,2555.134,36527835.0,29320900.0,45605823.0
2021-11-29,Argentina,5328416.0,1968.0,116554.0,25.0,116836.308,2555.682,36598131.0,29512760.0,45605823.0
2021-11-30,Argentina,5330748.0,2332.0,116589.0,35.0,116887.442,2556.45,36666900.0,29710785.0,45605823.0
2021-12-01,Argentina,5332629.0,1881.0,116597.0,8.0,116928.687,2556.625,36751699.0,29854090.0,45605823.0
2021-12-02,Argentina,5335310.0,2681.0,116617.0,20.0,116987.473,2557.064,36850139.0,30005276.0,45605823.0
2021-12-03,Argentina,5337692.0,2382.0,116639.0,22.0,117039.703,2557.546,36935562.0,30139250.0,45605823.0
2021-12-04,Argentina,5339382.0,1690.0,116643.0,4.0,117076.76,2557.634,36971042.0,30213089.0,45605823.0
2021-12-05,Argentina,5340676.0,1294.0,116646.0,3.0,117105.134,2557.7,36993929.0,30265301.0,45605823.0
2021-12-06,Argentina,5343153.0,2477.0,116680.0,34.0,117159.447,2558.445,0.0,0.0,45605823.0
2021-12-07,Argentina,5346242.0,3089.0,116703.0,23.0,117227.18,2558.95,37057428.0,30397618.0,45605823.0
2021-12-08,Argentina,5348123.0,1881.0,116708.0,5.0,117268.424,2559.059,37157341.0,30636165.0,45605823.0
2021-12-09,Argentina,5350867.0,2744.0,116719.0,11.0,117328.592,2559.3,0.0,0.0,45605823.0
2021-12-10,Argentina,5354440.0,3573.0,116748.0,29.0,117406.937,2559.936,37264342.0,30872617.0,45605823.0
2021-12-11,Argentina,5356885.0,2445.0,116760.0,12.0,117460.549,2560.199,37297036.0,30941717.0,45605823.0
2021-12-12,Argentina,5358455.0,1570.0,116771.0,11.0,117494.974,2560.441,37313458.0,30984117.0,45605823.0
2021-12-13,Argentina,5361967.0,3512.0,116792.0,21.0,117571.982,2560.901,37364854.0,31094824.0,45605823.0
2021-12-14,Argentina,5366522.0,4555.0,116826.0,34.0,117671.86,2561.647,37427729.0,31229706.0,45605823.0
2021-12-15,Argentina,5371341.0,4819.0,116857.0,31.0,117777.526,2562.326,37483922.0,31356341.0,45605823.0
2021-12-16,Argentina,5376642.0,5301.0,116874.0,17.0,117893.761,2562.699,37533923.0,31458855.0,45605823.0
2021-12-17,Argentina,5382290.0,5648.0,116892.0,18.0,118017.605,2563.094,37580758.0,31553532.0,45605823.0
2021-12-18,Argentina,5386453.0,4163.0,116899.0,7.0,118108.887,2563.247,37606502.0,31615122.0,45605823.0
2021-12-19,Argentina,5389707.0,3254.0,116903.0,4.0,118180.238,2563.335,37621512.0,31652243.0,45605823.0
2021-12-20,Argentina,5395044.0,5337.0,116930.0,27.0,118297.262,2563.927,37668062.0,31747174.0,45605823.0
2021-12-21,Argentina,5404380.0,9336.0,116953.0,23.0,118501.973,2564.431,0.0,0.0,45605823.0
2021-12-22,Argentina,5415501.0,11121.0,116964.0,11.0,118745.823,2564.672,37730569.0,31871460.0,45605823.0
2021-12-23,Argentina,5428957.0,13456.0,116979.0,15.0,119040.873,2565.001,37803393.0,31991435.0,45605823.0
2021-12-24,Argentina,5445236.0,16279.0,117008.0,29.0,119397.823,2565.637,37853815.0,32127790.0,45605823.0
2021-12-25,Argentina,5452419.0,7183.0,117020.0,12.0,119555.325,2565.9,0.0,0.0,45605823.0
2021-12-26,Argentina,5460042.0,7623.0,117035.0,15.0,119722.475,2566.229,37856169.0,32130577.0,45605823.0
2021-12-27,Argentina,5480305.0,20263.0,117066.0,31.0,120166.782,2566.909,37870906.0,32154334.0,45605823.0
2021-12-28,Argentina,5514207.0,33902.0,117085.0,19.0,120910.152,2567.326,38036381.0,32414222.0,45605823.0
2021-12-29,Argentina,5556239.0,42032.0,117111.0,26.0,121831.789,2567.896,0.0,0.0,45605823.0
2021-12-30,Argentina,5606745.0,50506.0,117146.0,35.0,122939.235,2568.663,38189134.0,32638229.0,45605823.0
2021-12-31,Argentina,5654408.0,47663.0,117169.0,23.0,123984.343,2569.168,38198270.0,32656474.0,45605823.0
2022-01-01,Argentina,5674428.0,20020.0,117181.0,12.0,124423.322,2569.431,38200181.0,32659545.0,45605823.0
2022-01-02,Argentina,5694930.0,20502.0,117204.0,23.0,124872.87,2569.935,38214609.0,32680984.0,45605823.0
2022-01-03,Argentina,5739326.0,44396.0,117245.0,41.0,125846.342,2570.834,0.0,0.0,45605823.0
2022-01-04,Argentina,5820536.0,81210.0,117294.0,49.0,127627.036,2571.908,38343044.0,32878358.0,45605823.0
2022-01-05,Argentina,5915695.0,95159.0,117346.0,52.0,129713.589,2573.049,0.0,0.0,45605823.0
2022-01-06,Argentina,6025303.0,109608.0,117386.0,40.0,132116.967,2573.926,38498937.0,33090687.0,45605823.0
2022-01-07,Argentina,6135836.0,110533.0,117428.0,42.0,134540.627,2574.847,0.0,0.0,45605823.0
2022-01-08,Argentina,6237525.0,101689.0,117465.0,37.0,136770.364,2575.658,38618880.0,33251574.0,45605823.0
2022-01-09,Argentina,6310844.0,73319.0,117492.0,27.0,138378.031,2576.25,38643318.0,33288502.0,45605823.0
2022-01-10,Argentina,6399196.0,88352.0,117543.0,51.0,140315.328,2577.368,38707135.0,33372397.0,45605823.0
2022-01-11,Argentina,6533635.0,134439.0,117595.0,52.0,143263.175,2578.508,38777320.0,33460420.0,45605823.0
2022-01-12,Argentina,6664717.0,131082.0,117670.0,75.0,146137.413,2580.153,38844737.0,33551417.0,45605823.0
2022-01-13,Argentina,6793119.0,128402.0,117808.0,138.0,148952.887,2583.179,38903180.0,33635520.0,45605823.0
2022-01-14,Argentina,6932972.0,139853.0,117901.0,93.0,152019.447,2585.218,38960914.0,33714512.0,45605823.0
2022-01-15,Argentina,7029624.0,96652.0,117989.0,88.0,154138.738,2587.148,38988156.0,33756176.0,45605823.0
2022-01-16,Argentina,7094865.0,65241.0,118040.0,51.0,155569.279,2588.266,39005575.0,33781649.0,45605823.0
2022-01-17,Argentina,7197323.0,102458.0,118231.0,191.0,157815.878,2592.454,0.0,0.0,45605823.0
2022-01-18,Argentina,7318305.0,120982.0,118420.0,189.0,160468.653,2596.598,39063511.0,33871455.0,45605823.0
2022-01-19,Argentina,7446626.0,128321.0,118628.0,208.0,163282.351,2601.159,39117750.0,33953200.0,45605823.0
2022-01-20,Argentina,7576335.0,129709.0,118809.0,181.0,166126.483,2605.128,39229725.0,34127363.0,45605823.0
2022-01-21,Argentina,7694506.0,118171.0,118969.0,160.0,168717.622,2608.636,39280883.0,34200959.0,45605823.0
2022-01-22,Argentina,7792652.0,98146.0,119103.0,134.0,170869.672,2611.574,39307786.0,34235912.0,45605823.0
2022-01-23,Argentina,7862536.0,69884.0,119168.0,65.0,172402.02,2613.0,39321192.0,34257518.0,45605823.0
2022-01-24,Argentina,7940657.0,78121.0,119444.0,276.0,174114.981,2619.052,0.0,0.0,45605823.0
2022-01-25,Argentina,8041520.0,100863.0,119703.0,259.0,176326.606,2624.731,39445508.0,34414875.0,45605823.0
2022-01-26,Argentina,8130023.0,88503.0,120019.0,316.0,178267.214,2631.66,0.0,0.0,45605823.0
2022-01-27,Argentina,8207752.0,77729.0,120352.0,333.0,179971.58,2638.961,39494515.0,34497467.0,45605823.0
2022-01-28,Argentina,8271636.0,63884.0,120657.0,305.0,181372.366,2645.649,39543211.0,34580056.0,45605823.0
2022-01-29,Argentina,8313614.0,41978.0,120836.0,179.0,182292.818,2649.574,39586367.0,34652659.0,45605823.0
2022-01-30,Argentina,8335184.0,21570.0,120988.0,152.0,182765.784,2652.907,39618863.0,34708999.0,45605823.0
2022-01-31,Argentina,8378656.0,43472.0,121273.0,285.0,183718.996,2659.156,39663948.0,34788229.0,45605823.0
2022-02-01,Argentina,8427778.0,49122.0,121513.0,240.0,184796.095,2664.419,39707516.0,34862777.0,45605823.0
2022-02-02,Argentina,8472848.0,45070.0,121834.0,321.0,185784.346,2671.457,39750458.0,34928254.0,45605823.0
2022-02-03,Argentina,8515285.0,42437.0,122152.0,318.0,186714.863,2678.43,39788166.0,34995196.0,45605823.0
2022-02-04,Argentina,8555379.0,40094.0,122439.0,287.0,187594.005,2684.723,39818988.0,35053130.0,45605823.0
2022-02-05,Argentina,8577215.0,21836.0,122584.0,145.0,188072.804,2687.902,39829143.0,35072121.0,45605823.0
2022-02-06,Argentina,8589879.0,12664.0,122684.0,100.0,188350.488,2690.095,0.0,0.0,45605823.0
2022-02-07,Argentina,8615285.0,25406.0,122943.0,259.0,188907.566,2695.774,39836950.0,35085035.0,45605823.0
2022-02-08,Argentina,8648075.0,32790.0,123227.0,284.0,189626.553,2702.001,39876612.0,35155691.0,45605823.0
2022-02-09,Argentina,8675327.0,27252.0,123444.0,217.0,190224.108,2706.76,39914847.0,35227886.0,45605823.0
2022-02-10,Argentina,8700437.0,25110.0,123707.0,263.0,190774.696,2712.526,39955527.0,35301447.0,45605823.0
2022-02-11,Argentina,8716940.0,16503.0,123859.0,152.0,191136.557,2715.859,39991849.0,35370517.0,45605823.0
2022-02-12,Argentina,8728262.0,11322.0,123987.0,128.0,191384.815,2718.666,40021069.0,35425902.0,45605823.0
2022-02-13,Argentina,8734551.0,6289.0,124081.0,94.0,191522.714,2720.727,40035865.0,35456046.0,45605823.0
2022-02-14,Argentina,8747601.0,13050.0,124349.0,268.0,191808.862,2726.604,40045405.0,35474267.0,45605823.0
2022-02-15,Argentina,8766174.0,18573.0,124585.0,236.0,192216.112,2731.778,40072715.0,35528853.0,45605823.0
2022-02-16,Argentina,8783208.0,17034.0,124765.0,180.0,192589.617,2735.725,40100846.0,35584341.0,45605823.0
2022-02-17,Argentina,8799858.0,16650.0,124924.0,159.0,192954.702,2739.212,40130168.0,35640023.0,45605823.0
2022-02-18,Argentina,8815247.0,15389.0,125062.0,138.0,193292.137,2742.238,40186730.0,35751926.0,45605823.0
2022-02-19,Argentina,8823054.0,7807.0,125185.0,123.0,193463.322,2744.935,40197226.0,35774080.0,45605823.0
2022-02-20,Argentina,8827504.0,4450.0,125278.0,93.0,193560.897,2746.974,0.0,0.0,45605823.0
2022-02-21,Argentina,8838674.0,11170.0,125451.0,173.0,193805.822,2750.767,40202768.0,35786627.0,45605823.0
2022-02-22,Argentina,8855624.0,16950.0,125618.0,167.0,194177.485,2754.429,40228537.0,35838887.0,45605823.0
2022-02-23,Argentina,8868188.0,12564.0,125775.0,157.0,194452.976,2757.872,40257820.0,35897134.0,45605823.0
2022-02-24,Argentina,8878486.0,10298.0,125872.0,97.0,194678.78,2759.998,40283881.0,35949655.0,45605823.0
2022-02-25,Argentina,8887973.0,9487.0,125958.0,86.0,194886.802,2761.884,40306212.0,35993340.0,45605823.0
2022-02-26,Argentina,8893568.0,5595.0,126048.0,90.0,195009.484,2763.858,40332563.0,36048790.0,45605823.0
2022-02-27,Argentina,8897178.0,3610.0,126120.0,72.0,195088.64,2765.436,40341092.0,36069664.0,45605823.0
2022-02-28,Argentina,8900656.0,3478.0,126152.0,32.0,195164.903,2766.138,40345388.0,36079836.0,45605823.0
2022-03-01,Argentina,8904176.0,3520.0,126257.0,105.0,195242.086,2768.44,40351377.0,36093384.0,45605823.0
2022-03-02,Argentina,8912317.0,8141.0,126390.0,133.0,195420.594,2771.357,40373323.0,36139229.0,45605823.0
2022-03-03,Argentina,8921536.0,9219.0,126531.0,141.0,195622.739,2774.448,40388341.0,36172802.0,45605823.0
2022-03-04,Argentina,8929898.0,8362.0,126624.0,93.0,195806.093,2776.488,40403441.0,36206509.0,45605823.0
2022-03-05,Argentina,8934328.0,4430.0,126708.0,84.0,195903.229,2778.329,0.0,0.0,45605823.0
2020-02-03,Armenia,0.0,0.0,0.0,0.0,0.0,0.0,0.0,0.0,2968128.0
2020-02-04,Armenia,0.0,0.0,0.0,0.0,0.0,0.0,0.0,0.0,2968128.0
2020-02-05,Armenia,0.0,0.0,0.0,0.0,0.0,0.0,0.0,0.0,2968128.0
2020-02-06,Armenia,0.0,0.0,0.0,0.0,0.0,0.0,0.0,0.0,2968128.0
2020-02-07,Armenia,0.0,0.0,0.0,0.0,0.0,0.0,0.0,0.0,2968128.0
2020-02-08,Armenia,0.0,0.0,0.0,0.0,0.0,0.0,0.0,0.0,2968128.0
2020-02-09,Armenia,0.0,0.0,0.0,0.0,0.0,0.0,0.0,0.0,2968128.0
2020-02-10,Armenia,0.0,0.0,0.0,0.0,0.0,0.0,0.0,0.0,2968128.0
2020-02-11,Armenia,0.0,0.0,0.0,0.0,0.0,0.0,0.0,0.0,2968128.0
2020-02-12,Armenia,0.0,0.0,0.0,0.0,0.0,0.0,0.0,0.0,2968128.0
2020-02-13,Armenia,0.0,0.0,0.0,0.0,0.0,0.0,0.0,0.0,2968128.0
2020-02-14,Armenia,0.0,0.0,0.0,0.0,0.0,0.0,0.0,0.0,2968128.0
2020-02-15,Armenia,0.0,0.0,0.0,0.0,0.0,0.0,0.0,0.0,2968128.0
2020-02-16,Armenia,0.0,0.0,0.0,0.0,0.0,0.0,0.0,0.0,2968128.0
2020-02-17,Armenia,0.0,0.0,0.0,0.0,0.0,0.0,0.0,0.0,2968128.0
2020-02-18,Armenia,0.0,0.0,0.0,0.0,0.0,0.0,0.0,0.0,2968128.0
2020-02-19,Armenia,0.0,0.0,0.0,0.0,0.0,0.0,0.0,0.0,2968128.0
2020-02-20,Armenia,0.0,0.0,0.0,0.0,0.0,0.0,0.0,0.0,2968128.0
2020-02-21,Armenia,0.0,0.0,0.0,0.0,0.0,0.0,0.0,0.0,2968128.0
2020-02-22,Armenia,0.0,0.0,0.0,0.0,0.0,0.0,0.0,0.0,2968128.0
2020-02-23,Armenia,0.0,0.0,0.0,0.0,0.0,0.0,0.0,0.0,2968128.0
2020-02-24,Armenia,0.0,0.0,0.0,0.0,0.0,0.0,0.0,0.0,2968128.0
2020-02-25,Armenia,0.0,0.0,0.0,0.0,0.0,0.0,0.0,0.0,2968128.0
2020-02-26,Armenia,0.0,0.0,0.0,0.0,0.0,0.0,0.0,0.0,2968128.0
2020-02-27,Armenia,0.0,0.0,0.0,0.0,0.0,0.0,0.0,0.0,2968128.0
2020-02-28,Armenia,0.0,0.0,0.0,0.0,0.0,0.0,0.0,0.0,2968128.0
2020-02-29,Armenia,0.0,0.0,0.0,0.0,0.0,0.0,0.0,0.0,2968128.0
2020-03-01,Armenia,1.0,1.0,0.0,0.0,0.337,0.0,0.0,0.0,2968128.0
2020-03-02,Armenia,1.0,0.0,0.0,0.0,0.337,0.0,0.0,0.0,2968128.0
2020-03-03,Armenia,1.0,0.0,0.0,0.0,0.337,0.0,0.0,0.0,2968128.0
2020-03-04,Armenia,1.0,0.0,0.0,0.0,0.337,0.0,0.0,0.0,2968128.0
2020-03-05,Armenia,1.0,0.0,0.0,0.0,0.337,0.0,0.0,0.0,2968128.0
2020-03-06,Armenia,1.0,0.0,0.0,0.0,0.337,0.0,0.0,0.0,2968128.0
2020-03-07,Armenia,1.0,0.0,0.0,0.0,0.337,0.0,0.0,0.0,2968128.0
2020-03-08,Armenia,1.0,0.0,0.0,0.0,0.337,0.0,0.0,0.0,2968128.0
2020-03-09,Armenia,1.0,0.0,0.0,0.0,0.337,0.0,0.0,0.0,2968128.0
2020-03-10,Armenia,1.0,0.0,0.0,0.0,0.337,0.0,0.0,0.0,2968128.0
2020-03-11,Armenia,1.0,0.0,0.0,0.0,0.337,0.0,0.0,0.0,2968128.0
2020-03-12,Armenia,4.0,3.0,0.0,0.0,1.348,0.0,0.0,0.0,2968128.0
2020-03-13,Armenia,8.0,4.0,0.0,0.0,2.695,0.0,0.0,0.0,2968128.0
2020-03-14,Armenia,18.0,10.0,0.0,0.0,6.064,0.0,0.0,0.0,2968128.0
2020-03-15,Armenia,26.0,8.0,0.0,0.0,8.76,0.0,0.0,0.0,2968128.0
2020-03-16,Armenia,52.0,26.0,0.0,0.0,17.519,0.0,0.0,0.0,2968128.0
2020-03-17,Armenia,78.0,26.0,0.0,0.0,26.279,0.0,0.0,0.0,2968128.0
2020-03-18,Armenia,84.0,6.0,0.0,0.0,28.301,0.0,0.0,0.0,2968128.0
2020-03-19,Armenia,115.0,31.0,0.0,0.0,38.745,0.0,0.0,0.0,2968128.0
2020-03-20,Armenia,136.0,21.0,0.0,0.0,45.82,0.0,0.0,0.0,2968128.0
2020-03-21,Armenia,160.0,24.0,0.0,0.0,53.906,0.0,0.0,0.0,2968128.0
2020-03-22,Armenia,194.0,34.0,0.0,0.0,65.361,0.0,0.0,0.0,2968128.0
2020-03-23,Armenia,235.0,41.0,0.0,0.0,79.174,0.0,0.0,0.0,2968128.0
2020-03-24,Armenia,249.0,14.0,0.0,0.0,83.891,0.0,0.0,0.0,2968128.0
2020-03-25,Armenia,265.0,16.0,0.0,0.0,89.282,0.0,0.0,0.0,2968128.0
2020-03-26,Armenia,290.0,25.0,1.0,1.0,97.705,0.337,0.0,0.0,2968128.0
2020-03-27,Armenia,329.0,39.0,1.0,0.0,110.844,0.337,0.0,0.0,2968128.0
2020-03-28,Armenia,407.0,78.0,1.0,0.0,137.123,0.337,0.0,0.0,2968128.0
2020-03-29,Armenia,424.0,17.0,3.0,2.0,142.851,1.011,0.0,0.0,2968128.0
2020-03-30,Armenia,482.0,58.0,3.0,0.0,162.392,1.011,0.0,0.0,2968128.0
2020-03-31,Armenia,532.0,50.0,3.0,0.0,179.238,1.011,0.0,0.0,2968128.0
2020-04-01,Armenia,571.0,39.0,4.0,1.0,192.377,1.348,0.0,0.0,2968128.0
2020-04-02,Armenia,663.0,92.0,7.0,3.0,223.373,2.358,0.0,0.0,2968128.0
2020-04-03,Armenia,736.0,73.0,7.0,0.0,247.968,2.358,0.0,0.0,2968128.0
2020-04-04,Armenia,770.0,34.0,7.0,0.0,259.423,2.358,0.0,0.0,2968128.0
2020-04-05,Armenia,822.0,52.0,7.0,0.0,276.942,2.358,0.0,0.0,2968128.0
2020-04-06,Armenia,833.0,11.0,8.0,1.0,280.648,2.695,0.0,0.0,2968128.0
2020-04-07,Armenia,853.0,20.0,8.0,0.0,287.387,2.695,0.0,0.0,2968128.0
2020-04-08,Armenia,881.0,28.0,9.0,1.0,296.82,3.032,0.0,0.0,2968128.0
2020-04-09,Armenia,921.0,40.0,10.0,1.0,310.297,3.369,0.0,0.0,2968128.0
2020-04-10,Armenia,937.0,16.0,12.0,2.0,315.687,4.043,0.0,0.0,2968128.0
2020-04-11,Armenia,967.0,30.0,13.0,1.0,325.795,4.38,0.0,0.0,2968128.0
2020-04-12,Armenia,1013.0,46.0,13.0,0.0,341.293,4.38,0.0,0.0,2968128.0
2020-04-13,Armenia,1039.0,26.0,14.0,1.0,350.052,4.717,0.0,0.0,2968128.0
2020-04-14,Armenia,1067.0,28.0,16.0,2.0,359.486,5.391,0.0,0.0,2968128.0
2020-04-15,Armenia,1111.0,44.0,17.0,1.0,374.31,5.728,0.0,0.0,2968128.0
2020-04-16,Armenia,1159.0,48.0,18.0,1.0,390.482,6.064,0.0,0.0,2968128.0
2020-04-17,Armenia,1201.0,42.0,19.0,1.0,404.632,6.401,0.0,0.0,2968128.0
2020-04-18,Armenia,1248.0,47.0,20.0,1.0,420.467,6.738,0.0,0.0,2968128.0
2020-04-19,Armenia,1291.0,43.0,20.0,0.0,434.954,6.738,0.0,0.0,2968128.0
2020-04-20,Armenia,1339.0,48.0,22.0,2.0,451.126,7.412,0.0,0.0,2968128.0
2020-04-21,Armenia,1401.0,62.0,24.0,2.0,472.015,8.086,0.0,0.0,2968128.0
2020-04-22,Armenia,1473.0,72.0,24.0,0.0,496.272,8.086,0.0,0.0,2968128.0
2020-04-23,Armenia,1523.0,50.0,24.0,0.0,513.118,8.086,0.0,0.0,2968128.0
2020-04-24,Armenia,1596.0,73.0,27.0,3.0,537.713,9.097,0.0,0.0,2968128.0
2020-04-25,Armenia,1677.0,81.0,28.0,1.0,565.003,9.434,0.0,0.0,2968128.0
2020-04-26,Armenia,1746.0,69.0,28.0,0.0,588.25,9.434,0.0,0.0,2968128.0
2020-04-27,Armenia,1808.0,62.0,29.0,1.0,609.138,9.77,0.0,0.0,2968128.0
2020-04-28,Armenia,1867.0,59.0,30.0,1.0,629.016,10.107,0.0,0.0,2968128.0
2020-04-29,Armenia,1932.0,65.0,30.0,0.0,650.915,10.107,0.0,0.0,2968128.0
2020-04-30,Armenia,2066.0,134.0,32.0,2.0,696.062,10.781,0.0,0.0,2968128.0
2020-05-01,Armenia,2148.0,82.0,33.0,1.0,723.688,11.118,0.0,0.0,2968128.0
2020-05-02,Armenia,2273.0,125.0,33.0,0.0,765.803,11.118,0.0,0.0,2968128.0
2020-05-03,Armenia,2386.0,113.0,35.0,2.0,803.874,11.792,0.0,0.0,2968128.0
2020-05-04,Armenia,2507.0,121.0,39.0,4.0,844.64,13.14,0.0,0.0,2968128.0
2020-05-05,Armenia,2619.0,112.0,40.0,1.0,882.374,13.477,0.0,0.0,2968128.0
2020-05-06,Armenia,2782.0,163.0,40.0,0.0,937.291,13.477,0.0,0.0,2968128.0
2020-05-07,Armenia,2884.0,102.0,42.0,2.0,971.656,14.15,0.0,0.0,2968128.0
2020-05-08,Armenia,3029.0,145.0,43.0,1.0,1020.509,14.487,0.0,0.0,2968128.0
2020-05-09,Armenia,3175.0,146.0,44.0,1.0,1069.698,14.824,0.0,0.0,2968128.0
2020-05-10,Armenia,3313.0,138.0,45.0,1.0,1116.192,15.161,0.0,0.0,2968128.0
2020-05-11,Armenia,3392.0,79.0,46.0,1.0,1142.808,15.498,0.0,0.0,2968128.0
2020-05-12,Armenia,3538.0,146.0,47.0,1.0,1191.997,15.835,0.0,0.0,2968128.0
2020-05-13,Armenia,3718.0,180.0,48.0,1.0,1252.641,16.172,0.0,0.0,2968128.0
2020-05-14,Armenia,3860.0,142.0,49.0,1.0,1300.483,16.509,0.0,0.0,2968128.0
2020-05-15,Armenia,4044.0,184.0,52.0,3.0,1362.475,17.519,0.0,0.0,2968128.0
2020-05-16,Armenia,4283.0,239.0,55.0,3.0,1442.997,18.53,0.0,0.0,2968128.0
2020-05-17,Armenia,4472.0,189.0,60.0,5.0,1506.674,20.215,0.0,0.0,2968128.0
2020-05-18,Armenia,4823.0,351.0,61.0,1.0,1624.93,20.552,0.0,0.0,2968128.0
2020-05-19,Armenia,5041.0,218.0,64.0,3.0,1698.377,21.562,0.0,0.0,2968128.0
2020-05-20,Armenia,5271.0,230.0,67.0,3.0,1775.867,22.573,0.0,0.0,2968128.0
2020-05-21,Armenia,5606.0,335.0,70.0,3.0,1888.733,23.584,0.0,0.0,2968128.0
2020-05-22,Armenia,5928.0,322.0,74.0,4.0,1997.218,24.932,0.0,0.0,2968128.0
2020-05-23,Armenia,6302.0,374.0,77.0,3.0,2123.224,25.942,0.0,0.0,2968128.0
2020-05-24,Armenia,6661.0,359.0,81.0,4.0,2244.175,27.29,0.0,0.0,2968128.0
2020-05-25,Armenia,7113.0,452.0,87.0,6.0,2396.46,29.311,0.0,0.0,2968128.0
2020-05-26,Armenia,7402.0,289.0,91.0,4.0,2493.828,30.659,0.0,0.0,2968128.0
2020-05-27,Armenia,7774.0,372.0,98.0,7.0,2619.159,33.017,0.0,0.0,2968128.0
2020-05-28,Armenia,8216.0,442.0,113.0,15.0,2768.075,38.071,0.0,0.0,2968128.0
2020-05-29,Armenia,8676.0,460.0,120.0,7.0,2923.055,40.43,0.0,0.0,2968128.0
2020-05-30,Armenia,8927.0,251.0,127.0,7.0,3007.62,42.788,0.0,0.0,2968128.0
2020-05-31,Armenia,9282.0,355.0,131.0,4.0,3127.224,44.136,0.0,0.0,2968128.0
2020-06-01,Armenia,9492.0,210.0,139.0,8.0,3197.975,46.831,0.0,0.0,2968128.0
2020-06-02,Armenia,10009.0,517.0,158.0,19.0,3372.159,53.232,0.0,0.0,2968128.0
2020-06-03,Armenia,10524.0,515.0,170.0,12.0,3545.669,57.275,0.0,0.0,2968128.0
2020-06-04,Armenia,11221.0,697.0,176.0,6.0,3780.497,59.297,0.0,0.0,2968128.0
2020-06-05,Armenia,11817.0,596.0,183.0,7.0,3981.297,61.655,0.0,0.0,2968128.0
2020-06-06,Armenia,12364.0,547.0,190.0,7.0,4165.589,64.013,0.0,0.0,2968128.0
2020-06-07,Armenia,13130.0,766.0,200.0,10.0,4423.664,67.383,0.0,0.0,2968128.0
2020-06-08,Armenia,13325.0,195.0,211.0,11.0,4489.362,71.089,0.0,0.0,2968128.0
2020-06-09,Armenia,13675.0,350.0,217.0,6.0,4607.281,73.11,0.0,0.0,2968128.0
2020-06-10,Armenia,14103.0,428.0,227.0,10.0,4751.48,76.479,0.0,0.0,2968128.0
2020-06-11,Armenia,14669.0,566.0,245.0,18.0,4942.172,82.544,0.0,0.0,2968128.0
2020-06-12,Armenia,15281.0,612.0,258.0,13.0,5148.363,86.923,0.0,0.0,2968128.0
2020-06-13,Armenia,16004.0,723.0,264.0,6.0,5391.951,88.945,0.0,0.0,2968128.0
2020-06-14,Armenia,16667.0,663.0,269.0,5.0,5615.324,90.63,0.0,0.0,2968128.0
2020-06-15,Armenia,17064.0,397.0,285.0,16.0,5749.078,96.02,0.0,0.0,2968128.0
2020-06-16,Armenia,17489.0,425.0,293.0,8.0,5892.266,98.715,0.0,0.0,2968128.0
2020-06-17,Armenia,18033.0,544.0,302.0,9.0,6075.547,101.748,0.0,0.0,2968128.0
2020-06-18,Armenia,18698.0,665.0,309.0,7.0,6299.594,104.106,0.0,0.0,2968128.0
2020-06-19,Armenia,19157.0,459.0,319.0,10.0,6454.236,107.475,0.0,0.0,2968128.0
2020-06-20,Armenia,19708.0,551.0,332.0,13.0,6639.875,111.855,0.0,0.0,2968128.0
2020-06-21,Armenia,20268.0,560.0,350.0,18.0,6828.546,117.919,0.0,0.0,2968128.0
2020-06-22,Armenia,20588.0,320.0,360.0,10.0,6936.359,121.289,0.0,0.0,2968128.0
2020-06-23,Armenia,21006.0,418.0,372.0,12.0,7077.188,125.332,0.0,0.0,2968128.0
2020-06-24,Armenia,21717.0,711.0,386.0,14.0,7316.733,130.048,0.0,0.0,2968128.0
2020-06-25,Armenia,22488.0,771.0,397.0,11.0,7576.493,133.754,0.0,0.0,2968128.0
2020-06-26,Armenia,23247.0,759.0,410.0,13.0,7832.209,138.134,0.0,0.0,2968128.0
2020-06-27,Armenia,23909.0,662.0,421.0,11.0,8055.246,141.84,0.0,0.0,2968128.0
2020-06-28,Armenia,24645.0,736.0,426.0,5.0,8303.213,143.525,0.0,0.0,2968128.0
2020-06-29,Armenia,25127.0,482.0,433.0,7.0,8465.605,145.883,0.0,0.0,2968128.0
2020-06-30,Armenia,25542.0,415.0,443.0,10.0,8605.424,149.252,0.0,0.0,2968128.0
2020-07-01,Armenia,26065.0,523.0,453.0,10.0,8781.629,152.621,0.0,0.0,2968128.0
2020-07-02,Armenia,26658.0,593.0,459.0,6.0,8981.419,154.643,0.0,0.0,2968128.0
2020-07-03,Armenia,27320.0,662.0,469.0,10.0,9204.455,158.012,0.0,0.0,2968128.0
2020-07-04,Armenia,27900.0,580.0,477.0,8.0,9399.864,160.707,0.0,0.0,2968128.0
2020-07-05,Armenia,28606.0,706.0,484.0,7.0,9637.725,163.066,0.0,0.0,2968128.0
2020-07-06,Armenia,28936.0,330.0,491.0,7.0,9748.906,165.424,0.0,0.0,2968128.0
2020-07-07,Armenia,29285.0,349.0,503.0,12.0,9866.488,169.467,0.0,0.0,2968128.0
2020-07-08,Armenia,29820.0,535.0,521.0,18.0,10046.737,175.532,0.0,0.0,2968128.0
2020-07-09,Armenia,30346.0,526.0,535.0,14.0,10223.953,180.248,0.0,0.0,2968128.0
2020-07-10,Armenia,30903.0,557.0,546.0,11.0,10411.613,183.954,0.0,0.0,2968128.0
2020-07-11,Armenia,31392.0,489.0,559.0,13.0,10576.363,188.334,0.0,0.0,2968128.0
2020-07-12,Armenia,31969.0,577.0,565.0,6.0,10770.762,190.356,0.0,0.0,2968128.0
2020-07-13,Armenia,32151.0,182.0,573.0,8.0,10832.08,193.051,0.0,0.0,2968128.0
2020-07-14,Armenia,32490.0,339.0,581.0,8.0,10946.293,195.746,0.0,0.0,2968128.0
2020-07-15,Armenia,33005.0,515.0,592.0,11.0,11119.803,199.452,0.0,0.0,2968128.0
2020-07-16,Armenia,33559.0,554.0,607.0,15.0,11306.453,204.506,0.0,0.0,2968128.0
2020-07-17,Armenia,34001.0,442.0,620.0,13.0,11455.369,208.886,0.0,0.0,2968128.0
2020-07-18,Armenia,34462.0,461.0,631.0,11.0,11610.685,212.592,0.0,0.0,2968128.0
2020-07-19,Armenia,34877.0,415.0,641.0,10.0,11750.504,215.961,0.0,0.0,2968128.0
2020-07-20,Armenia,34981.0,104.0,650.0,9.0,11785.543,218.993,0.0,0.0,2968128.0
2020-07-21,Armenia,35254.0,273.0,662.0,12.0,11877.52,223.036,0.0,0.0,2968128.0
2020-07-22,Armenia,35693.0,439.0,678.0,16.0,12025.425,228.427,0.0,0.0,2968128.0
2020-07-23,Armenia,36162.0,469.0,688.0,10.0,12183.437,231.796,0.0,0.0,2968128.0
2020-07-24,Armenia,36613.0,451.0,692.0,4.0,12335.384,233.144,0.0,0.0,2968128.0
2020-07-25,Armenia,36996.0,383.0,700.0,8.0,12464.422,235.839,0.0,0.0,2968128.0
2020-07-26,Armenia,37317.0,321.0,705.0,5.0,12572.571,237.523,0.0,0.0,2968128.0
2020-07-27,Armenia,37390.0,73.0,711.0,6.0,12597.166,239.545,0.0,0.0,2968128.0
2020-07-28,Armenia,37629.0,239.0,719.0,8.0,12677.688,242.24,0.0,0.0,2968128.0
2020-07-29,Armenia,37937.0,308.0,723.0,4.0,12781.457,243.588,0.0,0.0,2968128.0
2020-07-30,Armenia,38196.0,259.0,728.0,5.0,12868.717,245.272,0.0,0.0,2968128.0
2020-07-31,Armenia,38550.0,354.0,738.0,10.0,12987.984,248.642,0.0,0.0,2968128.0
2020-08-01,Armenia,38841.0,291.0,749.0,11.0,13086.026,252.348,0.0,0.0,2968128.0
2020-08-02,Armenia,39050.0,209.0,754.0,5.0,13156.441,254.032,0.0,0.0,2968128.0
2020-08-03,Armenia,39102.0,52.0,762.0,8.0,13173.96,256.727,0.0,0.0,2968128.0
2020-08-04,Armenia,39298.0,196.0,768.0,6.0,13239.995,258.749,0.0,0.0,2968128.0
2020-08-05,Armenia,39586.0,288.0,770.0,2.0,13337.026,259.423,0.0,0.0,2968128.0
2020-08-06,Armenia,39819.0,233.0,772.0,2.0,13415.527,260.097,0.0,0.0,2968128.0
2020-08-07,Armenia,39985.0,166.0,777.0,5.0,13471.454,261.781,0.0,0.0,2968128.0
2020-08-08,Armenia,40185.0,200.0,785.0,8.0,13538.837,264.476,0.0,0.0,2968128.0
2020-08-09,Armenia,40410.0,225.0,791.0,6.0,13614.642,266.498,0.0,0.0,2968128.0
2020-08-10,Armenia,40433.0,23.0,796.0,5.0,13622.391,268.183,0.0,0.0,2968128.0
2020-08-11,Armenia,40593.0,160.0,803.0,7.0,13676.297,270.541,0.0,0.0,2968128.0
2020-08-12,Armenia,40794.0,201.0,806.0,3.0,13744.016,271.552,0.0,0.0,2968128.0
2020-08-13,Armenia,41023.0,229.0,809.0,3.0,13821.169,272.562,0.0,0.0,2968128.0
2020-08-14,Armenia,41299.0,276.0,814.0,5.0,13914.157,274.247,0.0,0.0,2968128.0
2020-08-15,Armenia,41495.0,196.0,817.0,3.0,13980.192,275.258,0.0,0.0,2968128.0
2020-08-16,Armenia,41663.0,168.0,818.0,1.0,14036.794,275.595,0.0,0.0,2968128.0
2020-08-17,Armenia,41701.0,38.0,824.0,6.0,14049.596,277.616,0.0,0.0,2968128.0
2020-08-18,Armenia,41846.0,145.0,832.0,8.0,14098.449,280.311,0.0,0.0,2968128.0
2020-08-19,Armenia,42056.0,210.0,833.0,1.0,14169.2,280.648,0.0,0.0,2968128.0
2020-08-20,Armenia,42319.0,263.0,836.0,3.0,14257.808,281.659,0.0,0.0,2968128.0
2020-08-21,Armenia,42477.0,158.0,842.0,6.0,14311.04,283.68,0.0,0.0,2968128.0
2020-08-22,Armenia,42616.0,139.0,850.0,8.0,14357.871,286.376,0.0,0.0,2968128.0
2020-08-23,Armenia,42792.0,176.0,852.0,2.0,14417.168,287.05,0.0,0.0,2968128.0
2020-08-24,Armenia,42825.0,33.0,854.0,2.0,14428.286,287.723,0.0,0.0,2968128.0
2020-08-25,Armenia,42936.0,111.0,858.0,4.0,14465.683,289.071,0.0,0.0,2968128.0
2020-08-26,Armenia,43067.0,131.0,861.0,3.0,14509.819,290.082,0.0,0.0,2968128.0
2020-08-27,Armenia,43270.0,203.0,864.0,3.0,14578.212,291.093,0.0,0.0,2968128.0
2020-08-28,Armenia,43451.0,181.0,869.0,5.0,14639.193,292.777,0.0,0.0,2968128.0
2020-08-29,Armenia,43626.0,175.0,872.0,3.0,14698.153,293.788,0.0,0.0,2968128.0
2020-08-30,Armenia,43750.0,124.0,877.0,5.0,14739.93,295.472,0.0,0.0,2968128.0
2020-08-31,Armenia,43781.0,31.0,879.0,2.0,14750.375,296.146,0.0,0.0,2968128.0
2020-09-01,Armenia,43878.0,97.0,881.0,2.0,14783.055,296.82,0.0,0.0,2968128.0
2020-09-02,Armenia,44075.0,197.0,884.0,3.0,14849.427,297.831,0.0,0.0,2968128.0
2020-09-03,Armenia,44271.0,196.0,887.0,3.0,14915.462,298.842,0.0,0.0,2968128.0
2020-09-04,Armenia,44461.0,190.0,891.0,4.0,14979.475,300.189,0.0,0.0,2968128.0
2020-09-05,Armenia,44649.0,188.0,895.0,4.0,15042.815,301.537,0.0,0.0,2968128.0
2020-09-06,Armenia,44783.0,134.0,897.0,2.0,15087.961,302.211,0.0,0.0,2968128.0
2020-09-07,Armenia,44845.0,62.0,900.0,3.0,15108.85,303.221,0.0,0.0,2968128.0
2020-09-08,Armenia,44953.0,108.0,903.0,3.0,15145.236,304.232,0.0,0.0,2968128.0
2020-09-09,Armenia,45152.0,199.0,905.0,2.0,15212.282,304.906,0.0,0.0,2968128.0
2020-09-10,Armenia,45326.0,174.0,906.0,1.0,15270.905,305.243,0.0,0.0,2968128.0
2020-09-11,Armenia,45503.0,177.0,909.0,3.0,15330.538,306.254,0.0,0.0,2968128.0
2020-09-12,Armenia,45675.0,172.0,911.0,2.0,15388.487,306.927,0.0,0.0,2968128.0
2020-09-13,Armenia,45862.0,187.0,916.0,5.0,15451.49,308.612,0.0,0.0,2968128.0
2020-09-14,Armenia,45969.0,107.0,919.0,3.0,15487.54,309.623,0.0,0.0,2968128.0
2020-09-15,Armenia,46119.0,150.0,920.0,1.0,15538.077,309.96,0.0,0.0,2968128.0
2020-09-16,Armenia,46376.0,257.0,923.0,3.0,15624.663,310.97,0.0,0.0,2968128.0
2020-09-17,Armenia,46671.0,295.0,925.0,2.0,15724.052,311.644,0.0,0.0,2968128.0
2020-09-18,Armenia,46910.0,239.0,926.0,1.0,15804.574,311.981,0.0,0.0,2968128.0
2020-09-19,Armenia,47154.0,244.0,928.0,2.0,15886.781,312.655,0.0,0.0,2968128.0
2020-09-20,Armenia,47431.0,277.0,930.0,2.0,15980.106,313.329,0.0,0.0,2968128.0
2020-09-21,Armenia,47552.0,121.0,936.0,6.0,16020.872,315.35,0.0,0.0,2968128.0
2020-09-22,Armenia,47667.0,115.0,938.0,2.0,16059.617,316.024,0.0,0.0,2968128.0
2020-09-23,Armenia,47877.0,210.0,942.0,4.0,16130.369,317.372,0.0,0.0,2968128.0
2020-09-24,Armenia,48251.0,374.0,945.0,3.0,16256.374,318.382,0.0,0.0,2968128.0
2020-09-25,Armenia,48643.0,392.0,947.0,2.0,16388.444,319.056,0.0,0.0,2968128.0
2020-09-26,Armenia,49072.0,429.0,948.0,1.0,16532.98,319.393,0.0,0.0,2968128.0
2020-09-27,Armenia,49400.0,328.0,951.0,3.0,16643.487,320.404,0.0,0.0,2968128.0
2020-09-28,Armenia,49574.0,174.0,957.0,6.0,16702.11,322.425,0.0,0.0,2968128.0
2020-09-29,Armenia,49901.0,327.0,958.0,1.0,16812.28,322.762,0.0,0.0,2968128.0
2020-09-30,Armenia,50359.0,458.0,959.0,1.0,16966.586,323.099,0.0,0.0,2968128.0
2020-10-01,Armenia,50850.0,491.0,963.0,4.0,17132.01,324.447,0.0,0.0,2968128.0
2020-10-02,Armenia,51382.0,532.0,966.0,3.0,17311.248,325.458,0.0,0.0,2968128.0
2020-10-03,Armenia,51925.0,543.0,972.0,6.0,17494.192,327.479,0.0,0.0,2968128.0
2020-10-04,Armenia,52496.0,571.0,977.0,5.0,17686.569,329.164,0.0,0.0,2968128.0
2020-10-05,Armenia,52677.0,181.0,984.0,7.0,17747.55,331.522,0.0,0.0,2968128.0
2020-10-06,Armenia,53083.0,406.0,990.0,6.0,17884.337,333.544,0.0,0.0,2968128.0
2020-10-07,Armenia,53755.0,672.0,995.0,5.0,18110.742,335.228,0.0,0.0,2968128.0
2020-10-08,Armenia,54473.0,718.0,1004.0,9.0,18352.645,338.26,0.0,0.0,2968128.0
2020-10-09,Armenia,55087.0,614.0,1010.0,6.0,18559.51,340.282,0.0,0.0,2968128.0
2020-10-10,Armenia,55736.0,649.0,1016.0,6.0,18778.166,342.303,0.0,0.0,2968128.0
2020-10-11,Armenia,56451.0,715.0,1020.0,4.0,19019.058,343.651,0.0,0.0,2968128.0
2020-10-12,Armenia,56821.0,370.0,1026.0,6.0,19143.716,345.672,0.0,0.0,2968128.0
2020-10-13,Armenia,57566.0,745.0,1032.0,6.0,19394.716,347.694,0.0,0.0,2968128.0
2020-10-14,Armenia,58624.0,1058.0,1039.0,7.0,19751.17,350.052,0.0,0.0,2968128.0
2020-10-15,Armenia,59995.0,1371.0,1046.0,7.0,20213.077,352.411,0.0,0.0,2968128.0
2020-10-16,Armenia,61460.0,1465.0,1056.0,10.0,20706.654,355.78,0.0,0.0,2968128.0
2020-10-17,Armenia,63000.0,1540.0,1067.0,11.0,21225.5,359.486,0.0,0.0,2968128.0
2020-10-18,Armenia,64694.0,1694.0,1081.0,14.0,21796.23,364.203,0.0,0.0,2968128.0
2020-10-19,Armenia,65460.0,766.0,1091.0,10.0,22054.305,367.572,0.0,0.0,2968128.0
2020-10-20,Armenia,66694.0,1234.0,1101.0,10.0,22470.055,370.941,0.0,0.0,2968128.0
2020-10-21,Armenia,68530.0,1836.0,1121.0,20.0,23088.627,377.679,0.0,0.0,2968128.0
2020-10-22,Armenia,70836.0,2306.0,1131.0,10.0,23865.548,381.048,0.0,0.0,2968128.0
2020-10-23,Armenia,73310.0,2474.0,1145.0,14.0,24699.07,385.765,0.0,0.0,2968128.0
2020-10-24,Armenia,75523.0,2213.0,1157.0,12.0,25444.657,389.808,0.0,0.0,2968128.0
2020-10-25,Armenia,77837.0,2314.0,1180.0,23.0,26224.273,397.557,0.0,0.0,2968128.0
2020-10-26,Armenia,78810.0,973.0,1196.0,16.0,26552.089,402.948,0.0,0.0,2968128.0
2020-10-27,Armenia,80410.0,1600.0,1222.0,26.0,27091.15,411.707,0.0,0.0,2968128.0
2020-10-28,Armenia,82651.0,2241.0,1243.0,21.0,27846.171,418.782,0.0,0.0,2968128.0
2020-10-29,Armenia,85034.0,2383.0,1272.0,29.0,28649.034,428.553,0.0,0.0,2968128.0
2020-10-30,Armenia,87432.0,2398.0,1300.0,28.0,29456.951,437.987,0.0,0.0,2968128.0
2020-10-31,Armenia,89813.0,2381.0,1341.0,41.0,30259.14,451.8,0.0,0.0,2968128.0
2020-11-01,Armenia,92254.0,2441.0,1363.0,22.0,31081.544,459.212,0.0,0.0,2968128.0
2020-11-02,Armenia,93448.0,1194.0,1391.0,28.0,31483.817,468.646,0.0,0.0,2968128.0
2020-11-03,Armenia,94776.0,1328.0,1413.0,22.0,31931.237,476.058,0.0,0.0,2968128.0
2020-11-04,Armenia,97150.0,2374.0,1448.0,35.0,32731.068,487.85,0.0,0.0,2968128.0
2020-11-05,Armenia,99563.0,2413.0,1476.0,28.0,33544.039,497.283,0.0,0.0,2968128.0
2020-11-06,Armenia,101773.0,2210.0,1506.0,30.0,34288.616,507.391,0.0,0.0,2968128.0
2020-11-07,Armenia,104249.0,2476.0,1533.0,27.0,35122.811,516.487,0.0,0.0,2968128.0
2020-11-08,Armenia,106424.0,2175.0,1559.0,26.0,35855.597,525.247,0.0,0.0,2968128.0
2020-11-09,Armenia,107466.0,1042.0,1580.0,21.0,36206.66,532.322,0.0,0.0,2968128.0
2020-11-10,Armenia,108687.0,1221.0,1609.0,29.0,36618.03,542.093,0.0,0.0,2968128.0
2020-11-11,Armenia,110548.0,1861.0,1636.0,27.0,37245.024,551.189,0.0,0.0,2968128.0
2020-11-12,Armenia,112680.0,2132.0,1668.0,32.0,37963.322,561.97,0.0,0.0,2968128.0
2020-11-13,Armenia,114383.0,1703.0,1697.0,29.0,38537.085,571.741,0.0,0.0,2968128.0
2020-11-14,Armenia,115855.0,1472.0,1738.0,41.0,39033.02,585.554,0.0,0.0,2968128.0
2020-11-15,Armenia,117337.0,1482.0,1763.0,25.0,39532.325,593.977,0.0,0.0,2968128.0
2020-11-16,Armenia,117886.0,549.0,1788.0,25.0,39717.29,602.4,0.0,0.0,2968128.0
2020-11-17,Armenia,118870.0,984.0,1811.0,23.0,40048.812,610.149,0.0,0.0,2968128.0
2020-11-18,Armenia,120459.0,1589.0,1839.0,28.0,40584.166,619.582,0.0,0.0,2968128.0
2020-11-19,Armenia,121979.0,1520.0,1870.0,31.0,41096.273,630.027,0.0,0.0,2968128.0
2020-11-20,Armenia,123646.0,1667.0,1900.0,30.0,41657.907,640.134,0.0,0.0,2968128.0
2020-11-21,Armenia,124839.0,1193.0,1931.0,31.0,42059.844,650.578,0.0,0.0,2968128.0
2020-11-22,Armenia,126224.0,1385.0,1952.0,21.0,42526.468,657.654,0.0,0.0,2968128.0
2020-11-23,Armenia,126709.0,485.0,1976.0,24.0,42689.871,665.739,0.0,0.0,2968128.0
2020-11-24,Armenia,127522.0,813.0,2002.0,26.0,42963.781,674.499,0.0,0.0,2968128.0
2020-11-25,Armenia,129085.0,1563.0,2040.0,38.0,43490.375,687.302,0.0,0.0,2968128.0
2020-11-26,Armenia,130870.0,1785.0,2068.0,28.0,44091.764,696.735,0.0,0.0,2968128.0
2020-11-27,Armenia,132346.0,1476.0,2090.0,22.0,44589.047,704.148,0.0,0.0,2968128.0
2020-11-28,Armenia,133594.0,1248.0,2121.0,31.0,45009.514,714.592,0.0,0.0,2968128.0
2020-11-29,Armenia,134768.0,1174.0,2142.0,21.0,45405.05,721.667,0.0,0.0,2968128.0
2020-11-30,Armenia,135124.0,356.0,2164.0,22.0,45524.991,729.079,0.0,0.0,2968128.0
2020-12-01,Armenia,135967.0,843.0,2193.0,29.0,45809.008,738.85,0.0,0.0,2968128.0
2020-12-02,Armenia,137231.0,1264.0,2228.0,35.0,46234.866,750.641,0.0,0.0,2968128.0
2020-12-03,Armenia,138508.0,1277.0,2254.0,26.0,46665.103,759.401,0.0,0.0,2968128.0
2020-12-04,Armenia,139692.0,1184.0,2277.0,23.0,47064.008,767.15,0.0,0.0,2968128.0
2020-12-05,Armenia,140959.0,1267.0,2309.0,32.0,47490.876,777.931,0.0,0.0,2968128.0
2020-12-06,Armenia,141937.0,978.0,2326.0,17.0,47820.377,783.659,0.0,0.0,2968128.0
2020-12-07,Armenia,142344.0,407.0,2344.0,18.0,47957.5,789.723,0.0,0.0,2968128.0
2020-12-08,Armenia,142928.0,584.0,2372.0,28.0,48154.257,799.157,0.0,0.0,2968128.0
2020-12-09,Armenia,144066.0,1138.0,2393.0,21.0,48537.664,806.232,0.0,0.0,2968128.0
2020-12-10,Armenia,145240.0,1174.0,2416.0,23.0,48933.2,813.981,0.0,0.0,2968128.0
2020-12-11,Armenia,146317.0,1077.0,2445.0,29.0,49296.055,823.752,0.0,0.0,2968128.0
2020-12-12,Armenia,147312.0,995.0,2462.0,17.0,49631.283,829.479,0.0,0.0,2968128.0
2020-12-13,Armenia,148325.0,1013.0,2486.0,24.0,49972.575,837.565,0.0,0.0,2968128.0
2020-12-14,Armenia,148682.0,357.0,2503.0,17.0,50092.853,843.292,0.0,0.0,2968128.0
2020-12-15,Armenia,149120.0,438.0,2529.0,26.0,50240.421,852.052,0.0,0.0,2968128.0
2020-12-16,Armenia,150218.0,1098.0,2556.0,27.0,50610.351,861.149,0.0,0.0,2968128.0
2020-12-17,Armenia,151392.0,1174.0,2581.0,25.0,51005.887,869.572,0.0,0.0,2968128.0
2020-12-18,Armenia,152253.0,861.0,2596.0,15.0,51295.968,874.625,0.0,0.0,2968128.0
2020-12-19,Armenia,153173.0,920.0,2616.0,20.0,51605.928,881.364,0.0,0.0,2968128.0
2020-12-20,Armenia,153825.0,652.0,2630.0,14.0,51825.595,886.08,0.0,0.0,2968128.0
2020-12-21,Armenia,154065.0,240.0,2656.0,26.0,51906.454,894.84,0.0,0.0,2968128.0
2020-12-22,Armenia,154602.0,537.0,2673.0,17.0,52087.376,900.568,0.0,0.0,2968128.0
2020-12-23,Armenia,155440.0,838.0,2691.0,18.0,52369.709,906.632,0.0,0.0,2968128.0
2020-12-24,Armenia,156142.0,702.0,2714.0,23.0,52606.222,914.381,0.0,0.0,2968128.0
2020-12-25,Armenia,156763.0,621.0,2733.0,19.0,52815.445,920.782,0.0,0.0,2968128.0
2020-12-26,Armenia,157349.0,586.0,2752.0,19.0,53012.875,927.184,0.0,0.0,2968128.0
2020-12-27,Armenia,157834.0,485.0,2768.0,16.0,53176.278,932.574,0.0,0.0,2968128.0
2020-12-28,Armenia,157948.0,114.0,2775.0,7.0,53214.686,934.933,0.0,0.0,2968128.0
2020-12-29,Armenia,158296.0,348.0,2797.0,22.0,53331.932,942.345,0.0,0.0,2968128.0
2020-12-30,Armenia,158878.0,582.0,2807.0,10.0,53528.015,945.714,0.0,0.0,2968128.0
2020-12-31,Armenia,159409.0,531.0,2823.0,16.0,53706.916,951.105,0.0,0.0,2968128.0
2021-01-01,Armenia,159738.0,329.0,2828.0,5.0,53817.76,952.789,0.0,0.0,2968128.0
2021-01-02,Armenia,159798.0,60.0,2836.0,8.0,53837.975,955.484,0.0,0.0,2968128.0
2021-01-03,Armenia,160027.0,229.0,2850.0,14.0,53915.128,960.201,0.0,0.0,2968128.0
2021-01-04,Armenia,160220.0,193.0,2864.0,14.0,53980.152,964.918,0.0,0.0,2968128.0
2021-01-05,Armenia,160544.0,324.0,2878.0,14.0,54089.312,969.635,0.0,0.0,2968128.0
2021-01-06,Armenia,160853.0,309.0,2890.0,12.0,54193.418,973.678,0.0,0.0,2968128.0
2021-01-07,Armenia,161054.0,201.0,2901.0,11.0,54261.137,977.384,0.0,0.0,2968128.0
2021-01-08,Armenia,161415.0,361.0,2908.0,7.0,54382.762,979.742,0.0,0.0,2968128.0
2021-01-09,Armenia,161794.0,379.0,2922.0,14.0,54510.452,984.459,0.0,0.0,2968128.0
2021-01-10,Armenia,162131.0,337.0,2929.0,7.0,54623.992,986.817,0.0,0.0,2968128.0
2021-01-11,Armenia,162288.0,157.0,2931.0,2.0,54676.887,987.491,0.0,0.0,2968128.0
2021-01-12,Armenia,162643.0,355.0,2941.0,10.0,54796.491,990.86,0.0,0.0,2968128.0
2021-01-13,Armenia,163128.0,485.0,2951.0,10.0,54959.894,994.229,0.0,0.0,2968128.0
2021-01-14,Armenia,163576.0,448.0,2963.0,12.0,55110.831,998.272,0.0,0.0,2968128.0
2021-01-15,Armenia,163972.0,396.0,2974.0,11.0,55244.248,1001.978,0.0,0.0,2968128.0
2021-01-16,Armenia,164235.0,263.0,2987.0,13.0,55332.856,1006.358,0.0,0.0,2968128.0
2021-01-17,Armenia,164586.0,351.0,2992.0,5.0,55451.113,1008.043,0.0,0.0,2968128.0
2021-01-18,Armenia,164676.0,90.0,2998.0,6.0,55481.435,1010.064,0.0,0.0,2968128.0
2021-01-19,Armenia,164912.0,236.0,3007.0,9.0,55560.946,1013.096,0.0,0.0,2968128.0
2021-01-20,Armenia,165221.0,309.0,3016.0,9.0,55665.052,1016.129,0.0,0.0,2968128.0
2021-01-21,Armenia,165528.0,307.0,3021.0,5.0,55768.484,1017.813,0.0,0.0,2968128.0
2021-01-22,Armenia,165711.0,183.0,3030.0,9.0,55830.139,1020.845,0.0,0.0,2968128.0
2021-01-23,Armenia,165909.0,198.0,3034.0,4.0,55896.848,1022.193,0.0,0.0,2968128.0
2021-01-24,Armenia,166036.0,127.0,3039.0,5.0,55939.636,1023.878,0.0,0.0,2968128.0
2021-01-25,Armenia,166094.0,58.0,3047.0,8.0,55959.177,1026.573,0.0,0.0,2968128.0
2021-01-26,Armenia,166232.0,138.0,3052.0,5.0,56005.671,1028.258,0.0,0.0,2968128.0
2021-01-27,Armenia,166427.0,195.0,3056.0,4.0,56071.369,1029.605,0.0,0.0,2968128.0
2021-01-28,Armenia,166669.0,242.0,3067.0,11.0,56152.902,1033.311,0.0,0.0,2968128.0
2021-01-29,Armenia,166728.0,59.0,3069.0,2.0,56172.78,1033.985,0.0,0.0,2968128.0
2021-01-30,Armenia,166901.0,173.0,3071.0,2.0,56231.066,1034.659,0.0,0.0,2968128.0
2021-01-31,Armenia,167026.0,125.0,3080.0,9.0,56273.18,1037.691,0.0,0.0,2968128.0
2021-02-01,Armenia,167088.0,62.0,3084.0,4.0,56294.068,1039.039,0.0,0.0,2968128.0
2021-02-02,Armenia,167231.0,143.0,3089.0,5.0,56342.247,1040.723,0.0,0.0,2968128.0
2021-02-03,Armenia,167421.0,190.0,3096.0,7.0,56406.26,1043.082,0.0,0.0,2968128.0
2021-02-04,Armenia,167568.0,147.0,3107.0,11.0,56455.786,1046.788,0.0,0.0,2968128.0
2021-02-05,Armenia,167726.0,158.0,3109.0,2.0,56509.018,1047.462,0.0,0.0,2968128.0
2021-02-06,Armenia,167937.0,211.0,3114.0,5.0,56580.107,1049.146,0.0,0.0,2968128.0
2021-02-07,Armenia,168088.0,151.0,3117.0,3.0,56630.981,1050.157,0.0,0.0,2968128.0
2021-02-08,Armenia,168177.0,89.0,3123.0,6.0,56660.966,1052.178,0.0,0.0,2968128.0
2021-02-09,Armenia,168300.0,123.0,3126.0,3.0,56702.406,1053.189,0.0,0.0,2968128.0
2021-02-10,Armenia,168496.0,196.0,3130.0,4.0,56768.441,1054.537,0.0,0.0,2968128.0
2021-02-11,Armenia,168676.0,180.0,3135.0,5.0,56829.086,1056.221,0.0,0.0,2968128.0
2021-02-12,Armenia,168830.0,154.0,3138.0,3.0,56880.97,1057.232,0.0,0.0,2968128.0
2021-02-13,Armenia,169022.0,192.0,3140.0,2.0,56945.657,1057.906,0.0,0.0,2968128.0
2021-02-14,Armenia,169167.0,145.0,3141.0,1.0,56994.51,1058.243,0.0,0.0,2968128.0
2021-02-15,Armenia,169255.0,88.0,3147.0,6.0,57024.158,1060.264,0.0,0.0,2968128.0
2021-02-16,Armenia,169391.0,136.0,3150.0,3.0,57069.978,1061.275,0.0,0.0,2968128.0
2021-02-17,Armenia,169597.0,206.0,3155.0,5.0,57139.382,1062.96,0.0,0.0,2968128.0
2021-02-18,Armenia,169820.0,223.0,3156.0,1.0,57214.514,1063.296,0.0,0.0,2968128.0
2021-02-19,Armenia,170011.0,191.0,3158.0,2.0,57278.864,1063.97,0.0,0.0,2968128.0
2021-02-20,Armenia,170234.0,223.0,3159.0,1.0,57353.996,1064.307,0.0,0.0,2968128.0
2021-02-21,Armenia,170402.0,168.0,3164.0,5.0,57410.597,1065.992,0.0,0.0,2968128.0
2021-02-22,Armenia,170506.0,104.0,3167.0,3.0,57445.636,1067.003,0.0,0.0,2968128.0
2021-02-23,Armenia,170672.0,166.0,3171.0,4.0,57501.563,1068.35,0.0,0.0,2968128.0
2021-02-24,Armenia,170945.0,273.0,3175.0,4.0,57593.54,1069.698,0.0,0.0,2968128.0
2021-02-25,Armenia,171227.0,282.0,3179.0,4.0,57688.55,1071.045,0.0,0.0,2968128.0
2021-02-26,Armenia,171510.0,283.0,3183.0,4.0,57783.896,1072.393,0.0,0.0,2968128.0
2021-02-27,Armenia,171793.0,283.0,3190.0,7.0,57879.242,1074.751,0.0,0.0,2968128.0
2021-02-28,Armenia,172058.0,265.0,3192.0,2.0,57968.524,1075.425,0.0,0.0,2968128.0
2021-03-01,Armenia,172216.0,158.0,3195.0,3.0,58021.756,1076.436,0.0,0.0,2968128.0
2021-03-02,Armenia,172456.0,240.0,3200.0,5.0,58102.616,1078.121,0.0,0.0,2968128.0
2021-03-03,Armenia,172816.0,360.0,3202.0,2.0,58223.904,1078.794,0.0,0.0,2968128.0
2021-03-04,Armenia,173307.0,491.0,3208.0,6.0,58389.328,1080.816,0.0,0.0,2968128.0
2021-03-05,Armenia,173749.0,442.0,3215.0,7.0,58538.244,1083.174,0.0,0.0,2968128.0
2021-03-06,Armenia,174257.0,508.0,3219.0,4.0,58709.395,1084.522,0.0,0.0,2968128.0
2021-03-07,Armenia,174679.0,422.0,3221.0,2.0,58851.572,1085.196,0.0,0.0,2968128.0
2021-03-08,Armenia,175016.0,337.0,3225.0,4.0,58965.112,1086.543,0.0,0.0,2968128.0
2021-03-09,Armenia,175198.0,182.0,3232.0,7.0,59026.43,1088.902,0.0,0.0,2968128.0
2021-03-10,Armenia,175538.0,340.0,3237.0,5.0,59140.98,1090.586,0.0,0.0,2968128.0
2021-03-11,Armenia,176286.0,748.0,3239.0,2.0,59392.991,1091.26,0.0,0.0,2968128.0
2021-03-12,Armenia,177104.0,818.0,3243.0,4.0,59668.586,1092.608,0.0,0.0,2968128.0
2021-03-13,Armenia,177899.0,795.0,3253.0,10.0,59936.431,1095.977,0.0,0.0,2968128.0
2021-03-14,Armenia,178385.0,486.0,3255.0,2.0,60100.171,1096.651,0.0,0.0,2968128.0
2021-03-15,Armenia,178702.0,317.0,3265.0,10.0,60206.972,1100.02,0.0,0.0,2968128.0
2021-03-16,Armenia,179287.0,585.0,3277.0,12.0,60404.066,1104.063,0.0,0.0,2968128.0
2021-03-17,Armenia,180141.0,854.0,3282.0,5.0,60691.79,1105.747,0.0,0.0,2968128.0
2021-03-18,Armenia,181165.0,1024.0,3301.0,19.0,61036.788,1112.149,0.0,0.0,2968128.0
2021-03-19,Armenia,182056.0,891.0,3320.0,19.0,61336.977,1118.55,0.0,0.0,2968128.0
2021-03-20,Armenia,183127.0,1071.0,3332.0,12.0,61697.811,1122.593,0.0,0.0,2968128.0
2021-03-21,Armenia,183713.0,586.0,3348.0,16.0,61895.242,1127.984,0.0,0.0,2968128.0
2021-03-22,Armenia,184219.0,506.0,3360.0,12.0,62065.72,1132.027,0.0,0.0,2968128.0
2021-03-23,Armenia,185020.0,801.0,3384.0,24.0,62335.587,1140.113,0.0,0.0,2968128.0
2021-03-24,Armenia,186184.0,1164.0,3398.0,14.0,62727.753,1144.829,0.0,0.0,2968128.0
2021-03-25,Armenia,187441.0,1257.0,3416.0,18.0,63151.252,1150.894,0.0,0.0,2968128.0
2021-03-26,Armenia,188446.0,1005.0,3434.0,18.0,63489.849,1156.958,0.0,0.0,2968128.0
2021-03-27,Armenia,189540.0,1094.0,3450.0,16.0,63858.432,1162.349,0.0,0.0,2968128.0
2021-03-28,Armenia,190317.0,777.0,3464.0,14.0,64120.213,1167.066,0.0,0.0,2968128.0
2021-03-29,Armenia,190741.0,424.0,3476.0,12.0,64263.064,1171.109,0.0,0.0,2968128.0
2021-03-30,Armenia,191491.0,750.0,3497.0,21.0,64515.749,1178.184,0.0,0.0,2968128.0
2021-03-31,Armenia,192639.0,1148.0,3515.0,18.0,64902.524,1184.248,565.0,0.0,2968128.0
2021-04-01,Armenia,193736.0,1097.0,3533.0,18.0,65272.118,1190.313,0.0,0.0,2968128.0
2021-04-02,Armenia,194852.0,1116.0,3552.0,19.0,65648.112,1196.714,0.0,0.0,2968128.0
2021-04-03,Armenia,196044.0,1192.0,3575.0,23.0,66049.712,1204.463,0.0,0.0,2968128.0
2021-04-04,Armenia,196634.0,590.0,3592.0,17.0,66248.491,1210.19,0.0,0.0,2968128.0
2021-04-05,Armenia,197113.0,479.0,3614.0,22.0,66409.872,1217.602,0.0,0.0,2968128.0
2021-04-06,Armenia,197873.0,760.0,3627.0,13.0,66665.925,1221.982,0.0,0.0,2968128.0
2021-04-07,Armenia,198898.0,1025.0,3647.0,20.0,67011.261,1228.721,0.0,0.0,2968128.0
2021-04-08,Armenia,200129.0,1231.0,3675.0,28.0,67426.0,1238.154,0.0,0.0,2968128.0
2021-04-09,Armenia,201158.0,1029.0,3697.0,22.0,67772.684,1245.566,0.0,0.0,2968128.0
2021-04-10,Armenia,202167.0,1009.0,3720.0,23.0,68112.629,1253.315,0.0,0.0,2968128.0
2021-04-11,Armenia,202817.0,650.0,3735.0,15.0,68331.622,1258.369,0.0,0.0,2968128.0
2021-04-12,Armenia,203327.0,510.0,3753.0,18.0,68503.447,1264.433,0.0,0.0,2968128.0
2021-04-13,Armenia,204053.0,726.0,3775.0,22.0,68748.046,1271.845,0.0,0.0,2968128.0
2021-04-14,Armenia,205128.0,1075.0,3794.0,19.0,69110.227,1278.247,0.0,0.0,2968128.0
2021-04-15,Armenia,206142.0,1014.0,3817.0,23.0,69451.857,1285.996,0.0,0.0,2968128.0
2021-04-16,Armenia,207103.0,961.0,3835.0,18.0,69775.63,1292.06,0.0,0.0,2968128.0
2021-04-17,Armenia,207973.0,870.0,3859.0,24.0,70068.744,1300.146,0.0,0.0,2968128.0
2021-04-18,Armenia,208520.0,547.0,3878.0,19.0,70253.035,1306.547,0.0,0.0,2968128.0
2021-04-19,Armenia,208818.0,298.0,3895.0,17.0,70353.435,1312.275,0.0,0.0,2968128.0
2021-04-20,Armenia,209485.0,667.0,3919.0,24.0,70578.156,1320.361,0.0,0.0,2968128.0
2021-04-21,Armenia,210518.0,1033.0,3944.0,25.0,70926.186,1328.784,0.0,0.0,2968128.0
2021-04-22,Armenia,211399.0,881.0,3969.0,25.0,71223.007,1337.206,0.0,0.0,2968128.0
2021-04-23,Armenia,212114.0,715.0,3984.0,15.0,71463.899,1342.26,0.0,0.0,2968128.0
2021-04-24,Armenia,212878.0,764.0,4001.0,17.0,71721.3,1347.988,0.0,0.0,2968128.0
2021-04-25,Armenia,213288.0,410.0,4018.0,17.0,71859.435,1353.715,0.0,0.0,2968128.0
2021-04-26,Armenia,213469.0,181.0,4040.0,22.0,71920.416,1361.127,0.0,0.0,2968128.0
2021-04-27,Armenia,214064.0,595.0,4058.0,18.0,72120.879,1367.192,0.0,0.0,2968128.0
2021-04-28,Armenia,214872.0,808.0,4071.0,13.0,72393.104,1371.572,0.0,0.0,2968128.0
2021-04-29,Armenia,215528.0,656.0,4087.0,16.0,72614.119,1376.962,0.0,0.0,2968128.0
2021-04-30,Armenia,216064.0,536.0,4108.0,21.0,72794.704,1384.037,0.0,0.0,2968128.0
2021-05-01,Armenia,216596.0,532.0,4128.0,20.0,72973.942,1390.776,0.0,0.0,2968128.0
2021-05-02,Armenia,216863.0,267.0,4139.0,11.0,73063.898,1394.482,0.0,0.0,2968128.0
2021-05-03,Armenia,217008.0,145.0,4149.0,10.0,73112.75,1397.851,0.0,0.0,2968128.0
2021-05-04,Armenia,217407.0,399.0,4165.0,16.0,73247.178,1403.241,0.0,0.0,2968128.0
2021-05-05,Armenia,217900.0,493.0,4178.0,13.0,73413.276,1407.621,0.0,0.0,2968128.0
2021-05-06,Armenia,218325.0,425.0,4192.0,14.0,73556.464,1412.338,0.0,0.0,2968128.0
2021-05-07,Armenia,218681.0,356.0,4209.0,17.0,73676.405,1418.066,0.0,0.0,2968128.0
2021-05-08,Armenia,219092.0,411.0,4225.0,16.0,73814.876,1423.456,0.0,0.0,2968128.0
2021-05-09,Armenia,219270.0,178.0,4234.0,9.0,73874.846,1426.488,10727.0,0.0,2968128.0
2021-05-10,Armenia,219353.0,83.0,4249.0,15.0,73902.81,1431.542,0.0,0.0,2968128.0
2021-05-11,Armenia,219596.0,243.0,4256.0,7.0,73984.68,1433.9,0.0,0.0,2968128.0
2021-05-12,Armenia,219950.0,354.0,4272.0,16.0,74103.947,1439.291,0.0,0.0,2968128.0
2021-05-13,Armenia,220217.0,267.0,4291.0,19.0,74193.903,1445.692,0.0,0.0,2968128.0
2021-05-14,Armenia,220447.0,230.0,4301.0,10.0,74271.393,1449.061,0.0,0.0,2968128.0
2021-05-15,Armenia,220729.0,282.0,4314.0,13.0,74366.402,1453.441,0.0,0.0,2968128.0
2021-05-16,Armenia,220860.0,131.0,4323.0,9.0,74410.538,1456.474,19249.0,0.0,2968128.0
2021-05-17,Armenia,220927.0,67.0,4333.0,10.0,74433.111,1459.843,0.0,0.0,2968128.0
2021-05-18,Armenia,221139.0,212.0,4346.0,13.0,74504.536,1464.223,0.0,0.0,2968128.0
2021-05-19,Armenia,221368.0,229.0,4357.0,11.0,74581.689,1467.929,0.0,0.0,2968128.0
2021-05-20,Armenia,221559.0,191.0,4364.0,7.0,74646.04,1470.287,0.0,0.0,2968128.0
2021-05-21,Armenia,221699.0,140.0,4371.0,7.0,74693.207,1472.645,0.0,0.0,2968128.0
2021-05-22,Armenia,221880.0,181.0,4386.0,15.0,74754.188,1477.699,0.0,0.0,2968128.0
2021-05-23,Armenia,221948.0,68.0,4392.0,6.0,74777.099,1479.721,26562.0,0.0,2968128.0
2021-05-24,Armenia,221982.0,34.0,4394.0,2.0,74788.554,1480.394,0.0,0.0,2968128.0
2021-05-25,Armenia,222139.0,157.0,4400.0,6.0,74841.449,1482.416,0.0,0.0,2968128.0
2021-05-26,Armenia,222269.0,130.0,4411.0,11.0,74885.248,1486.122,0.0,0.0,2968128.0
2021-05-27,Armenia,222409.0,140.0,4416.0,5.0,74932.415,1487.806,0.0,0.0,2968128.0
2021-05-28,Armenia,222513.0,104.0,4423.0,7.0,74967.454,1490.165,0.0,0.0,2968128.0
2021-05-29,Armenia,222555.0,42.0,4428.0,5.0,74981.605,1491.849,0.0,0.0,2968128.0
2021-05-30,Armenia,222636.0,81.0,4432.0,4.0,75008.894,1493.197,33529.0,0.0,2968128.0
2021-05-31,Armenia,222670.0,34.0,4438.0,6.0,75020.35,1495.219,0.0,0.0,2968128.0
2021-06-01,Armenia,222778.0,108.0,4445.0,7.0,75056.736,1497.577,0.0,0.0,2968128.0
2021-06-02,Armenia,222870.0,92.0,4446.0,1.0,75087.732,1497.914,0.0,0.0,2968128.0
2021-06-03,Armenia,222978.0,108.0,4448.0,2.0,75124.119,1498.588,0.0,0.0,2968128.0
2021-06-04,Armenia,223050.0,72.0,4452.0,4.0,75148.376,1499.935,0.0,0.0,2968128.0
2021-06-05,Armenia,223143.0,93.0,4454.0,2.0,75179.709,1500.609,0.0,0.0,2968128.0
2021-06-06,Armenia,223180.0,37.0,4458.0,4.0,75192.175,1501.957,46503.0,0.0,2968128.0
2021-06-07,Armenia,223212.0,32.0,4463.0,5.0,75202.956,1503.641,0.0,0.0,2968128.0
2021-06-08,Armenia,223285.0,73.0,4463.0,0.0,75227.551,1503.641,0.0,0.0,2968128.0
2021-06-09,Armenia,223384.0,99.0,4474.0,11.0,75260.905,1507.347,0.0,0.0,2968128.0
2021-06-10,Armenia,223460.0,76.0,4478.0,4.0,75286.511,1508.695,0.0,0.0,2968128.0
2021-06-11,Armenia,223555.0,95.0,4482.0,4.0,75318.517,1510.043,0.0,0.0,2968128.0
2021-06-12,Armenia,223643.0,88.0,4482.0,0.0,75348.166,1510.043,0.0,0.0,2968128.0
2021-06-13,Armenia,223682.0,39.0,4484.0,2.0,75361.305,1510.717,0.0,0.0,2968128.0
2021-06-14,Armenia,223723.0,41.0,4488.0,4.0,75375.119,1512.064,0.0,0.0,2968128.0
2021-06-15,Armenia,223805.0,82.0,4489.0,1.0,75402.745,1512.401,0.0,0.0,2968128.0
2021-06-16,Armenia,223904.0,99.0,4490.0,1.0,75436.1,1512.738,0.0,0.0,2968128.0
2021-06-17,Armenia,224000.0,96.0,4491.0,1.0,75468.443,1513.075,0.0,0.0,2968128.0
2021-06-18,Armenia,224086.0,86.0,4492.0,1.0,75497.418,1513.412,0.0,0.0,2968128.0
2021-06-19,Armenia,224167.0,81.0,4496.0,4.0,75524.708,1514.759,0.0,0.0,2968128.0
2021-06-20,Armenia,224227.0,60.0,4498.0,2.0,75544.923,1515.433,52509.0,11784.0,2968128.0
2021-06-21,Armenia,224253.0,26.0,4499.0,1.0,75553.682,1515.77,0.0,0.0,2968128.0
2021-06-22,Armenia,224330.0,77.0,4502.0,3.0,75579.625,1516.781,0.0,0.0,2968128.0
2021-06-23,Armenia,224430.0,100.0,4503.0,1.0,75613.316,1517.118,0.0,0.0,2968128.0
2021-06-24,Armenia,224533.0,103.0,4505.0,2.0,75648.018,1517.792,0.0,0.0,2968128.0
2021-06-25,Armenia,224635.0,102.0,4505.0,0.0,75682.383,1517.792,0.0,0.0,2968128.0
2021-06-26,Armenia,224728.0,93.0,4506.0,1.0,75713.716,1518.129,0.0,0.0,2968128.0
2021-06-27,Armenia,224797.0,69.0,4508.0,2.0,75736.963,1518.802,58518.0,16196.0,2968128.0
2021-06-28,Armenia,224851.0,54.0,4510.0,2.0,75755.156,1519.476,0.0,0.0,2968128.0
2021-06-29,Armenia,224967.0,116.0,4514.0,4.0,75794.238,1520.824,0.0,0.0,2968128.0
2021-06-30,Armenia,225095.0,128.0,4514.0,0.0,75837.363,1520.824,0.0,0.0,2968128.0
2021-07-01,Armenia,225221.0,126.0,4517.0,3.0,75879.814,1521.835,0.0,0.0,2968128.0
2021-07-02,Armenia,225339.0,118.0,4518.0,1.0,75919.57,1522.172,0.0,0.0,2968128.0
2021-07-03,Armenia,225464.0,125.0,4521.0,3.0,75961.684,1523.182,0.0,0.0,2968128.0
2021-07-04,Armenia,225553.0,89.0,4526.0,5.0,75991.669,1524.867,0.0,0.0,2968128.0
2021-07-05,Armenia,225606.0,53.0,4527.0,1.0,76009.525,1525.204,0.0,0.0,2968128.0
2021-07-06,Armenia,225661.0,55.0,4530.0,3.0,76028.055,1526.215,0.0,0.0,2968128.0
2021-07-07,Armenia,225801.0,140.0,4531.0,1.0,76075.223,1526.551,0.0,0.0,2968128.0
2021-07-08,Armenia,225987.0,186.0,4536.0,5.0,76137.889,1528.236,0.0,0.0,2968128.0
2021-07-09,Armenia,226135.0,148.0,4540.0,4.0,76187.752,1529.584,0.0,0.0,2968128.0
2021-07-10,Armenia,226285.0,150.0,4542.0,2.0,76238.289,1530.257,0.0,0.0,2968128.0
2021-07-11,Armenia,226388.0,103.0,4544.0,2.0,76272.991,1530.931,77449.0,30658.0,2968128.0
2021-07-12,Armenia,226459.0,71.0,4547.0,3.0,76296.912,1531.942,0.0,0.0,2968128.0
2021-07-13,Armenia,226597.0,138.0,4549.0,2.0,76343.406,1532.616,0.0,0.0,2968128.0
2021-07-14,Armenia,226756.0,159.0,4552.0,3.0,76396.975,1533.627,0.0,0.0,2968128.0
2021-07-15,Armenia,226949.0,193.0,4556.0,4.0,76461.999,1534.974,0.0,0.0,2968128.0
2021-07-16,Armenia,227111.0,162.0,4558.0,2.0,76516.579,1535.648,0.0,0.0,2968128.0
2021-07-17,Armenia,227298.0,187.0,4559.0,1.0,76579.581,1535.985,0.0,0.0,2968128.0
2021-07-18,Armenia,227430.0,132.0,4566.0,7.0,76624.054,1538.343,94560.0,36520.0,2968128.0
2021-07-19,Armenia,227522.0,92.0,4569.0,3.0,76655.05,1539.354,0.0,0.0,2968128.0
2021-07-20,Armenia,227716.0,194.0,4572.0,3.0,76720.411,1540.365,0.0,0.0,2968128.0
2021-07-21,Armenia,227936.0,220.0,4573.0,1.0,76794.532,1540.702,0.0,0.0,2968128.0
2021-07-22,Armenia,228161.0,225.0,4575.0,2.0,76870.337,1541.376,0.0,0.0,2968128.0
2021-07-23,Armenia,228382.0,221.0,4579.0,4.0,76944.795,1542.723,0.0,0.0,2968128.0
2021-07-24,Armenia,228632.0,250.0,4584.0,5.0,77029.023,1544.408,0.0,0.0,2968128.0
2021-07-25,Armenia,228798.0,166.0,4587.0,3.0,77084.951,1545.419,108674.0,43855.0,2968128.0
2021-07-26,Armenia,228910.0,112.0,4590.0,3.0,77122.685,1546.429,0.0,0.0,2968128.0
2021-07-27,Armenia,229090.0,180.0,4597.0,7.0,77183.329,1548.788,0.0,0.0,2968128.0
2021-07-28,Armenia,229370.0,280.0,4597.0,0.0,77277.665,1548.788,0.0,0.0,2968128.0
2021-07-29,Armenia,229603.0,233.0,4604.0,7.0,77356.165,1551.146,0.0,0.0,2968128.0
2021-07-30,Armenia,229867.0,264.0,4608.0,4.0,77445.11,1552.494,0.0,0.0,2968128.0
2021-07-31,Armenia,230110.0,243.0,4614.0,6.0,77526.98,1554.515,0.0,0.0,2968128.0
2021-08-01,Armenia,230339.0,229.0,4619.0,5.0,77604.133,1556.2,120285.0,51605.0,2968128.0
2021-08-02,Armenia,230476.0,137.0,4621.0,2.0,77650.29,1556.874,0.0,0.0,2968128.0
2021-08-03,Armenia,230713.0,237.0,4621.0,0.0,77730.138,1556.874,0.0,0.0,2968128.0
2021-08-04,Armenia,230993.0,280.0,4625.0,4.0,77824.474,1558.221,0.0,0.0,2968128.0
2021-08-05,Armenia,231322.0,329.0,4632.0,7.0,77935.318,1560.58,0.0,0.0,2968128.0
2021-08-06,Armenia,231625.0,303.0,4636.0,4.0,78037.403,1561.927,0.0,0.0,2968128.0
2021-08-07,Armenia,231923.0,298.0,4641.0,5.0,78137.803,1563.612,0.0,0.0,2968128.0
2021-08-08,Armenia,232157.0,234.0,4650.0,9.0,78216.64,1566.644,132529.0,62373.0,2968128.0
2021-08-09,Armenia,232297.0,140.0,4653.0,3.0,78263.808,1567.655,0.0,0.0,2968128.0
2021-08-10,Armenia,232610.0,313.0,4658.0,5.0,78369.262,1569.339,0.0,0.0,2968128.0
2021-08-11,Armenia,233001.0,391.0,4664.0,6.0,78500.995,1571.361,0.0,0.0,2968128.0
2021-08-12,Armenia,233400.0,399.0,4669.0,5.0,78635.423,1573.045,0.0,0.0,2968128.0
2021-08-13,Armenia,233797.0,397.0,4678.0,9.0,78769.177,1576.078,0.0,0.0,2968128.0
2021-08-14,Armenia,234227.0,430.0,4685.0,7.0,78914.05,1578.436,0.0,0.0,2968128.0
2021-08-15,Armenia,234558.0,331.0,4695.0,10.0,79025.568,1581.805,144573.0,75663.0,2968128.0
2021-08-16,Armenia,234814.0,256.0,4702.0,7.0,79111.817,1584.163,0.0,0.0,2968128.0
2021-08-17,Armenia,235171.0,357.0,4713.0,11.0,79232.095,1587.87,0.0,0.0,2968128.0
2021-08-18,Armenia,235675.0,504.0,4716.0,3.0,79401.899,1588.88,0.0,0.0,2968128.0
2021-08-19,Armenia,236234.0,559.0,4727.0,11.0,79590.233,1592.586,0.0,0.0,2968128.0
2021-08-20,Armenia,236742.0,508.0,4732.0,5.0,79761.385,1594.271,0.0,0.0,2968128.0
2021-08-21,Armenia,237249.0,507.0,4737.0,5.0,79932.2,1595.955,0.0,0.0,2968128.0
2021-08-22,Armenia,237634.0,385.0,4752.0,15.0,80061.911,1601.009,153888.0,85454.0,2968128.0
2021-08-23,Armenia,237885.0,251.0,4762.0,10.0,80146.476,1604.378,0.0,0.0,2968128.0
2021-08-24,Armenia,238422.0,537.0,4768.0,6.0,80327.398,1606.4,0.0,0.0,2968128.0
2021-08-25,Armenia,239056.0,634.0,4778.0,10.0,80541.001,1609.769,0.0,0.0,2968128.0
2021-08-26,Armenia,239739.0,683.0,4785.0,7.0,80771.112,1612.127,0.0,0.0,2968128.0
2021-08-27,Armenia,240261.0,522.0,4796.0,11.0,80946.981,1615.833,0.0,0.0,2968128.0
2021-08-28,Armenia,240953.0,692.0,4812.0,16.0,81180.124,1621.224,0.0,0.0,2968128.0
2021-08-29,Armenia,241336.0,383.0,4823.0,11.0,81309.162,1624.93,176552.0,98586.0,2968128.0
2021-08-30,Armenia,241611.0,275.0,4830.0,7.0,81401.813,1627.288,0.0,0.0,2968128.0
2021-08-31,Armenia,242135.0,524.0,4844.0,14.0,81578.355,1632.005,0.0,0.0,2968128.0
2021-09-01,Armenia,242750.0,615.0,4857.0,13.0,81785.556,1636.385,0.0,0.0,2968128.0
2021-09-02,Armenia,243386.0,636.0,4876.0,19.0,81999.833,1642.786,0.0,0.0,2968128.0
2021-09-03,Armenia,243981.0,595.0,4892.0,16.0,82200.296,1648.177,0.0,0.0,2968128.0
2021-09-04,Armenia,244602.0,621.0,4904.0,12.0,82409.519,1652.22,0.0,0.0,2968128.0
2021-09-05,Armenia,245025.0,423.0,4911.0,7.0,82552.033,1654.578,195290.0,108035.0,2968128.0
2021-09-06,Armenia,245264.0,239.0,4924.0,13.0,82632.555,1658.958,0.0,0.0,2968128.0
2021-09-07,Armenia,245765.0,501.0,4939.0,15.0,82801.348,1664.012,0.0,0.0,2968128.0
2021-09-08,Armenia,246410.0,645.0,4954.0,15.0,83018.657,1669.065,0.0,0.0,2968128.0
2021-09-09,Armenia,246997.0,587.0,4968.0,14.0,83216.425,1673.782,0.0,0.0,2968128.0
2021-09-10,Armenia,247666.0,669.0,4979.0,11.0,83441.819,1677.488,0.0,0.0,2968128.0
2021-09-11,Armenia,248397.0,731.0,4995.0,16.0,83688.102,1682.879,0.0,0.0,2968128.0
2021-09-12,Armenia,248850.0,453.0,5002.0,7.0,83840.724,1685.237,215278.0,120443.0,2968128.0
2021-09-13,Armenia,249146.0,296.0,5018.0,16.0,83940.45,1690.628,0.0,0.0,2968128.0
2021-09-14,Armenia,249803.0,657.0,5034.0,16.0,84161.802,1696.019,0.0,0.0,2968128.0
2021-09-15,Armenia,250559.0,756.0,5056.0,22.0,84416.508,1703.431,0.0,0.0,2968128.0
2021-09-16,Armenia,251323.0,764.0,5075.0,19.0,84673.909,1709.832,0.0,0.0,2968128.0
2021-09-17,Armenia,252082.0,759.0,5101.0,26.0,84929.626,1718.592,0.0,0.0,2968128.0
2021-09-18,Armenia,253093.0,1011.0,5117.0,16.0,85270.244,1723.982,0.0,0.0,2968128.0
2021-09-19,Armenia,253600.0,507.0,5131.0,14.0,85441.059,1728.699,237454.0,129325.0,2968128.0
2021-09-20,Armenia,253942.0,342.0,5143.0,12.0,85556.283,1732.742,0.0,0.0,2968128.0
2021-09-21,Armenia,254436.0,494.0,5161.0,18.0,85722.718,1738.806,0.0,0.0,2968128.0
2021-09-22,Armenia,254709.0,273.0,5181.0,20.0,85814.695,1745.545,0.0,0.0,2968128.0
2021-09-23,Armenia,255648.0,939.0,5200.0,19.0,86131.056,1751.946,0.0,0.0,2968128.0
2021-09-24,Armenia,256554.0,906.0,5216.0,16.0,86436.299,1757.337,0.0,0.0,2968128.0
2021-09-25,Armenia,257620.0,1066.0,5239.0,23.0,86795.448,1765.086,0.0,0.0,2968128.0
2021-09-26,Armenia,258545.0,925.0,5251.0,12.0,87107.092,1769.129,264695.0,143840.0,2968128.0
2021-09-27,Armenia,259007.0,462.0,5264.0,13.0,87262.746,1773.508,0.0,0.0,2968128.0
2021-09-28,Armenia,259779.0,772.0,5277.0,13.0,87522.843,1777.888,0.0,0.0,2968128.0
2021-09-29,Armenia,260675.0,896.0,5299.0,22.0,87824.716,1785.3,0.0,0.0,2968128.0
2021-09-30,Armenia,261697.0,1022.0,5319.0,20.0,88169.041,1792.039,0.0,0.0,2968128.0
2021-10-01,Armenia,262631.0,934.0,5339.0,20.0,88483.718,1798.777,0.0,0.0,2968128.0
2021-10-02,Armenia,263783.0,1152.0,5354.0,15.0,88871.841,1803.831,0.0,0.0,2968128.0
2021-10-03,Armenia,264690.0,907.0,5372.0,18.0,89177.421,1809.895,0.0,0.0,2968128.0
2021-10-04,Armenia,265317.0,627.0,5397.0,25.0,89388.665,1818.318,0.0,0.0,2968128.0
2021-10-05,Armenia,266208.0,891.0,5419.0,22.0,89688.854,1825.73,0.0,0.0,2968128.0
2021-10-06,Armenia,267363.0,1155.0,5440.0,21.0,90077.989,1832.805,0.0,0.0,2968128.0
2021-10-07,Armenia,268672.0,1309.0,5466.0,26.0,90519.007,1841.565,0.0,0.0,2968128.0
2021-10-08,Armenia,269874.0,1202.0,5499.0,33.0,90923.976,1852.683,0.0,0.0,2968128.0
2021-10-09,Armenia,271205.0,1331.0,5529.0,30.0,91372.407,1862.79,0.0,0.0,2968128.0
2021-10-10,Armenia,272356.0,1151.0,5549.0,20.0,91760.194,1869.529,0.0,0.0,2968128.0
2021-10-11,Armenia,272957.0,601.0,5575.0,26.0,91962.678,1878.288,344029.0,170212.0,2968128.0
2021-10-12,Armenia,273860.0,903.0,5618.0,43.0,92266.91,1892.776,0.0,0.0,2968128.0
2021-10-13,Armenia,275077.0,1217.0,5646.0,28.0,92676.933,1902.209,0.0,0.0,2968128.0
2021-10-14,Armenia,276666.0,1589.0,5675.0,29.0,93212.287,1911.98,0.0,0.0,2968128.0
2021-10-15,Armenia,278431.0,1765.0,5713.0,38.0,93806.938,1924.782,0.0,0.0,2968128.0
2021-10-16,Armenia,280294.0,1863.0,5754.0,41.0,94434.607,1938.596,0.0,0.0,2968128.0
2021-10-17,Armenia,281991.0,1697.0,5778.0,24.0,95006.347,1946.682,434617.0,186081.0,2968128.0
2021-10-18,Armenia,283183.0,1192.0,5805.0,27.0,95407.947,1955.778,0.0,0.0,2968128.0
2021-10-19,Armenia,284237.0,1054.0,5842.0,37.0,95763.053,1968.244,0.0,0.0,2968128.0
2021-10-20,Armenia,286303.0,2066.0,5870.0,28.0,96459.115,1977.678,0.0,0.0,2968128.0
2021-10-21,Armenia,288906.0,2603.0,5902.0,32.0,97336.099,1988.459,0.0,0.0,2968128.0
2021-10-22,Armenia,291052.0,2146.0,5944.0,42.0,98059.113,2002.609,0.0,0.0,2968128.0
2021-10-23,Armenia,293014.0,1962.0,5975.0,31.0,98720.136,2013.053,0.0,0.0,2968128.0
2021-10-24,Armenia,295368.0,2354.0,6013.0,38.0,99513.229,2025.856,497971.0,211374.0,2968128.0
2021-10-25,Armenia,296552.0,1184.0,6055.0,42.0,99912.133,2040.006,0.0,0.0,2968128.0
2021-10-26,Armenia,298069.0,1517.0,6112.0,57.0,100423.23,2059.21,0.0,0.0,2968128.0
2021-10-27,Armenia,300143.0,2074.0,6151.0,39.0,101121.987,2072.35,0.0,0.0,2968128.0
2021-10-28,Armenia,302450.0,2307.0,6189.0,38.0,101899.244,2085.153,0.0,0.0,2968128.0
2021-10-29,Armenia,304546.0,2096.0,6232.0,43.0,102605.413,2099.64,0.0,0.0,2968128.0
2021-10-30,Armenia,306739.0,2193.0,6284.0,52.0,103344.263,2117.159,0.0,0.0,2968128.0
2021-10-31,Armenia,308326.0,1587.0,6328.0,44.0,103878.943,2131.984,579360.0,252496.0,2968128.0
2021-11-01,Armenia,309397.0,1071.0,6379.0,51.0,104239.777,2149.166,0.0,0.0,2968128.0
2021-11-02,Armenia,310629.0,1232.0,6441.0,62.0,104654.853,2170.055,0.0,0.0,2968128.0
2021-11-03,Armenia,312674.0,2045.0,6491.0,50.0,105343.84,2186.9,0.0,0.0,2968128.0
2021-11-04,Armenia,315004.0,2330.0,6532.0,41.0,106128.846,2200.714,0.0,0.0,2968128.0
2021-11-05,Armenia,316839.0,1835.0,6582.0,50.0,106747.081,2217.559,0.0,0.0,2968128.0
2021-11-06,Armenia,319016.0,2177.0,6628.0,46.0,107480.54,2233.057,0.0,0.0,2968128.0
2021-11-07,Armenia,320433.0,1417.0,6670.0,42.0,107957.945,2247.208,613849.0,276948.0,2968128.0
2021-11-08,Armenia,321243.0,810.0,6700.0,30.0,108230.844,2257.315,0.0,0.0,2968128.0
2021-11-09,Armenia,322364.0,1121.0,6762.0,62.0,108608.524,2278.204,0.0,0.0,2968128.0
2021-11-10,Armenia,324039.0,1675.0,6831.0,69.0,109172.852,2301.451,0.0,0.0,2968128.0
2021-11-11,Armenia,325521.0,1482.0,6867.0,36.0,109672.157,2313.579,0.0,0.0,2968128.0
2021-11-12,Armenia,326830.0,1309.0,6937.0,70.0,110113.176,2337.163,0.0,0.0,2968128.0
2021-11-13,Armenia,328081.0,1251.0,6976.0,39.0,110534.653,2350.303,0.0,0.0,2968128.0
2021-11-14,Armenia,328963.0,882.0,7016.0,40.0,110831.81,2363.779,682188.0,322305.0,2968128.0
2021-11-15,Armenia,329341.0,378.0,7055.0,39.0,110959.163,2376.919,0.0,0.0,2968128.0
2021-11-16,Armenia,329913.0,572.0,7107.0,52.0,111151.878,2394.439,0.0,0.0,2968128.0
2021-11-17,Armenia,330895.0,982.0,7153.0,46.0,111482.726,2409.936,0.0,0.0,2968128.0
2021-11-18,Armenia,331914.0,1019.0,7183.0,30.0,111826.04,2420.044,0.0,0.0,2968128.0
2021-11-19,Armenia,332713.0,799.0,7212.0,29.0,112095.233,2429.814,0.0,0.0,2968128.0
2021-11-20,Armenia,333583.0,870.0,7253.0,41.0,112388.347,2443.628,0.0,0.0,2968128.0
2021-11-21,Armenia,334075.0,492.0,7278.0,25.0,112554.108,2452.051,738887.0,372004.0,2968128.0
2021-11-22,Armenia,334347.0,272.0,7308.0,30.0,112645.748,2462.158,0.0,0.0,2968128.0
2021-11-23,Armenia,334878.0,531.0,7356.0,48.0,112824.649,2478.33,0.0,0.0,2968128.0
2021-11-24,Armenia,335738.0,860.0,7379.0,23.0,113114.394,2486.079,0.0,0.0,2968128.0
2021-11-25,Armenia,336330.0,592.0,7419.0,40.0,113313.846,2499.555,0.0,0.0,2968128.0
2021-11-26,Armenia,337005.0,675.0,7459.0,40.0,113541.262,2513.032,0.0,0.0,2968128.0
2021-11-27,Armenia,337522.0,517.0,7485.0,26.0,113715.446,2521.792,0.0,0.0,2968128.0
2021-11-28,Armenia,337931.0,409.0,7514.0,29.0,113853.244,2531.562,799403.0,436861.0,2968128.0
2021-11-29,Armenia,338120.0,189.0,7535.0,21.0,113916.92,2538.637,0.0,0.0,2968128.0
2021-11-30,Armenia,338518.0,398.0,7567.0,32.0,114051.011,2549.418,0.0,0.0,2968128.0
2021-12-01,Armenia,339020.0,502.0,7610.0,43.0,114220.141,2563.906,0.0,0.0,2968128.0
2021-12-02,Armenia,339578.0,558.0,7631.0,21.0,114408.139,2570.981,0.0,0.0,2968128.0
2021-12-03,Armenia,339977.0,399.0,7644.0,13.0,114542.567,2575.361,0.0,0.0,2968128.0
2021-12-04,Armenia,340396.0,419.0,7669.0,25.0,114683.733,2583.783,0.0,0.0,2968128.0
2021-12-05,Armenia,340723.0,327.0,7683.0,14.0,114793.904,2588.5,0.0,0.0,2968128.0
2021-12-06,Armenia,340818.0,95.0,7691.0,8.0,114825.91,2591.196,835816.0,516989.0,2968128.0
2021-12-07,Armenia,341058.0,240.0,7718.0,27.0,114906.77,2600.292,0.0,0.0,2968128.0
2021-12-08,Armenia,341468.0,410.0,7728.0,10.0,115044.904,2603.661,0.0,0.0,2968128.0
2021-12-09,Armenia,341768.0,300.0,7747.0,19.0,115145.978,2610.063,0.0,0.0,2968128.0
2021-12-10,Armenia,342115.0,347.0,7767.0,20.0,115262.886,2616.801,0.0,0.0,2968128.0
2021-12-11,Armenia,342405.0,290.0,7788.0,21.0,115360.591,2623.876,0.0,0.0,2968128.0
2021-12-12,Armenia,342538.0,133.0,7802.0,14.0,115405.4,2628.593,869750.0,582624.0,2968128.0
2021-12-13,Armenia,342604.0,66.0,7819.0,17.0,115427.637,2634.32,0.0,0.0,2968128.0
2021-12-14,Armenia,342765.0,161.0,7845.0,26.0,115481.879,2643.08,0.0,0.0,2968128.0
2021-12-15,Armenia,342977.0,212.0,7856.0,11.0,115553.305,2646.786,0.0,0.0,2968128.0
2021-12-16,Armenia,343157.0,180.0,7874.0,18.0,115613.949,2652.851,0.0,0.0,2968128.0
2021-12-17,Armenia,343350.0,193.0,7885.0,11.0,115678.973,2656.557,0.0,0.0,2968128.0
2021-12-18,Armenia,343506.0,156.0,7893.0,8.0,115731.532,2659.252,0.0,0.0,2968128.0
2021-12-19,Armenia,343636.0,130.0,7899.0,6.0,115775.33,2661.273,903661.0,642971.0,2968128.0
2021-12-20,Armenia,343708.0,72.0,7903.0,4.0,115799.588,2662.621,0.0,0.0,2968128.0
2021-12-21,Armenia,343845.0,137.0,7914.0,11.0,115845.745,2666.327,0.0,0.0,2968128.0
2021-12-22,Armenia,343997.0,152.0,7921.0,7.0,115896.956,2668.685,0.0,0.0,2968128.0
2021-12-23,Armenia,344126.0,129.0,7936.0,15.0,115940.418,2673.739,0.0,0.0,2968128.0
2021-12-24,Armenia,344261.0,135.0,7939.0,3.0,115985.901,2674.75,0.0,0.0,2968128.0
2021-12-25,Armenia,344379.0,118.0,7942.0,3.0,116025.657,2675.761,0.0,0.0,2968128.0
2021-12-26,Armenia,344481.0,102.0,7943.0,1.0,116060.022,2676.098,934028.0,692082.0,2968128.0
2021-12-27,Armenia,344540.0,59.0,7950.0,7.0,116079.9,2678.456,0.0,0.0,2968128.0
2021-12-28,Armenia,344649.0,109.0,7965.0,15.0,116116.623,2683.51,0.0,0.0,2968128.0
2021-12-29,Armenia,344737.0,88.0,7970.0,5.0,116146.271,2685.194,0.0,0.0,2968128.0
2021-12-30,Armenia,344826.0,89.0,7968.0,0.0,116176.257,2684.52,0.0,0.0,2968128.0
2021-12-31,Armenia,344930.0,104.0,7972.0,4.0,116211.295,2685.868,0.0,0.0,2968128.0
2022-01-01,Armenia,344980.0,50.0,7975.0,3.0,116228.141,2686.879,0.0,0.0,2968128.0
2022-01-02,Armenia,345007.0,27.0,7977.0,2.0,116237.238,2687.553,944784.0,714685.0,2968128.0
2022-01-03,Armenia,345036.0,29.0,7983.0,6.0,116247.008,2689.574,0.0,0.0,2968128.0
2022-01-04,Armenia,345126.0,90.0,7986.0,3.0,116277.33,2690.585,0.0,0.0,2968128.0
2022-01-05,Armenia,345255.0,129.0,7989.0,3.0,116320.792,2691.596,0.0,0.0,2968128.0
2022-01-06,Armenia,345389.0,134.0,7993.0,4.0,116365.938,2692.943,0.0,0.0,2968128.0
2022-01-07,Armenia,345518.0,129.0,7997.0,4.0,116409.4,2694.291,0.0,0.0,2968128.0
2022-01-08,Armenia,345713.0,195.0,7999.0,2.0,116475.098,2694.965,0.0,0.0,2968128.0
2022-01-09,Armenia,345855.0,142.0,8001.0,2.0,116522.94,2695.638,952813.0,740489.0,2968128.0
2022-01-10,Armenia,345981.0,126.0,8004.0,3.0,116565.391,2696.649,0.0,0.0,2968128.0
2022-01-11,Armenia,346224.0,243.0,8006.0,2.0,116647.26,2697.323,0.0,0.0,2968128.0
2022-01-12,Armenia,346811.0,587.0,8014.0,8.0,116845.028,2700.018,0.0,0.0,2968128.0
2022-01-13,Armenia,346811.0,0.0,8014.0,0.0,116845.028,2700.018,0.0,0.0,2968128.0
2022-01-14,Armenia,347084.0,273.0,8015.0,1.0,116937.005,2700.355,0.0,0.0,2968128.0
2022-01-15,Armenia,347377.0,293.0,8018.0,3.0,117035.721,2701.366,0.0,0.0,2968128.0
2022-01-16,Armenia,347617.0,240.0,8019.0,1.0,117116.58,2701.703,0.0,0.0,2968128.0
2022-01-17,Armenia,347785.0,168.0,8020.0,1.0,117173.181,2702.04,973944.0,784849.0,2968128.0
2022-01-18,Armenia,348145.0,360.0,8022.0,2.0,117294.47,2702.714,0.0,0.0,2968128.0
2022-01-19,Armenia,348708.0,563.0,8025.0,3.0,117484.152,2703.724,0.0,0.0,2968128.0
2022-01-20,Armenia,349329.0,621.0,8026.0,1.0,117693.374,2704.061,0.0,0.0,2968128.0
2022-01-21,Armenia,349957.0,628.0,8026.0,0.0,117904.956,2704.061,0.0,0.0,2968128.0
2022-01-22,Armenia,350897.0,940.0,8026.0,0.0,118221.654,2704.061,0.0,0.0,2968128.0
2022-01-23,Armenia,351711.0,814.0,8028.0,2.0,118495.9,2704.735,999891.0,819841.0,2968128.0
2022-01-24,Armenia,352399.0,688.0,8028.0,0.0,118727.696,2704.735,0.0,0.0,2968128.0
2022-01-25,Armenia,353731.0,1332.0,8032.0,4.0,119176.464,2706.083,0.0,0.0,2968128.0
2022-01-26,Armenia,355662.0,1931.0,8033.0,1.0,119827.042,2706.42,0.0,0.0,2968128.0
2022-01-27,Armenia,358218.0,2556.0,8035.0,2.0,120688.191,2707.093,0.0,0.0,2968128.0
2022-01-28,Armenia,361754.0,3536.0,8035.0,0.0,121879.515,2707.093,0.0,0.0,2968128.0
2022-01-29,Armenia,364348.0,2594.0,8041.0,6.0,122753.466,2709.115,0.0,0.0,2968128.0
2022-01-30,Armenia,366433.0,2085.0,8046.0,5.0,123455.929,2710.8,1032249.0,842213.0,2968128.0
2022-01-31,Armenia,367795.0,1362.0,8053.0,7.0,123914.804,2713.158,0.0,0.0,2968128.0
2022-02-01,Armenia,370922.0,3127.0,8056.0,3.0,124968.33,2714.169,0.0,0.0,2968128.0
2022-02-02,Armenia,374878.0,3956.0,8060.0,4.0,126301.157,2715.516,0.0,0.0,2968128.0
2022-02-03,Armenia,379266.0,4388.0,8065.0,5.0,127779.53,2717.201,0.0,0.0,2968128.0
2022-02-04,Armenia,383458.0,4192.0,8075.0,10.0,129191.868,2720.57,0.0,0.0,2968128.0
2022-02-05,Armenia,387490.0,4032.0,8081.0,6.0,130550.3,2722.591,0.0,0.0,2968128.0
2022-02-06,Armenia,389957.0,2467.0,8086.0,5.0,131381.463,2724.276,1054178.0,858981.0,2968128.0
2022-02-07,Armenia,391588.0,1631.0,8097.0,11.0,131930.968,2727.982,0.0,0.0,2968128.0
2022-02-08,Armenia,394074.0,2486.0,8102.0,5.0,132768.533,2729.667,0.0,0.0,2968128.0
2022-02-09,Armenia,396885.0,2811.0,8108.0,6.0,133715.594,2731.688,0.0,0.0,2968128.0
2022-02-10,Armenia,399727.0,2842.0,8123.0,15.0,134673.1,2736.742,0.0,0.0,2968128.0
2022-02-11,Armenia,402403.0,2676.0,8145.0,22.0,135574.679,2744.154,0.0,0.0,2968128.0
2022-02-12,Armenia,404805.0,2402.0,8157.0,12.0,136383.943,2748.197,0.0,0.0,2968128.0
2022-02-13,Armenia,406379.0,1574.0,8167.0,10.0,136914.244,2751.566,1080404.0,872336.0,2968128.0
2022-02-14,Armenia,407074.0,695.0,8186.0,19.0,137148.398,2757.967,0.0,0.0,2968128.0
2022-02-15,Armenia,408381.0,1307.0,8201.0,15.0,137588.743,2763.021,0.0,0.0,2968128.0
2022-02-16,Armenia,410155.0,1774.0,8229.0,28.0,138186.426,2772.455,0.0,0.0,2968128.0
2022-02-17,Armenia,411878.0,1723.0,8253.0,24.0,138766.926,2780.54,0.0,0.0,2968128.0
2022-02-18,Armenia,413295.0,1417.0,8278.0,25.0,139244.332,2788.963,0.0,0.0,2968128.0
2022-02-19,Armenia,414764.0,1469.0,8308.0,30.0,139739.257,2799.071,0.0,0.0,2968128.0
2022-02-20,Armenia,415464.0,700.0,8322.0,14.0,139975.095,2803.787,0.0,896723.0,2968128.0
2022-02-21,Armenia,415757.0,293.0,8338.0,16.0,140073.811,2809.178,0.0,0.0,2968128.0
2022-02-22,Armenia,416510.0,753.0,8354.0,16.0,140327.506,2814.569,0.0,0.0,2968128.0
2022-02-23,Armenia,417456.0,946.0,8378.0,24.0,140646.225,2822.655,0.0,0.0,2968128.0
2022-02-24,Armenia,418220.0,764.0,8392.0,14.0,140903.627,2827.371,0.0,0.0,2968128.0
2022-02-25,Armenia,418792.0,572.0,8413.0,21.0,141096.341,2834.446,0.0,0.0,2968128.0
2022-02-26,Armenia,419423.0,631.0,8433.0,20.0,141308.933,2841.185,0.0,0.0,2968128.0
2022-02-27,Armenia,419693.0,270.0,8449.0,16.0,141399.899,2846.575,1087524.0,920978.0,2968128.0
2022-02-28,Armenia,419832.0,139.0,8461.0,12.0,141446.73,2850.618,0.0,0.0,2968128.0
2022-03-01,Armenia,420156.0,324.0,8478.0,17.0,141555.89,2856.346,0.0,0.0,2968128.0
2022-03-02,Armenia,420498.0,342.0,8493.0,15.0,141671.114,2861.4,0.0,0.0,2968128.0
2022-03-03,Armenia,420757.0,259.0,8505.0,12.0,141758.374,2865.442,0.0,0.0,2968128.0
2022-03-04,Armenia,421008.0,251.0,8516.0,11.0,141842.939,2869.149,0.0,0.0,2968128.0
2022-03-05,Armenia,421226.0,218.0,8528.0,12.0,141916.386,2873.191,0.0,0.0,2968128.0
2020-03-13,Aruba,2.0,2.0,0.0,0.0,18.658,0.0,0.0,0.0,107195.0
2020-03-14,Aruba,2.0,0.0,0.0,0.0,18.658,0.0,0.0,0.0,107195.0
2020-03-15,Aruba,2.0,0.0,0.0,0.0,18.658,0.0,0.0,0.0,107195.0
2020-03-16,Aruba,2.0,0.0,0.0,0.0,18.658,0.0,0.0,0.0,107195.0
2020-03-17,Aruba,3.0,1.0,0.0,0.0,27.986,0.0,0.0,0.0,107195.0
2020-03-18,Aruba,4.0,1.0,0.0,0.0,37.315,0.0,0.0,0.0,107195.0
2020-03-19,Aruba,4.0,0.0,0.0,0.0,37.315,0.0,0.0,0.0,107195.0
2020-03-20,Aruba,5.0,1.0,0.0,0.0,46.644,0.0,0.0,0.0,107195.0
2020-03-21,Aruba,5.0,0.0,0.0,0.0,46.644,0.0,0.0,0.0,107195.0
2020-03-22,Aruba,9.0,4.0,0.0,0.0,83.959,0.0,0.0,0.0,107195.0
2020-03-23,Aruba,9.0,0.0,0.0,0.0,83.959,0.0,0.0,0.0,107195.0
2020-03-24,Aruba,12.0,3.0,0.0,0.0,111.946,0.0,0.0,0.0,107195.0
2020-03-25,Aruba,17.0,5.0,0.0,0.0,158.589,0.0,0.0,0.0,107195.0
2020-03-26,Aruba,28.0,11.0,0.0,0.0,261.206,0.0,0.0,0.0,107195.0
2020-03-27,Aruba,33.0,5.0,0.0,0.0,307.85,0.0,0.0,0.0,107195.0
2020-03-28,Aruba,46.0,13.0,0.0,0.0,429.124,0.0,0.0,0.0,107195.0
2020-03-29,Aruba,50.0,4.0,0.0,0.0,466.44,0.0,0.0,0.0,107195.0
2020-03-30,Aruba,50.0,0.0,0.0,0.0,466.44,0.0,0.0,0.0,107195.0
2020-03-31,Aruba,55.0,5.0,0.0,0.0,513.084,0.0,0.0,0.0,107195.0
2020-04-01,Aruba,55.0,0.0,0.0,0.0,513.084,0.0,0.0,0.0,107195.0
2020-04-02,Aruba,60.0,5.0,0.0,0.0,559.728,0.0,0.0,0.0,107195.0
2020-04-03,Aruba,62.0,2.0,0.0,0.0,578.385,0.0,0.0,0.0,107195.0
2020-04-04,Aruba,64.0,2.0,0.0,0.0,597.043,0.0,0.0,0.0,107195.0
2020-04-05,Aruba,64.0,0.0,0.0,0.0,597.043,0.0,0.0,0.0,107195.0
2020-04-06,Aruba,71.0,7.0,0.0,0.0,662.344,0.0,0.0,0.0,107195.0
2020-04-07,Aruba,74.0,3.0,0.0,0.0,690.331,0.0,0.0,0.0,107195.0
2020-04-08,Aruba,77.0,3.0,0.0,0.0,718.317,0.0,0.0,0.0,107195.0
2020-04-09,Aruba,82.0,5.0,0.0,0.0,764.961,0.0,0.0,0.0,107195.0
2020-04-10,Aruba,86.0,4.0,0.0,0.0,802.276,0.0,0.0,0.0,107195.0
2020-04-11,Aruba,92.0,6.0,0.0,0.0,858.249,0.0,0.0,0.0,107195.0
2020-04-12,Aruba,92.0,0.0,0.0,0.0,858.249,0.0,0.0,0.0,107195.0
2020-04-13,Aruba,92.0,0.0,0.0,0.0,858.249,0.0,0.0,0.0,107195.0
2020-04-14,Aruba,92.0,0.0,0.0,0.0,858.249,0.0,0.0,0.0,107195.0
2020-04-15,Aruba,93.0,1.0,1.0,1.0,867.578,9.329,0.0,0.0,107195.0
2020-04-16,Aruba,95.0,2.0,2.0,1.0,886.235,18.658,0.0,0.0,107195.0
2020-04-17,Aruba,96.0,1.0,2.0,0.0,895.564,18.658,0.0,0.0,107195.0
2020-04-18,Aruba,96.0,0.0,2.0,0.0,895.564,18.658,0.0,0.0,107195.0
2020-04-19,Aruba,97.0,1.0,2.0,0.0,904.893,18.658,0.0,0.0,107195.0
2020-04-20,Aruba,97.0,0.0,2.0,0.0,904.893,18.658,0.0,0.0,107195.0
2020-04-21,Aruba,97.0,0.0,2.0,0.0,904.893,18.658,0.0,0.0,107195.0
2020-04-22,Aruba,100.0,3.0,2.0,0.0,932.879,18.658,0.0,0.0,107195.0
2020-04-23,Aruba,100.0,0.0,2.0,0.0,932.879,18.658,0.0,0.0,107195.0
2020-04-24,Aruba,100.0,0.0,2.0,0.0,932.879,18.658,0.0,0.0,107195.0
2020-04-25,Aruba,100.0,0.0,2.0,0.0,932.879,18.658,0.0,0.0,107195.0
2020-04-26,Aruba,100.0,0.0,2.0,0.0,932.879,18.658,0.0,0.0,107195.0
2020-04-27,Aruba,100.0,0.0,2.0,0.0,932.879,18.658,0.0,0.0,107195.0
2020-04-28,Aruba,100.0,0.0,2.0,0.0,932.879,18.658,0.0,0.0,107195.0
2020-04-29,Aruba,100.0,0.0,2.0,0.0,932.879,18.658,0.0,0.0,107195.0
2020-04-30,Aruba,100.0,0.0,2.0,0.0,932.879,18.658,0.0,0.0,107195.0
2020-05-01,Aruba,100.0,0.0,2.0,0.0,932.879,18.658,0.0,0.0,107195.0
2020-05-02,Aruba,100.0,0.0,2.0,0.0,932.879,18.658,0.0,0.0,107195.0
2020-05-03,Aruba,100.0,0.0,2.0,0.0,932.879,18.658,0.0,0.0,107195.0
2020-05-04,Aruba,100.0,0.0,2.0,0.0,932.879,18.658,0.0,0.0,107195.0
2020-05-05,Aruba,101.0,1.0,2.0,0.0,942.208,18.658,0.0,0.0,107195.0
2020-05-06,Aruba,101.0,0.0,2.0,0.0,942.208,18.658,0.0,0.0,107195.0
2020-05-07,Aruba,101.0,0.0,3.0,1.0,942.208,27.986,0.0,0.0,107195.0
2020-05-08,Aruba,101.0,0.0,3.0,0.0,942.208,27.986,0.0,0.0,107195.0
2020-05-09,Aruba,101.0,0.0,3.0,0.0,942.208,27.986,0.0,0.0,107195.0
2020-05-10,Aruba,101.0,0.0,3.0,0.0,942.208,27.986,0.0,0.0,107195.0
2020-05-11,Aruba,101.0,0.0,3.0,0.0,942.208,27.986,0.0,0.0,107195.0
2020-05-12,Aruba,101.0,0.0,3.0,0.0,942.208,27.986,0.0,0.0,107195.0
2020-05-13,Aruba,101.0,0.0,3.0,0.0,942.208,27.986,0.0,0.0,107195.0
2020-05-14,Aruba,101.0,0.0,3.0,0.0,942.208,27.986,0.0,0.0,107195.0
2020-05-15,Aruba,101.0,0.0,3.0,0.0,942.208,27.986,0.0,0.0,107195.0
2020-05-16,Aruba,101.0,0.0,3.0,0.0,942.208,27.986,0.0,0.0,107195.0
2020-05-17,Aruba,101.0,0.0,3.0,0.0,942.208,27.986,0.0,0.0,107195.0
2020-05-18,Aruba,101.0,0.0,3.0,0.0,942.208,27.986,0.0,0.0,107195.0
2020-05-19,Aruba,101.0,0.0,3.0,0.0,942.208,27.986,0.0,0.0,107195.0
2020-05-20,Aruba,101.0,0.0,3.0,0.0,942.208,27.986,0.0,0.0,107195.0
2020-05-21,Aruba,101.0,0.0,3.0,0.0,942.208,27.986,0.0,0.0,107195.0
2020-05-22,Aruba,101.0,0.0,3.0,0.0,942.208,27.986,0.0,0.0,107195.0
2020-05-23,Aruba,101.0,0.0,3.0,0.0,942.208,27.986,0.0,0.0,107195.0
2020-05-24,Aruba,101.0,0.0,3.0,0.0,942.208,27.986,0.0,0.0,107195.0
2020-05-25,Aruba,101.0,0.0,3.0,0.0,942.208,27.986,0.0,0.0,107195.0
2020-05-26,Aruba,101.0,0.0,3.0,0.0,942.208,27.986,0.0,0.0,107195.0
2020-05-27,Aruba,101.0,0.0,3.0,0.0,942.208,27.986,0.0,0.0,107195.0
2020-05-28,Aruba,101.0,0.0,3.0,0.0,942.208,27.986,0.0,0.0,107195.0
2020-05-29,Aruba,101.0,0.0,3.0,0.0,942.208,27.986,0.0,0.0,107195.0
2020-05-30,Aruba,101.0,0.0,3.0,0.0,942.208,27.986,0.0,0.0,107195.0
2020-05-31,Aruba,101.0,0.0,3.0,0.0,942.208,27.986,0.0,0.0,107195.0
2020-06-01,Aruba,101.0,0.0,3.0,0.0,942.208,27.986,0.0,0.0,107195.0
2020-06-02,Aruba,101.0,0.0,3.0,0.0,942.208,27.986,0.0,0.0,107195.0
2020-06-03,Aruba,101.0,0.0,3.0,0.0,942.208,27.986,0.0,0.0,107195.0
2020-06-04,Aruba,101.0,0.0,3.0,0.0,942.208,27.986,0.0,0.0,107195.0
2020-06-05,Aruba,101.0,0.0,3.0,0.0,942.208,27.986,0.0,0.0,107195.0
2020-06-06,Aruba,101.0,0.0,3.0,0.0,942.208,27.986,0.0,0.0,107195.0
2020-06-07,Aruba,101.0,0.0,3.0,0.0,942.208,27.986,0.0,0.0,107195.0
2020-06-08,Aruba,101.0,0.0,3.0,0.0,942.208,27.986,0.0,0.0,107195.0
2020-06-09,Aruba,101.0,0.0,3.0,0.0,942.208,27.986,0.0,0.0,107195.0
2020-06-10,Aruba,101.0,0.0,3.0,0.0,942.208,27.986,0.0,0.0,107195.0
2020-06-11,Aruba,101.0,0.0,3.0,0.0,942.208,27.986,0.0,0.0,107195.0
2020-06-12,Aruba,101.0,0.0,3.0,0.0,942.208,27.986,0.0,0.0,107195.0
2020-06-13,Aruba,101.0,0.0,3.0,0.0,942.208,27.986,0.0,0.0,107195.0
2020-06-14,Aruba,101.0,0.0,3.0,0.0,942.208,27.986,0.0,0.0,107195.0
2020-06-15,Aruba,101.0,0.0,3.0,0.0,942.208,27.986,0.0,0.0,107195.0
2020-06-16,Aruba,101.0,0.0,3.0,0.0,942.208,27.986,0.0,0.0,107195.0
2020-06-17,Aruba,101.0,0.0,3.0,0.0,942.208,27.986,0.0,0.0,107195.0
2020-06-18,Aruba,101.0,0.0,3.0,0.0,942.208,27.986,0.0,0.0,107195.0
2020-06-19,Aruba,101.0,0.0,3.0,0.0,942.208,27.986,0.0,0.0,107195.0
2020-06-20,Aruba,101.0,0.0,3.0,0.0,942.208,27.986,0.0,0.0,107195.0
2020-06-21,Aruba,101.0,0.0,3.0,0.0,942.208,27.986,0.0,0.0,107195.0
2020-06-22,Aruba,101.0,0.0,3.0,0.0,942.208,27.986,0.0,0.0,107195.0
2020-06-23,Aruba,101.0,0.0,3.0,0.0,942.208,27.986,0.0,0.0,107195.0
2020-06-24,Aruba,101.0,0.0,3.0,0.0,942.208,27.986,0.0,0.0,107195.0
2020-06-25,Aruba,101.0,0.0,3.0,0.0,942.208,27.986,0.0,0.0,107195.0
2020-06-26,Aruba,101.0,0.0,3.0,0.0,942.208,27.986,0.0,0.0,107195.0
2020-06-27,Aruba,101.0,0.0,3.0,0.0,942.208,27.986,0.0,0.0,107195.0
2020-06-28,Aruba,101.0,0.0,3.0,0.0,942.208,27.986,0.0,0.0,107195.0
2020-06-29,Aruba,103.0,2.0,3.0,0.0,960.866,27.986,0.0,0.0,107195.0
2020-06-30,Aruba,103.0,0.0,3.0,0.0,960.866,27.986,0.0,0.0,107195.0
2020-07-01,Aruba,103.0,0.0,3.0,0.0,960.866,27.986,0.0,0.0,107195.0
2020-07-02,Aruba,104.0,1.0,3.0,0.0,970.195,27.986,0.0,0.0,107195.0
2020-07-03,Aruba,104.0,0.0,3.0,0.0,970.195,27.986,0.0,0.0,107195.0
2020-07-04,Aruba,105.0,1.0,3.0,0.0,979.523,27.986,0.0,0.0,107195.0
2020-07-05,Aruba,105.0,0.0,3.0,0.0,979.523,27.986,0.0,0.0,107195.0
2020-07-06,Aruba,105.0,0.0,3.0,0.0,979.523,27.986,0.0,0.0,107195.0
2020-07-07,Aruba,105.0,0.0,3.0,0.0,979.523,27.986,0.0,0.0,107195.0
2020-07-08,Aruba,105.0,0.0,3.0,0.0,979.523,27.986,0.0,0.0,107195.0
2020-07-09,Aruba,105.0,0.0,3.0,0.0,979.523,27.986,0.0,0.0,107195.0
2020-07-10,Aruba,105.0,0.0,3.0,0.0,979.523,27.986,0.0,0.0,107195.0
2020-07-11,Aruba,105.0,0.0,3.0,0.0,979.523,27.986,0.0,0.0,107195.0
2020-07-12,Aruba,105.0,0.0,3.0,0.0,979.523,27.986,0.0,0.0,107195.0
2020-07-13,Aruba,105.0,0.0,3.0,0.0,979.523,27.986,0.0,0.0,107195.0
2020-07-14,Aruba,106.0,1.0,3.0,0.0,988.852,27.986,0.0,0.0,107195.0
2020-07-15,Aruba,106.0,0.0,3.0,0.0,988.852,27.986,0.0,0.0,107195.0
2020-07-16,Aruba,108.0,2.0,3.0,0.0,1007.51,27.986,0.0,0.0,107195.0
2020-07-17,Aruba,111.0,3.0,3.0,0.0,1035.496,27.986,0.0,0.0,107195.0
2020-07-18,Aruba,111.0,0.0,3.0,0.0,1035.496,27.986,0.0,0.0,107195.0
2020-07-19,Aruba,113.0,2.0,3.0,0.0,1054.154,27.986,0.0,0.0,107195.0
2020-07-20,Aruba,115.0,2.0,3.0,0.0,1072.811,27.986,0.0,0.0,107195.0
2020-07-21,Aruba,117.0,2.0,3.0,0.0,1091.469,27.986,0.0,0.0,107195.0
2020-07-22,Aruba,117.0,0.0,3.0,0.0,1091.469,27.986,0.0,0.0,107195.0
2020-07-23,Aruba,117.0,0.0,3.0,0.0,1091.469,27.986,0.0,0.0,107195.0
2020-07-24,Aruba,118.0,1.0,3.0,0.0,1100.798,27.986,0.0,0.0,107195.0
2020-07-25,Aruba,119.0,1.0,3.0,0.0,1110.126,27.986,0.0,0.0,107195.0
2020-07-26,Aruba,119.0,0.0,3.0,0.0,1110.126,27.986,0.0,0.0,107195.0
2020-07-27,Aruba,119.0,0.0,3.0,0.0,1110.126,27.986,0.0,0.0,107195.0
2020-07-28,Aruba,119.0,0.0,3.0,0.0,1110.126,27.986,0.0,0.0,107195.0
2020-07-29,Aruba,119.0,0.0,3.0,0.0,1110.126,27.986,0.0,0.0,107195.0
2020-07-30,Aruba,120.0,1.0,3.0,0.0,1119.455,27.986,0.0,0.0,107195.0
2020-07-31,Aruba,121.0,1.0,3.0,0.0,1128.784,27.986,0.0,0.0,107195.0
2020-08-01,Aruba,121.0,0.0,3.0,0.0,1128.784,27.986,0.0,0.0,107195.0
2020-08-02,Aruba,122.0,1.0,3.0,0.0,1138.113,27.986,0.0,0.0,107195.0
2020-08-03,Aruba,124.0,2.0,3.0,0.0,1156.77,27.986,0.0,0.0,107195.0
2020-08-04,Aruba,132.0,8.0,3.0,0.0,1231.401,27.986,0.0,0.0,107195.0
2020-08-05,Aruba,171.0,39.0,3.0,0.0,1595.224,27.986,0.0,0.0,107195.0
2020-08-06,Aruba,263.0,92.0,3.0,0.0,2453.473,27.986,0.0,0.0,107195.0
2020-08-07,Aruba,396.0,133.0,3.0,0.0,3694.202,27.986,0.0,0.0,107195.0
2020-08-08,Aruba,509.0,113.0,3.0,0.0,4748.356,27.986,0.0,0.0,107195.0
2020-08-09,Aruba,563.0,54.0,3.0,0.0,5252.111,27.986,0.0,0.0,107195.0
2020-08-10,Aruba,630.0,67.0,3.0,0.0,5877.14,27.986,0.0,0.0,107195.0
2020-08-11,Aruba,717.0,87.0,3.0,0.0,6688.745,27.986,0.0,0.0,107195.0
2020-08-12,Aruba,798.0,81.0,3.0,0.0,7444.377,27.986,0.0,0.0,107195.0
2020-08-13,Aruba,894.0,96.0,4.0,1.0,8339.941,37.315,0.0,0.0,107195.0
2020-08-14,Aruba,973.0,79.0,4.0,0.0,9076.916,37.315,0.0,0.0,107195.0
2020-08-15,Aruba,1048.0,75.0,4.0,0.0,9776.575,37.315,0.0,0.0,107195.0
2020-08-16,Aruba,1102.0,54.0,4.0,0.0,10280.33,37.315,0.0,0.0,107195.0
2020-08-17,Aruba,1121.0,19.0,4.0,0.0,10457.577,37.315,0.0,0.0,107195.0
2020-08-18,Aruba,1205.0,84.0,4.0,0.0,11241.196,37.315,0.0,0.0,107195.0
2020-08-19,Aruba,1296.0,91.0,5.0,1.0,12090.116,46.644,0.0,0.0,107195.0
2020-08-20,Aruba,1387.0,91.0,6.0,1.0,12939.036,55.973,0.0,0.0,107195.0
2020-08-21,Aruba,1464.0,77.0,6.0,0.0,13657.353,55.973,0.0,0.0,107195.0
2020-08-22,Aruba,1534.0,70.0,7.0,1.0,14310.369,65.302,0.0,0.0,107195.0
2020-08-23,Aruba,1568.0,34.0,7.0,0.0,14627.548,65.302,0.0,0.0,107195.0
2020-08-24,Aruba,1628.0,60.0,7.0,0.0,15187.276,65.302,0.0,0.0,107195.0
2020-08-25,Aruba,1670.0,42.0,8.0,1.0,15579.085,74.63,0.0,0.0,107195.0
2020-08-26,Aruba,1760.0,90.0,8.0,0.0,16418.676,74.63,0.0,0.0,107195.0
2020-08-27,Aruba,1848.0,88.0,8.0,0.0,17239.61,74.63,0.0,0.0,107195.0
2020-08-28,Aruba,1906.0,58.0,9.0,1.0,17780.68,83.959,0.0,0.0,107195.0
2020-08-29,Aruba,1975.0,69.0,10.0,1.0,18424.367,93.288,0.0,0.0,107195.0
2020-08-30,Aruba,1997.0,22.0,10.0,0.0,18629.6,93.288,0.0,0.0,107195.0
2020-08-31,Aruba,2006.0,9.0,10.0,0.0,18713.559,93.288,0.0,0.0,107195.0
2020-09-01,Aruba,2104.0,98.0,10.0,0.0,19627.781,93.288,0.0,0.0,107195.0
2020-09-02,Aruba,2211.0,107.0,12.0,2.0,20625.962,111.946,0.0,0.0,107195.0
2020-09-03,Aruba,2292.0,81.0,13.0,1.0,21381.594,121.274,0.0,0.0,107195.0
2020-09-04,Aruba,2358.0,66.0,13.0,0.0,21997.295,121.274,0.0,0.0,107195.0
2020-09-05,Aruba,2428.0,70.0,14.0,1.0,22650.31,130.603,0.0,0.0,107195.0
2020-09-06,Aruba,2449.0,21.0,14.0,0.0,22846.215,130.603,0.0,0.0,107195.0
2020-09-07,Aruba,2482.0,33.0,15.0,1.0,23154.065,139.932,0.0,0.0,107195.0
2020-09-08,Aruba,2589.0,107.0,15.0,0.0,24152.246,139.932,0.0,0.0,107195.0
2020-09-09,Aruba,2730.0,141.0,15.0,0.0,25467.606,139.932,0.0,0.0,107195.0
2020-09-10,Aruba,2819.0,89.0,16.0,1.0,26297.868,149.261,0.0,0.0,107195.0
2020-09-11,Aruba,2898.0,79.0,18.0,2.0,27034.843,167.918,0.0,0.0,107195.0
2020-09-12,Aruba,2994.0,96.0,18.0,0.0,27930.407,167.918,0.0,0.0,107195.0
2020-09-13,Aruba,3046.0,52.0,18.0,0.0,28415.504,167.918,0.0,0.0,107195.0
2020-09-14,Aruba,3060.0,14.0,20.0,2.0,28546.108,186.576,0.0,0.0,107195.0
2020-09-15,Aruba,3152.0,92.0,22.0,2.0,29404.357,205.233,0.0,0.0,107195.0
2020-09-16,Aruba,3328.0,176.0,22.0,0.0,31046.224,205.233,0.0,0.0,107195.0
2020-09-17,Aruba,3382.0,54.0,23.0,1.0,31549.979,214.562,0.0,0.0,107195.0
2020-09-18,Aruba,3460.0,78.0,23.0,0.0,32277.625,214.562,0.0,0.0,107195.0
2020-09-19,Aruba,3460.0,0.0,23.0,0.0,32277.625,214.562,0.0,0.0,107195.0
2020-09-20,Aruba,3551.0,91.0,23.0,0.0,33126.545,214.562,0.0,0.0,107195.0
2020-09-21,Aruba,3587.0,36.0,24.0,1.0,33462.382,223.891,0.0,0.0,107195.0
2020-09-22,Aruba,3665.0,78.0,25.0,1.0,34190.028,233.22,0.0,0.0,107195.0
2020-09-23,Aruba,3721.0,56.0,25.0,0.0,34712.44,233.22,0.0,0.0,107195.0
2020-09-24,Aruba,3756.0,35.0,25.0,0.0,35038.948,233.22,0.0,0.0,107195.0
2020-09-25,Aruba,3799.0,43.0,25.0,0.0,35440.086,233.22,0.0,0.0,107195.0
2020-09-26,Aruba,3832.0,33.0,25.0,0.0,35747.936,233.22,0.0,0.0,107195.0
2020-09-27,Aruba,3844.0,12.0,25.0,0.0,35859.882,233.22,0.0,0.0,107195.0
2020-09-28,Aruba,3872.0,28.0,25.0,0.0,36121.088,233.22,0.0,0.0,107195.0
2020-09-29,Aruba,3934.0,62.0,26.0,1.0,36699.473,242.549,0.0,0.0,107195.0
2020-09-30,Aruba,3963.0,29.0,27.0,1.0,36970.008,251.877,0.0,0.0,107195.0
2020-10-01,Aruba,3998.0,35.0,27.0,0.0,37296.516,251.877,0.0,0.0,107195.0
2020-10-02,Aruba,4038.0,40.0,30.0,3.0,37669.667,279.864,0.0,0.0,107195.0
2020-10-03,Aruba,4074.0,36.0,30.0,0.0,38005.504,279.864,0.0,0.0,107195.0
2020-10-04,Aruba,4079.0,5.0,30.0,0.0,38052.148,279.864,0.0,0.0,107195.0
2020-10-05,Aruba,4094.0,15.0,31.0,1.0,38192.08,289.193,0.0,0.0,107195.0
2020-10-06,Aruba,4108.0,14.0,31.0,0.0,38322.683,289.193,0.0,0.0,107195.0
2020-10-07,Aruba,4133.0,25.0,31.0,0.0,38555.903,289.193,0.0,0.0,107195.0
2020-10-08,Aruba,4150.0,17.0,31.0,0.0,38714.492,289.193,0.0,0.0,107195.0
2020-10-09,Aruba,4167.0,17.0,32.0,1.0,38873.082,298.521,0.0,0.0,107195.0
2020-10-10,Aruba,4188.0,21.0,32.0,0.0,39068.986,298.521,0.0,0.0,107195.0
2020-10-11,Aruba,4194.0,6.0,33.0,1.0,39124.959,307.85,0.0,0.0,107195.0
2020-10-12,Aruba,4197.0,3.0,33.0,0.0,39152.946,307.85,0.0,0.0,107195.0
2020-10-13,Aruba,4229.0,32.0,33.0,0.0,39451.467,307.85,0.0,0.0,107195.0
2020-10-14,Aruba,4255.0,26.0,32.0,0.0,39694.016,298.521,0.0,0.0,107195.0
2020-10-15,Aruba,4285.0,30.0,32.0,0.0,39973.879,298.521,0.0,0.0,107195.0
2020-10-16,Aruba,4289.0,4.0,32.0,0.0,40011.195,298.521,0.0,0.0,107195.0
2020-10-17,Aruba,4304.0,15.0,34.0,2.0,40151.126,317.179,0.0,0.0,107195.0
2020-10-18,Aruba,4322.0,18.0,34.0,0.0,40319.045,317.179,0.0,0.0,107195.0
2020-10-19,Aruba,4334.0,12.0,34.0,0.0,40430.99,317.179,0.0,0.0,107195.0
2020-10-20,Aruba,4355.0,21.0,34.0,0.0,40626.895,317.179,0.0,0.0,107195.0
2020-10-21,Aruba,4369.0,14.0,35.0,1.0,40757.498,326.508,0.0,0.0,107195.0
2020-10-22,Aruba,4389.0,20.0,36.0,1.0,40944.074,335.837,0.0,0.0,107195.0
2020-10-23,Aruba,4401.0,12.0,36.0,0.0,41056.019,335.837,0.0,0.0,107195.0
2020-10-24,Aruba,4410.0,9.0,36.0,0.0,41139.979,335.837,0.0,0.0,107195.0
2020-10-25,Aruba,4420.0,10.0,36.0,0.0,41233.266,335.837,0.0,0.0,107195.0
2020-10-26,Aruba,4422.0,2.0,36.0,0.0,41251.924,335.837,0.0,0.0,107195.0
2020-10-27,Aruba,4437.0,15.0,36.0,0.0,41391.856,335.837,0.0,0.0,107195.0
2020-10-28,Aruba,4455.0,18.0,37.0,1.0,41559.774,345.165,0.0,0.0,107195.0
2020-10-29,Aruba,4472.0,17.0,37.0,0.0,41718.364,345.165,0.0,0.0,107195.0
2020-10-30,Aruba,4494.0,22.0,37.0,0.0,41923.597,345.165,0.0,0.0,107195.0
2020-10-31,Aruba,4513.0,19.0,38.0,1.0,42100.844,354.494,0.0,0.0,107195.0
2020-11-01,Aruba,4519.0,6.0,38.0,0.0,42156.817,354.494,0.0,0.0,107195.0
2020-11-02,Aruba,4524.0,5.0,38.0,0.0,42203.461,354.494,0.0,0.0,107195.0
2020-11-03,Aruba,4538.0,14.0,38.0,0.0,42334.064,354.494,0.0,0.0,107195.0
2020-11-04,Aruba,4553.0,15.0,39.0,1.0,42473.996,363.823,0.0,0.0,107195.0
2020-11-05,Aruba,4564.0,11.0,39.0,0.0,42576.613,363.823,0.0,0.0,107195.0
2020-11-06,Aruba,4578.0,14.0,39.0,0.0,42707.216,363.823,0.0,0.0,107195.0
2020-11-07,Aruba,4589.0,11.0,40.0,1.0,42809.833,373.152,0.0,0.0,107195.0
2020-11-08,Aruba,4600.0,11.0,40.0,0.0,42912.449,373.152,0.0,0.0,107195.0
2020-11-09,Aruba,4606.0,6.0,41.0,1.0,42968.422,382.481,0.0,0.0,107195.0
2020-11-10,Aruba,4622.0,16.0,42.0,1.0,43117.683,391.809,0.0,0.0,107195.0
2020-11-11,Aruba,4631.0,9.0,43.0,1.0,43201.642,401.138,0.0,0.0,107195.0
2020-11-12,Aruba,4639.0,8.0,43.0,0.0,43276.272,401.138,0.0,0.0,107195.0
2020-11-13,Aruba,4650.0,11.0,43.0,0.0,43378.889,401.138,0.0,0.0,107195.0
2020-11-14,Aruba,4658.0,8.0,44.0,1.0,43453.519,410.467,0.0,0.0,107195.0
2020-11-15,Aruba,4662.0,4.0,44.0,0.0,43490.834,410.467,0.0,0.0,107195.0
2020-11-16,Aruba,4668.0,6.0,44.0,0.0,43546.807,410.467,0.0,0.0,107195.0
2020-11-17,Aruba,4676.0,8.0,44.0,0.0,43621.438,410.467,0.0,0.0,107195.0
2020-11-18,Aruba,4685.0,9.0,45.0,1.0,43705.397,419.796,0.0,0.0,107195.0
2020-11-19,Aruba,4693.0,8.0,45.0,0.0,43780.027,419.796,0.0,0.0,107195.0
2020-11-20,Aruba,4698.0,5.0,45.0,0.0,43826.671,419.796,0.0,0.0,107195.0
2020-11-21,Aruba,4724.0,26.0,45.0,0.0,44069.22,419.796,0.0,0.0,107195.0
2020-11-22,Aruba,4731.0,7.0,45.0,0.0,44134.521,419.796,0.0,0.0,107195.0
2020-11-23,Aruba,4737.0,6.0,45.0,0.0,44190.494,419.796,0.0,0.0,107195.0
2020-11-24,Aruba,4751.0,14.0,45.0,0.0,44321.097,419.796,0.0,0.0,107195.0
2020-11-25,Aruba,4778.0,27.0,45.0,0.0,44572.974,419.796,0.0,0.0,107195.0
2020-11-26,Aruba,4791.0,13.0,45.0,0.0,44694.249,419.796,0.0,0.0,107195.0
2020-11-27,Aruba,4808.0,17.0,45.0,0.0,44852.838,419.796,0.0,0.0,107195.0
2020-11-28,Aruba,4833.0,25.0,45.0,0.0,45086.058,419.796,0.0,0.0,107195.0
2020-11-29,Aruba,4838.0,5.0,45.0,0.0,45132.702,419.796,0.0,0.0,107195.0
2020-11-30,Aruba,4845.0,7.0,45.0,0.0,45198.004,419.796,0.0,0.0,107195.0
2020-12-01,Aruba,4872.0,27.0,45.0,0.0,45449.881,419.796,0.0,0.0,107195.0
2020-12-02,Aruba,4902.0,30.0,45.0,0.0,45729.745,419.796,0.0,0.0,107195.0
2020-12-03,Aruba,4923.0,21.0,45.0,0.0,45925.65,419.796,0.0,0.0,107195.0
2020-12-04,Aruba,4942.0,19.0,45.0,0.0,46102.897,419.796,0.0,0.0,107195.0
2020-12-05,Aruba,4957.0,15.0,45.0,0.0,46242.828,419.796,0.0,0.0,107195.0
2020-12-06,Aruba,4965.0,8.0,45.0,0.0,46317.459,419.796,0.0,0.0,107195.0
2020-12-07,Aruba,4966.0,1.0,45.0,0.0,46326.788,419.796,0.0,0.0,107195.0
2020-12-08,Aruba,4984.0,18.0,45.0,0.0,46494.706,419.796,0.0,0.0,107195.0
2020-12-09,Aruba,4996.0,12.0,45.0,0.0,46606.651,419.796,0.0,0.0,107195.0
2020-12-10,Aruba,5011.0,15.0,46.0,1.0,46746.583,429.124,0.0,0.0,107195.0
2020-12-11,Aruba,5031.0,20.0,46.0,0.0,46933.159,429.124,0.0,0.0,107195.0
2020-12-12,Aruba,5044.0,13.0,46.0,0.0,47054.434,429.124,0.0,0.0,107195.0
2020-12-13,Aruba,5049.0,5.0,46.0,0.0,47101.077,429.124,0.0,0.0,107195.0
2020-12-14,Aruba,5056.0,7.0,46.0,0.0,47166.379,429.124,0.0,0.0,107195.0
2020-12-15,Aruba,5079.0,23.0,46.0,0.0,47380.941,429.124,0.0,0.0,107195.0
2020-12-16,Aruba,5106.0,27.0,47.0,1.0,47632.819,438.453,0.0,0.0,107195.0
2020-12-17,Aruba,5124.0,18.0,47.0,0.0,47800.737,438.453,0.0,0.0,107195.0
2020-12-18,Aruba,5138.0,14.0,47.0,0.0,47931.34,438.453,0.0,0.0,107195.0
2020-12-19,Aruba,5155.0,17.0,47.0,0.0,48089.93,438.453,0.0,0.0,107195.0
2020-12-20,Aruba,5163.0,8.0,47.0,0.0,48164.56,438.453,0.0,0.0,107195.0
2020-12-21,Aruba,5176.0,13.0,47.0,0.0,48285.834,438.453,0.0,0.0,107195.0
2020-12-22,Aruba,5199.0,23.0,47.0,0.0,48500.396,438.453,0.0,0.0,107195.0
2020-12-23,Aruba,5228.0,29.0,47.0,0.0,48770.931,438.453,0.0,0.0,107195.0
2020-12-24,Aruba,5257.0,29.0,47.0,0.0,49041.466,438.453,0.0,0.0,107195.0
2020-12-25,Aruba,5268.0,11.0,49.0,2.0,49144.083,457.111,0.0,0.0,107195.0
2020-12-26,Aruba,5287.0,19.0,49.0,0.0,49321.33,457.111,0.0,0.0,107195.0
2020-12-27,Aruba,5305.0,18.0,49.0,0.0,49489.249,457.111,0.0,0.0,107195.0
2020-12-28,Aruba,5323.0,18.0,49.0,0.0,49657.167,457.111,0.0,0.0,107195.0
2020-12-29,Aruba,5373.0,50.0,49.0,0.0,50123.607,457.111,0.0,0.0,107195.0
2020-12-30,Aruba,5442.0,69.0,49.0,0.0,50767.293,457.111,0.0,0.0,107195.0
2020-12-31,Aruba,5489.0,47.0,49.0,0.0,51205.747,457.111,0.0,0.0,107195.0
2021-01-01,Aruba,5509.0,20.0,49.0,0.0,51392.322,457.111,0.0,0.0,107195.0
2021-01-02,Aruba,5532.0,23.0,49.0,0.0,51606.885,457.111,0.0,0.0,107195.0
2021-01-03,Aruba,5564.0,32.0,49.0,0.0,51905.406,457.111,0.0,0.0,107195.0
2021-01-04,Aruba,5606.0,42.0,49.0,0.0,52297.215,457.111,0.0,0.0,107195.0
2021-01-05,Aruba,5716.0,110.0,50.0,1.0,53323.383,466.44,0.0,0.0,107195.0
2021-01-06,Aruba,5811.0,95.0,50.0,0.0,54209.618,466.44,0.0,0.0,107195.0
2021-01-07,Aruba,5883.0,72.0,50.0,0.0,54881.291,466.44,0.0,0.0,107195.0
2021-01-08,Aruba,5977.0,94.0,50.0,0.0,55758.198,466.44,0.0,0.0,107195.0
2021-01-09,Aruba,6013.0,36.0,50.0,0.0,56094.034,466.44,0.0,0.0,107195.0
2021-01-10,Aruba,6042.0,29.0,51.0,1.0,56364.569,475.768,0.0,0.0,107195.0
2021-01-11,Aruba,6068.0,26.0,52.0,1.0,56607.118,485.097,0.0,0.0,107195.0
2021-01-12,Aruba,6154.0,86.0,52.0,0.0,57409.394,485.097,0.0,0.0,107195.0
2021-01-13,Aruba,6228.0,74.0,52.0,0.0,58099.725,485.097,0.0,0.0,107195.0
2021-01-14,Aruba,6296.0,68.0,52.0,0.0,58734.083,485.097,0.0,0.0,107195.0
2021-01-15,Aruba,6350.0,54.0,52.0,0.0,59237.838,485.097,0.0,0.0,107195.0
2021-01-16,Aruba,6405.0,55.0,52.0,0.0,59750.921,485.097,0.0,0.0,107195.0
2021-01-17,Aruba,6435.0,30.0,52.0,0.0,60030.785,485.097,0.0,0.0,107195.0
2021-01-18,Aruba,6451.0,16.0,52.0,0.0,60180.046,485.097,0.0,0.0,107195.0
2021-01-19,Aruba,6523.0,72.0,52.0,0.0,60851.719,485.097,0.0,0.0,107195.0
2021-01-20,Aruba,6562.0,39.0,52.0,0.0,61215.542,485.097,0.0,0.0,107195.0
2021-01-21,Aruba,6623.0,61.0,52.0,0.0,61784.598,485.097,0.0,0.0,107195.0
2021-01-22,Aruba,6656.0,33.0,56.0,4.0,62092.448,522.412,0.0,0.0,107195.0
2021-01-23,Aruba,6708.0,52.0,56.0,0.0,62577.546,522.412,0.0,0.0,107195.0
2021-01-24,Aruba,6723.0,15.0,56.0,0.0,62717.477,522.412,0.0,0.0,107195.0
2021-01-25,Aruba,6742.0,19.0,57.0,1.0,62894.725,531.741,0.0,0.0,107195.0
2021-01-26,Aruba,6768.0,26.0,57.0,0.0,63137.273,531.741,0.0,0.0,107195.0
2021-01-27,Aruba,6809.0,41.0,58.0,1.0,63519.754,541.07,0.0,0.0,107195.0
2021-01-28,Aruba,6858.0,49.0,59.0,1.0,63976.865,550.399,0.0,0.0,107195.0
2021-01-29,Aruba,6896.0,38.0,59.0,0.0,64331.359,550.399,0.0,0.0,107195.0
2021-01-30,Aruba,6944.0,48.0,59.0,0.0,64779.141,550.399,0.0,0.0,107195.0
2021-01-31,Aruba,6966.0,22.0,59.0,0.0,64984.374,550.399,0.0,0.0,107195.0
2021-02-01,Aruba,6986.0,20.0,59.0,0.0,65170.95,550.399,0.0,0.0,107195.0
2021-02-02,Aruba,7028.0,42.0,59.0,0.0,65562.759,550.399,0.0,0.0,107195.0
2021-02-03,Aruba,7083.0,55.0,61.0,2.0,66075.843,569.056,0.0,0.0,107195.0
2021-02-04,Aruba,7134.0,51.0,61.0,0.0,66551.612,569.056,0.0,0.0,107195.0
2021-02-05,Aruba,7168.0,34.0,62.0,1.0,66868.791,578.385,0.0,0.0,107195.0
2021-02-06,Aruba,7202.0,34.0,62.0,0.0,67185.969,578.385,0.0,0.0,107195.0
2021-02-07,Aruba,7223.0,21.0,62.0,0.0,67381.874,578.385,0.0,0.0,107195.0
2021-02-08,Aruba,7238.0,15.0,64.0,2.0,67521.806,597.043,0.0,0.0,107195.0
2021-02-09,Aruba,7286.0,48.0,66.0,2.0,67969.588,615.7,0.0,0.0,107195.0
2021-02-10,Aruba,7319.0,33.0,68.0,2.0,68277.438,634.358,0.0,0.0,107195.0
2021-02-11,Aruba,7338.0,19.0,68.0,0.0,68454.685,634.358,0.0,0.0,107195.0
2021-02-12,Aruba,7368.0,30.0,68.0,0.0,68734.549,634.358,0.0,0.0,107195.0
2021-02-13,Aruba,7400.0,32.0,68.0,0.0,69033.071,634.358,0.0,0.0,107195.0
2021-02-14,Aruba,7413.0,13.0,68.0,0.0,69154.345,634.358,0.0,0.0,107195.0
2021-02-15,Aruba,7438.0,25.0,68.0,0.0,69387.565,634.358,0.0,0.0,107195.0
2021-02-16,Aruba,7461.0,23.0,69.0,1.0,69602.127,643.687,0.0,0.0,107195.0
2021-02-17,Aruba,7513.0,52.0,69.0,0.0,70087.224,643.687,0.0,0.0,107195.0
2021-02-18,Aruba,7553.0,40.0,70.0,1.0,70460.376,653.016,0.0,0.0,107195.0
2021-02-19,Aruba,7599.0,46.0,71.0,1.0,70889.5,662.344,0.0,0.0,107195.0
2021-02-20,Aruba,7647.0,48.0,71.0,0.0,71337.283,662.344,0.0,0.0,107195.0
2021-02-21,Aruba,7674.0,27.0,71.0,0.0,71589.16,662.344,0.0,0.0,107195.0
2021-02-22,Aruba,7692.0,18.0,71.0,0.0,71757.078,662.344,0.0,0.0,107195.0
2021-02-23,Aruba,7735.0,43.0,71.0,0.0,72158.216,662.344,0.0,0.0,107195.0
2021-02-24,Aruba,7775.0,40.0,71.0,0.0,72531.368,662.344,0.0,0.0,107195.0
2021-02-25,Aruba,7804.0,29.0,71.0,0.0,72801.903,662.344,0.0,0.0,107195.0
2021-02-26,Aruba,7849.0,45.0,71.0,0.0,73221.699,662.344,0.0,0.0,107195.0
2021-02-27,Aruba,7876.0,27.0,73.0,2.0,73473.576,681.002,0.0,0.0,107195.0
2021-02-28,Aruba,7891.0,15.0,73.0,0.0,73613.508,681.002,0.0,0.0,107195.0
2021-03-01,Aruba,7908.0,17.0,74.0,1.0,73772.098,690.331,0.0,0.0,107195.0
2021-03-02,Aruba,7938.0,30.0,74.0,0.0,74051.961,690.331,0.0,0.0,107195.0
2021-03-03,Aruba,7973.0,35.0,75.0,1.0,74378.469,699.659,0.0,0.0,107195.0
2021-03-04,Aruba,8009.0,36.0,75.0,0.0,74714.306,699.659,0.0,0.0,107195.0
2021-03-05,Aruba,8054.0,45.0,76.0,1.0,75134.101,708.988,0.0,0.0,107195.0
2021-03-06,Aruba,8089.0,35.0,76.0,0.0,75460.609,708.988,0.0,0.0,107195.0
2021-03-07,Aruba,8110.0,21.0,77.0,1.0,75656.514,718.317,0.0,0.0,107195.0
2021-03-08,Aruba,8110.0,0.0,77.0,0.0,75656.514,718.317,0.0,0.0,107195.0
2021-03-09,Aruba,8177.0,67.0,77.0,0.0,76281.543,718.317,0.0,0.0,107195.0
2021-03-10,Aruba,8227.0,50.0,77.0,0.0,76747.983,718.317,0.0,0.0,107195.0
2021-03-11,Aruba,8272.0,45.0,77.0,0.0,77167.778,718.317,0.0,0.0,107195.0
2021-03-12,Aruba,8320.0,48.0,77.0,0.0,77615.56,718.317,0.0,0.0,107195.0
2021-03-13,Aruba,8376.0,56.0,78.0,1.0,78137.973,727.646,0.0,0.0,107195.0
2021-03-14,Aruba,8395.0,19.0,79.0,1.0,78315.22,736.975,0.0,0.0,107195.0
2021-03-15,Aruba,8421.0,26.0,79.0,0.0,78557.769,736.975,0.0,0.0,107195.0
2021-03-16,Aruba,8482.0,61.0,80.0,1.0,79126.825,746.303,0.0,0.0,107195.0
2021-03-17,Aruba,8551.0,69.0,81.0,1.0,79770.512,755.632,0.0,0.0,107195.0
2021-03-18,Aruba,8624.0,73.0,81.0,0.0,80451.514,755.632,0.0,0.0,107195.0
2021-03-19,Aruba,8664.0,40.0,82.0,1.0,80824.665,764.961,0.0,0.0,107195.0
2021-03-20,Aruba,8731.0,67.0,82.0,0.0,81449.694,764.961,0.0,0.0,107195.0
2021-03-21,Aruba,8771.0,40.0,82.0,0.0,81822.846,764.961,0.0,0.0,107195.0
2021-03-22,Aruba,8800.0,29.0,82.0,0.0,82093.381,764.961,0.0,0.0,107195.0
2021-03-23,Aruba,8902.0,102.0,82.0,0.0,83044.918,764.961,0.0,0.0,107195.0
2021-03-24,Aruba,8985.0,83.0,82.0,0.0,83819.208,764.961,0.0,0.0,107195.0
2021-03-25,Aruba,9073.0,88.0,82.0,0.0,84640.142,764.961,0.0,0.0,107195.0
2021-03-26,Aruba,9142.0,69.0,82.0,0.0,85283.829,764.961,0.0,0.0,107195.0
2021-03-27,Aruba,9214.0,72.0,82.0,0.0,85955.502,764.961,0.0,0.0,107195.0
2021-03-28,Aruba,9259.0,45.0,82.0,0.0,86375.297,764.961,0.0,0.0,107195.0
2021-03-29,Aruba,9294.0,35.0,82.0,0.0,86701.805,764.961,15600.0,10166.0,107195.0
2021-03-30,Aruba,9374.0,80.0,85.0,3.0,87448.109,792.947,0.0,0.0,107195.0
2021-03-31,Aruba,9443.0,69.0,86.0,1.0,88091.795,802.276,0.0,0.0,107195.0
2021-04-01,Aruba,9503.0,60.0,86.0,0.0,88651.523,802.276,0.0,0.0,107195.0
2021-04-02,Aruba,9560.0,57.0,86.0,0.0,89183.264,802.276,0.0,0.0,107195.0
2021-04-03,Aruba,9607.0,47.0,86.0,0.0,89621.717,802.276,0.0,0.0,107195.0
2021-04-04,Aruba,9638.0,31.0,90.0,4.0,89910.91,839.591,0.0,0.0,107195.0
2021-04-05,Aruba,9681.0,43.0,90.0,0.0,90312.048,839.591,0.0,0.0,107195.0
2021-04-06,Aruba,9760.0,79.0,91.0,1.0,91049.023,848.92,0.0,0.0,107195.0
2021-04-07,Aruba,9834.0,74.0,92.0,1.0,91739.354,858.249,0.0,0.0,107195.0
2021-04-08,Aruba,9896.0,62.0,92.0,0.0,92317.739,858.249,0.0,0.0,107195.0
2021-04-09,Aruba,9958.0,62.0,92.0,0.0,92896.124,858.249,0.0,0.0,107195.0
2021-04-10,Aruba,10016.0,58.0,92.0,0.0,93437.194,858.249,29197.0,11899.0,107195.0
2021-04-11,Aruba,10050.0,34.0,92.0,0.0,93754.373,858.249,0.0,0.0,107195.0
2021-04-12,Aruba,10076.0,26.0,92.0,0.0,93996.921,858.249,31139.0,11934.0,107195.0
2021-04-13,Aruba,10122.0,46.0,92.0,0.0,94426.046,858.249,33563.0,12025.0,107195.0
2021-04-14,Aruba,10159.0,37.0,92.0,0.0,94771.211,858.249,36058.0,12142.0,107195.0
2021-04-15,Aruba,10219.0,60.0,92.0,0.0,95330.939,858.249,37981.0,12565.0,107195.0
2021-04-16,Aruba,10264.0,45.0,92.0,0.0,95750.735,858.249,39961.0,12994.0,107195.0
2021-04-17,Aruba,10305.0,41.0,92.0,0.0,96133.215,858.249,41770.0,13812.0,107195.0
2021-04-18,Aruba,10324.0,19.0,92.0,0.0,96310.462,858.249,41837.0,13814.0,107195.0
2021-04-19,Aruba,10345.0,21.0,92.0,0.0,96506.367,858.249,43266.0,14912.0,107195.0
2021-04-20,Aruba,10399.0,54.0,94.0,2.0,97010.122,876.907,43945.0,16434.0,107195.0
2021-04-21,Aruba,10437.0,38.0,94.0,0.0,97364.616,876.907,44421.0,17921.0,107195.0
2021-04-22,Aruba,10469.0,32.0,95.0,1.0,97663.137,886.235,45097.0,19191.0,107195.0
2021-04-23,Aruba,10505.0,36.0,97.0,2.0,97998.974,904.893,48061.0,19889.0,107195.0
2021-04-24,Aruba,10522.0,17.0,98.0,1.0,98157.563,914.222,49351.0,19928.0,107195.0
2021-04-25,Aruba,10538.0,16.0,98.0,0.0,98306.824,914.222,53161.0,19942.0,107195.0
2021-04-26,Aruba,10555.0,17.0,98.0,0.0,98465.413,914.222,53244.0,20116.0,107195.0
2021-04-27,Aruba,10570.0,15.0,98.0,0.0,98605.345,914.222,0.0,0.0,107195.0
2021-04-28,Aruba,10585.0,15.0,98.0,0.0,98745.277,914.222,53813.0,20855.0,107195.0
2021-04-29,Aruba,10608.0,23.0,98.0,0.0,98959.84,914.222,54095.0,21751.0,107195.0
2021-04-30,Aruba,10638.0,30.0,99.0,1.0,99239.703,923.551,54306.0,22559.0,107195.0
2021-05-01,Aruba,10650.0,12.0,99.0,0.0,99351.649,923.551,0.0,0.0,107195.0
2021-05-02,Aruba,10650.0,0.0,99.0,0.0,99351.649,923.551,0.0,0.0,107195.0
2021-05-03,Aruba,10679.0,29.0,100.0,1.0,99622.184,932.879,54614.0,23114.0,107195.0
2021-05-04,Aruba,10704.0,25.0,100.0,0.0,99855.404,932.879,55152.0,23804.0,107195.0
2021-05-05,Aruba,10721.0,17.0,100.0,0.0,100013.993,932.879,55359.0,24143.0,107195.0
2021-05-06,Aruba,10721.0,0.0,100.0,0.0,100013.993,932.879,55371.0,24182.0,107195.0
2021-05-07,Aruba,10736.0,15.0,100.0,0.0,100153.925,932.879,55625.0,24633.0,107195.0
2021-05-08,Aruba,10757.0,21.0,101.0,1.0,100349.83,942.208,55744.0,24955.0,107195.0
2021-05-09,Aruba,10770.0,13.0,101.0,0.0,100471.104,942.208,0.0,0.0,107195.0
2021-05-10,Aruba,10781.0,11.0,102.0,1.0,100573.721,951.537,56009.0,25607.0,107195.0
2021-05-11,Aruba,10795.0,14.0,104.0,2.0,100704.324,970.195,56288.0,26589.0,107195.0
2021-05-12,Aruba,10814.0,19.0,104.0,0.0,100881.571,970.195,56594.0,27645.0,107195.0
2021-05-13,Aruba,10826.0,12.0,104.0,0.0,100993.516,970.195,56932.0,28509.0,107195.0
2021-05-14,Aruba,10838.0,12.0,104.0,0.0,101105.462,970.195,57314.0,30222.0,107195.0
2021-05-15,Aruba,10849.0,11.0,104.0,0.0,101208.079,970.195,57481.0,31121.0,107195.0
2021-05-16,Aruba,10854.0,5.0,104.0,0.0,101254.723,970.195,0.0,0.0,107195.0
2021-05-17,Aruba,10857.0,3.0,105.0,1.0,101282.709,979.523,57936.0,33070.0,107195.0
2021-05-18,Aruba,10869.0,12.0,105.0,0.0,101394.655,979.523,58344.0,35390.0,107195.0
2021-05-19,Aruba,10879.0,10.0,105.0,0.0,101487.943,979.523,58683.0,37324.0,107195.0
2021-05-20,Aruba,10892.0,13.0,106.0,1.0,101609.217,988.852,58953.0,38968.0,107195.0
2021-05-21,Aruba,10902.0,10.0,106.0,0.0,101702.505,988.852,59341.0,40662.0,107195.0
2021-05-22,Aruba,10915.0,13.0,107.0,1.0,101823.779,998.181,60005.0,43390.0,107195.0
2021-05-23,Aruba,10917.0,2.0,107.0,0.0,101842.437,998.181,61242.0,47229.0,107195.0
2021-05-24,Aruba,10922.0,5.0,107.0,0.0,101889.081,998.181,61548.0,48208.0,107195.0
2021-05-25,Aruba,10936.0,14.0,107.0,0.0,102019.684,998.181,62143.0,49234.0,107195.0
2021-05-26,Aruba,10951.0,15.0,107.0,0.0,102159.616,998.181,62244.0,49421.0,107195.0
2021-05-27,Aruba,10957.0,6.0,107.0,0.0,102215.588,998.181,62498.0,49818.0,107195.0
2021-05-28,Aruba,10969.0,12.0,107.0,0.0,102327.534,998.181,62698.0,50400.0,107195.0
2021-05-29,Aruba,10974.0,5.0,107.0,0.0,102374.178,998.181,62914.0,50748.0,107195.0
2021-05-30,Aruba,10978.0,4.0,107.0,0.0,102411.493,998.181,0.0,0.0,107195.0
2021-05-31,Aruba,10985.0,7.0,107.0,0.0,102476.795,998.181,63113.0,51041.0,107195.0
2021-06-01,Aruba,10993.0,8.0,107.0,0.0,102551.425,998.181,63277.0,51355.0,107195.0
2021-06-02,Aruba,11006.0,13.0,107.0,0.0,102672.699,998.181,63456.0,51688.0,107195.0
2021-06-03,Aruba,11018.0,12.0,107.0,0.0,102784.645,998.181,64004.0,52559.0,107195.0
2021-06-04,Aruba,11033.0,15.0,107.0,0.0,102924.577,998.181,64010.0,52567.0,107195.0
2021-06-05,Aruba,11041.0,8.0,107.0,0.0,102999.207,998.181,0.0,0.0,107195.0
2021-06-06,Aruba,11057.0,16.0,107.0,0.0,103148.468,998.181,64011.0,52568.0,107195.0
2021-06-07,Aruba,11059.0,2.0,107.0,0.0,103167.125,998.181,64184.0,52852.0,107195.0
2021-06-08,Aruba,11064.0,5.0,107.0,0.0,103213.769,998.181,64473.0,53223.0,107195.0
2021-06-09,Aruba,11068.0,4.0,107.0,0.0,103251.084,998.181,64765.0,53551.0,107195.0
2021-06-10,Aruba,11069.0,1.0,107.0,0.0,103260.413,998.181,65022.0,53851.0,107195.0
2021-06-11,Aruba,11072.0,3.0,107.0,0.0,103288.4,998.181,65239.0,54156.0,107195.0
2021-06-12,Aruba,11076.0,4.0,107.0,0.0,103325.715,998.181,66046.0,55425.0,107195.0
2021-06-13,Aruba,11080.0,4.0,107.0,0.0,103363.03,998.181,0.0,0.0,107195.0
2021-06-14,Aruba,11081.0,1.0,107.0,0.0,103372.359,998.181,66185.0,55689.0,107195.0
2021-06-15,Aruba,11084.0,3.0,107.0,0.0,103400.345,998.181,66336.0,55933.0,107195.0
2021-06-16,Aruba,11089.0,5.0,107.0,0.0,103446.989,998.181,66466.0,56214.0,107195.0
2021-06-17,Aruba,11099.0,10.0,107.0,0.0,103540.277,998.181,66614.0,56501.0,107195.0
2021-06-18,Aruba,11103.0,4.0,107.0,0.0,103577.592,998.181,66774.0,56797.0,107195.0
2021-06-19,Aruba,11106.0,3.0,107.0,0.0,103605.579,998.181,0.0,0.0,107195.0
2021-06-20,Aruba,11108.0,2.0,107.0,0.0,103624.236,998.181,66865.0,57025.0,107195.0
2021-06-21,Aruba,11112.0,4.0,107.0,0.0,103661.551,998.181,66991.0,57322.0,107195.0
2021-06-22,Aruba,11116.0,4.0,107.0,0.0,103698.867,998.181,67004.0,57328.0,107195.0
2021-06-23,Aruba,11118.0,2.0,107.0,0.0,103717.524,998.181,67126.0,57730.0,107195.0
2021-06-24,Aruba,11125.0,7.0,107.0,0.0,103782.826,998.181,67278.0,58011.0,107195.0
2021-06-25,Aruba,11126.0,1.0,107.0,0.0,103792.154,998.181,0.0,0.0,107195.0
2021-06-26,Aruba,11131.0,5.0,107.0,0.0,103838.798,998.181,0.0,0.0,107195.0
2021-06-27,Aruba,11131.0,0.0,107.0,0.0,103838.798,998.181,67278.0,58012.0,107195.0
2021-06-28,Aruba,11132.0,1.0,107.0,0.0,103848.127,998.181,67457.0,58418.0,107195.0
2021-06-29,Aruba,11135.0,3.0,107.0,0.0,103876.114,998.181,67610.0,58777.0,107195.0
2021-06-30,Aruba,11138.0,3.0,107.0,0.0,103904.1,998.181,67827.0,59429.0,107195.0
2021-07-01,Aruba,11140.0,2.0,107.0,0.0,103922.758,998.181,67890.0,59526.0,107195.0
2021-07-02,Aruba,11144.0,4.0,107.0,0.0,103960.073,998.181,68087.0,59897.0,107195.0
2021-07-03,Aruba,11144.0,0.0,107.0,0.0,103960.073,998.181,0.0,0.0,107195.0
2021-07-04,Aruba,11144.0,0.0,107.0,0.0,103960.073,998.181,0.0,0.0,107195.0
2021-07-05,Aruba,11144.0,0.0,107.0,0.0,103960.073,998.181,68241.0,60334.0,107195.0
2021-07-06,Aruba,11144.0,0.0,107.0,0.0,103960.073,998.181,68478.0,60684.0,107195.0
2021-07-07,Aruba,11144.0,0.0,107.0,0.0,103960.073,998.181,68664.0,60982.0,107195.0
2021-07-08,Aruba,11144.0,0.0,107.0,0.0,103960.073,998.181,68855.0,61266.0,107195.0
2021-07-09,Aruba,11169.0,25.0,107.0,0.0,104193.293,998.181,69031.0,61639.0,107195.0
2021-07-10,Aruba,11169.0,0.0,107.0,0.0,104193.293,998.181,70174.0,61756.0,107195.0
2021-07-11,Aruba,11169.0,0.0,107.0,0.0,104193.293,998.181,0.0,0.0,107195.0
2021-07-12,Aruba,11169.0,0.0,107.0,0.0,104193.293,998.181,70353.0,61991.0,107195.0
2021-07-13,Aruba,11180.0,11.0,108.0,1.0,104295.909,1007.51,70539.0,62176.0,107195.0
2021-07-14,Aruba,11186.0,6.0,108.0,0.0,104351.882,1007.51,70755.0,62425.0,107195.0
2021-07-15,Aruba,11199.0,13.0,108.0,0.0,104473.156,1007.51,71025.0,62702.0,107195.0
2021-07-16,Aruba,11199.0,0.0,108.0,0.0,104473.156,1007.51,71035.0,62715.0,107195.0
2021-07-17,Aruba,11223.0,24.0,108.0,0.0,104697.047,1007.51,0.0,0.0,107195.0
2021-07-18,Aruba,11235.0,12.0,108.0,0.0,104808.993,1007.51,0.0,0.0,107195.0
2021-07-19,Aruba,11244.0,9.0,108.0,0.0,104892.952,1007.51,71409.0,63101.0,107195.0
2021-07-20,Aruba,11257.0,13.0,109.0,1.0,105014.226,1016.838,71415.0,63106.0,107195.0
2021-07-21,Aruba,11272.0,15.0,109.0,0.0,105154.158,1016.838,71650.0,63333.0,107195.0
2021-07-22,Aruba,11293.0,21.0,109.0,0.0,105350.063,1016.838,71894.0,63556.0,107195.0
2021-07-23,Aruba,11325.0,32.0,109.0,0.0,105648.584,1016.838,71913.0,63596.0,107195.0
2021-07-24,Aruba,11354.0,29.0,109.0,0.0,105919.119,1016.838,0.0,0.0,107195.0
2021-07-25,Aruba,11382.0,28.0,109.0,0.0,106180.326,1016.838,0.0,0.0,107195.0
2021-07-26,Aruba,11405.0,23.0,109.0,0.0,106394.888,1016.838,72151.0,63837.0,107195.0
2021-07-27,Aruba,11460.0,55.0,109.0,0.0,106907.971,1016.838,72440.0,64056.0,107195.0
2021-07-28,Aruba,11521.0,61.0,109.0,0.0,107477.028,1016.838,72598.0,64309.0,107195.0
2021-07-29,Aruba,11584.0,63.0,110.0,1.0,108064.742,1026.167,72758.0,64547.0,107195.0
2021-07-30,Aruba,11651.0,67.0,110.0,0.0,108689.771,1026.167,72787.0,64811.0,107195.0
2021-07-31,Aruba,11730.0,79.0,110.0,0.0,109426.746,1026.167,72793.0,65716.0,107195.0
2021-08-01,Aruba,11765.0,35.0,110.0,0.0,109753.253,1026.167,72795.0,65718.0,107195.0
2021-08-02,Aruba,11807.0,42.0,111.0,1.0,110145.063,1035.496,72813.0,65875.0,107195.0
2021-08-03,Aruba,11877.0,70.0,111.0,0.0,110798.078,1035.496,72843.0,66200.0,107195.0
2021-08-04,Aruba,12000.0,123.0,111.0,0.0,111945.52,1035.496,72858.0,66264.0,107195.0
2021-08-05,Aruba,12000.0,0.0,111.0,0.0,111945.52,1035.496,72908.0,66395.0,107195.0
2021-08-06,Aruba,12262.0,262.0,111.0,0.0,114389.664,1035.496,72991.0,66575.0,107195.0
2021-08-07,Aruba,12371.0,109.0,111.0,0.0,115406.502,1035.496,0.0,0.0,107195.0
2021-08-08,Aruba,12455.0,84.0,111.0,0.0,116190.121,1035.496,0.0,0.0,107195.0
2021-08-09,Aruba,12529.0,74.0,111.0,0.0,116880.452,1035.496,73125.0,66762.0,107195.0
2021-08-10,Aruba,12636.0,107.0,111.0,0.0,117878.632,1035.496,73394.0,66910.0,107195.0
2021-08-11,Aruba,12791.0,155.0,113.0,2.0,119324.595,1054.154,73738.0,67163.0,107195.0
2021-08-12,Aruba,12929.0,138.0,115.0,2.0,120611.969,1072.811,73843.0,67273.0,107195.0
2021-08-13,Aruba,13121.0,192.0,115.0,0.0,122403.097,1072.811,74089.0,67522.0,107195.0
2021-08-14,Aruba,13279.0,158.0,116.0,1.0,123877.047,1082.14,0.0,0.0,107195.0
2021-08-15,Aruba,13350.0,71.0,119.0,3.0,124539.391,1110.126,0.0,0.0,107195.0
2021-08-16,Aruba,13406.0,56.0,121.0,2.0,125061.803,1128.784,74271.0,67762.0,107195.0
2021-08-17,Aruba,13511.0,105.0,121.0,0.0,126041.327,1128.784,74555.0,68051.0,107195.0
2021-08-18,Aruba,13511.0,0.0,121.0,0.0,126041.327,1128.784,74788.0,68242.0,107195.0
2021-08-19,Aruba,13719.0,208.0,124.0,3.0,127981.716,1156.77,74987.0,68409.0,107195.0
2021-08-20,Aruba,13871.0,152.0,124.0,0.0,129399.692,1156.77,75163.0,68498.0,107195.0
2021-08-21,Aruba,13948.0,77.0,126.0,2.0,130118.009,1175.428,0.0,0.0,107195.0
2021-08-22,Aruba,14003.0,55.0,126.0,0.0,130631.093,1175.428,77278.0,68656.0,107195.0
2021-08-23,Aruba,14060.0,57.0,128.0,2.0,131162.834,1194.086,77540.0,68714.0,107195.0
2021-08-24,Aruba,14153.0,93.0,128.0,0.0,132030.412,1194.086,77745.0,68751.0,107195.0
2021-08-25,Aruba,14231.0,78.0,132.0,4.0,132758.058,1231.401,77973.0,68820.0,107195.0
2021-08-26,Aruba,14318.0,87.0,133.0,1.0,133569.663,1240.73,78173.0,68907.0,107195.0
2021-08-27,Aruba,14374.0,56.0,133.0,0.0,134092.075,1240.73,78344.0,69019.0,107195.0
2021-08-28,Aruba,14429.0,55.0,137.0,4.0,134605.159,1278.045,0.0,0.0,107195.0
2021-08-29,Aruba,14465.0,36.0,137.0,0.0,134940.995,1278.045,78460.0,69117.0,107195.0
2021-08-30,Aruba,14508.0,43.0,139.0,2.0,135342.133,1296.702,78503.0,69150.0,107195.0
2021-08-31,Aruba,14576.0,68.0,146.0,7.0,135976.491,1362.004,78669.0,69556.0,107195.0
2021-09-01,Aruba,14662.0,86.0,146.0,0.0,136778.768,1362.004,78853.0,69779.0,107195.0
2021-09-02,Aruba,14719.0,57.0,148.0,2.0,137310.509,1380.661,78935.0,69932.0,107195.0
2021-09-03,Aruba,14764.0,45.0,149.0,1.0,137730.305,1389.99,78997.0,70050.0,107195.0
2021-09-04,Aruba,14812.0,48.0,150.0,1.0,138178.087,1399.319,0.0,0.0,107195.0
2021-09-05,Aruba,14812.0,0.0,150.0,0.0,138178.087,1399.319,0.0,0.0,107195.0
2021-09-06,Aruba,14861.0,49.0,151.0,1.0,138635.198,1408.648,79209.0,70381.0,107195.0
2021-09-07,Aruba,14913.0,52.0,151.0,0.0,139120.295,1408.648,79261.0,70429.0,107195.0
2021-09-08,Aruba,14955.0,42.0,153.0,2.0,139512.104,1427.305,79341.0,70633.0,107195.0
2021-09-09,Aruba,14991.0,36.0,154.0,1.0,139847.941,1436.634,79400.0,70816.0,107195.0
2021-09-10,Aruba,15022.0,31.0,154.0,0.0,140137.133,1436.634,79475.0,70991.0,107195.0
2021-09-11,Aruba,15057.0,35.0,155.0,1.0,140463.641,1445.963,79801.0,71486.0,107195.0
2021-09-12,Aruba,15076.0,19.0,155.0,0.0,140640.888,1445.963,80344.0,72845.0,107195.0
2021-09-13,Aruba,15092.0,16.0,155.0,0.0,140790.149,1445.963,80346.0,72847.0,107195.0
2021-09-14,Aruba,15129.0,37.0,156.0,1.0,141135.314,1455.292,80425.0,73172.0,107195.0
2021-09-15,Aruba,15155.0,26.0,156.0,0.0,141377.863,1455.292,80518.0,73543.0,107195.0
2021-09-16,Aruba,15177.0,22.0,156.0,0.0,141583.096,1455.292,80606.0,73841.0,107195.0
2021-09-17,Aruba,15202.0,25.0,157.0,1.0,141816.316,1464.621,0.0,0.0,107195.0
2021-09-18,Aruba,15221.0,19.0,158.0,1.0,141993.563,1473.949,0.0,0.0,107195.0
2021-09-19,Aruba,15249.0,28.0,158.0,0.0,142254.769,1473.949,0.0,0.0,107195.0
2021-09-20,Aruba,15274.0,25.0,159.0,1.0,142487.989,1483.278,80707.0,73993.0,107195.0
2021-09-21,Aruba,15305.0,31.0,159.0,0.0,142777.182,1483.278,80888.0,74205.0,107195.0
2021-09-22,Aruba,15305.0,0.0,159.0,0.0,142777.182,1483.278,80907.0,74212.0,107195.0
2021-09-23,Aruba,15351.0,46.0,160.0,1.0,143206.306,1492.607,80976.0,74360.0,107195.0
2021-09-24,Aruba,15370.0,19.0,160.0,0.0,143383.553,1492.607,81036.0,74465.0,107195.0
2021-09-25,Aruba,15405.0,35.0,165.0,5.0,143710.061,1539.251,81124.0,74485.0,107195.0
2021-09-26,Aruba,15416.0,11.0,165.0,0.0,143812.678,1539.251,81149.0,74511.0,107195.0
2021-09-27,Aruba,15432.0,16.0,166.0,1.0,143961.939,1548.58,81187.0,74566.0,107195.0
2021-09-28,Aruba,15448.0,16.0,166.0,0.0,144111.199,1548.58,81238.0,74670.0,107195.0
2021-09-29,Aruba,15472.0,24.0,166.0,0.0,144335.09,1548.58,81319.0,74742.0,107195.0
2021-09-30,Aruba,15500.0,28.0,166.0,0.0,144596.296,1548.58,81374.0,74805.0,107195.0
2021-10-01,Aruba,15514.0,14.0,166.0,0.0,144726.9,1548.58,81461.0,74894.0,107195.0
2021-10-02,Aruba,15533.0,19.0,167.0,1.0,144904.147,1557.908,81462.0,74895.0,107195.0
2021-10-03,Aruba,15536.0,3.0,167.0,0.0,144932.133,1557.908,0.0,0.0,107195.0
2021-10-04,Aruba,15543.0,7.0,167.0,0.0,144997.435,1557.908,81514.0,75047.0,107195.0
2021-10-05,Aruba,15560.0,17.0,168.0,1.0,145156.024,1567.237,81564.0,75200.0,107195.0
2021-10-06,Aruba,15578.0,18.0,168.0,0.0,145323.942,1567.237,81641.0,75366.0,107195.0
2021-10-07,Aruba,15587.0,9.0,169.0,1.0,145407.901,1576.566,81700.0,75512.0,107195.0
2021-10-08,Aruba,15605.0,18.0,169.0,0.0,145575.82,1576.566,81761.0,75594.0,107195.0
2021-10-09,Aruba,15626.0,21.0,169.0,0.0,145771.724,1576.566,81761.0,75595.0,107195.0
2021-10-10,Aruba,15626.0,0.0,169.0,0.0,145771.724,1576.566,81871.0,75670.0,107195.0
2021-10-11,Aruba,15645.0,19.0,170.0,1.0,145948.972,1585.895,0.0,0.0,107195.0
2021-10-12,Aruba,15663.0,18.0,170.0,0.0,146116.89,1585.895,81916.0,75749.0,107195.0
2021-10-13,Aruba,15663.0,0.0,170.0,0.0,146116.89,1585.895,81987.0,75879.0,107195.0
2021-10-14,Aruba,15692.0,29.0,170.0,0.0,146387.425,1585.895,82015.0,75937.0,107195.0
2021-10-15,Aruba,15702.0,10.0,170.0,0.0,146480.713,1585.895,82054.0,76011.0,107195.0
2021-10-16,Aruba,15715.0,13.0,170.0,0.0,146601.987,1585.895,0.0,0.0,107195.0
2021-10-17,Aruba,15720.0,5.0,170.0,0.0,146648.631,1585.895,0.0,0.0,107195.0
2021-10-18,Aruba,15732.0,12.0,170.0,0.0,146760.577,1585.895,82107.0,76112.0,107195.0
2021-10-19,Aruba,15746.0,14.0,170.0,0.0,146891.18,1585.895,82193.0,76247.0,107195.0
2021-10-20,Aruba,15765.0,19.0,170.0,0.0,147068.427,1585.895,82236.0,76316.0,107195.0
2021-10-21,Aruba,15779.0,14.0,171.0,1.0,147199.03,1595.224,82294.0,76371.0,107195.0
2021-10-22,Aruba,15790.0,11.0,171.0,0.0,147301.647,1595.224,82370.0,76445.0,107195.0
2021-10-23,Aruba,15800.0,10.0,171.0,0.0,147394.934,1595.224,0.0,0.0,107195.0
2021-10-24,Aruba,15807.0,7.0,171.0,0.0,147460.236,1595.224,0.0,0.0,107195.0
2021-10-25,Aruba,15815.0,8.0,171.0,0.0,147534.866,1595.224,82417.0,76504.0,107195.0
2021-10-26,Aruba,15848.0,33.0,171.0,0.0,147842.717,1595.224,82459.0,76557.0,107195.0
2021-10-27,Aruba,15865.0,17.0,171.0,0.0,148001.306,1595.224,82535.0,76640.0,107195.0
2021-10-28,Aruba,15882.0,17.0,171.0,0.0,148159.896,1595.224,82562.0,76688.0,107195.0
2021-10-29,Aruba,15901.0,19.0,171.0,0.0,148337.143,1595.224,82650.0,76756.0,107195.0
2021-10-30,Aruba,15916.0,15.0,171.0,0.0,148477.074,1595.224,0.0,0.0,107195.0
2021-10-31,Aruba,15925.0,9.0,171.0,0.0,148561.034,1595.224,0.0,0.0,107195.0
2021-11-01,Aruba,15931.0,6.0,171.0,0.0,148617.006,1595.224,82682.0,76855.0,107195.0
2021-11-02,Aruba,15937.0,6.0,171.0,0.0,148672.979,1595.224,82729.0,76902.0,107195.0
2021-11-03,Aruba,15949.0,12.0,171.0,0.0,148784.925,1595.224,82849.0,77015.0,107195.0
2021-11-04,Aruba,15965.0,16.0,171.0,0.0,148934.185,1595.224,0.0,0.0,107195.0
2021-11-05,Aruba,15981.0,16.0,172.0,1.0,149083.446,1604.552,82934.0,77078.0,107195.0
2021-11-06,Aruba,15997.0,16.0,172.0,0.0,149232.707,1604.552,0.0,0.0,107195.0
2021-11-07,Aruba,16006.0,9.0,172.0,0.0,149316.666,1604.552,0.0,0.0,107195.0
2021-11-08,Aruba,16011.0,5.0,172.0,0.0,149363.31,1604.552,82974.0,77123.0,107195.0
2021-11-09,Aruba,16011.0,0.0,172.0,0.0,149363.31,1604.552,83010.0,77160.0,107195.0
2021-11-10,Aruba,16039.0,28.0,172.0,0.0,149624.516,1604.552,83077.0,77251.0,107195.0
2021-11-11,Aruba,16057.0,18.0,172.0,0.0,149792.434,1604.552,83125.0,77313.0,107195.0
2021-11-12,Aruba,16071.0,14.0,172.0,0.0,149923.037,1604.552,83183.0,77378.0,107195.0
2021-11-13,Aruba,16076.0,5.0,172.0,0.0,149969.681,1604.552,0.0,0.0,107195.0
2021-11-14,Aruba,16083.0,7.0,172.0,0.0,150034.983,1604.552,0.0,0.0,107195.0
2021-11-15,Aruba,16089.0,6.0,172.0,0.0,150090.956,1604.552,83228.0,77431.0,107195.0
2021-11-16,Aruba,16113.0,24.0,172.0,0.0,150314.847,1604.552,83272.0,77478.0,107195.0
2021-11-17,Aruba,16133.0,20.0,173.0,1.0,150501.423,1613.881,83309.0,77562.0,107195.0
2021-11-18,Aruba,16149.0,16.0,173.0,0.0,150650.683,1613.881,83346.0,77605.0,107195.0
2021-11-19,Aruba,16171.0,22.0,173.0,0.0,150855.917,1613.881,83424.0,77688.0,107195.0
2021-11-20,Aruba,16194.0,23.0,173.0,0.0,151070.479,1613.881,83424.0,77689.0,107195.0
2021-11-21,Aruba,16202.0,8.0,173.0,0.0,151145.109,1613.881,83456.0,77744.0,107195.0
2021-11-22,Aruba,16210.0,8.0,173.0,0.0,151219.74,1613.881,83457.0,77750.0,107195.0
2021-11-23,Aruba,16230.0,20.0,173.0,0.0,151406.316,1613.881,83504.0,77832.0,107195.0
2021-11-24,Aruba,16246.0,16.0,173.0,0.0,151555.576,1613.881,83524.0,77877.0,107195.0
2021-11-25,Aruba,16263.0,17.0,174.0,1.0,151714.166,1623.21,83592.0,77967.0,107195.0
2021-11-26,Aruba,16291.0,28.0,174.0,0.0,151975.372,1623.21,83604.0,77989.0,107195.0
2021-11-27,Aruba,16312.0,21.0,174.0,0.0,152171.277,1623.21,83619.0,77992.0,107195.0
2021-11-28,Aruba,16324.0,12.0,174.0,0.0,152283.222,1623.21,83637.0,77998.0,107195.0
2021-11-29,Aruba,16335.0,11.0,174.0,0.0,152385.839,1623.21,83638.0,78001.0,107195.0
2021-11-30,Aruba,16354.0,19.0,174.0,0.0,152563.086,1623.21,83640.0,78003.0,107195.0
2021-12-01,Aruba,16372.0,18.0,174.0,0.0,152731.004,1623.21,83641.0,78007.0,107195.0
2021-12-02,Aruba,16392.0,20.0,174.0,0.0,152917.58,1623.21,83688.0,78091.0,107195.0
2021-12-03,Aruba,16414.0,22.0,174.0,0.0,153122.814,1623.21,83754.0,78159.0,107195.0
2021-12-04,Aruba,16432.0,18.0,174.0,0.0,153290.732,1623.21,0.0,0.0,107195.0
2021-12-05,Aruba,16450.0,18.0,174.0,0.0,153458.65,1623.21,0.0,0.0,107195.0
2021-12-06,Aruba,16450.0,0.0,174.0,0.0,153458.65,1623.21,83795.0,78215.0,107195.0
2021-12-07,Aruba,16484.0,34.0,175.0,1.0,153775.829,1632.539,83844.0,78277.0,107195.0
2021-12-08,Aruba,16505.0,21.0,176.0,1.0,153971.734,1641.868,83876.0,78323.0,107195.0
2021-12-09,Aruba,16531.0,26.0,176.0,0.0,154214.282,1641.868,83902.0,78373.0,107195.0
2021-12-10,Aruba,16549.0,18.0,177.0,1.0,154382.201,1651.196,83936.0,78407.0,107195.0
2021-12-11,Aruba,16575.0,26.0,177.0,0.0,154624.749,1651.196,0.0,0.0,107195.0
2021-12-12,Aruba,16593.0,18.0,177.0,0.0,154792.668,1651.196,0.0,0.0,107195.0
2021-12-13,Aruba,16593.0,0.0,177.0,0.0,154792.668,1651.196,83985.0,78458.0,107195.0
2021-12-14,Aruba,16646.0,53.0,178.0,1.0,155287.094,1660.525,84014.0,78473.0,107195.0
2021-12-15,Aruba,16673.0,27.0,178.0,0.0,155538.971,1660.525,84051.0,78515.0,107195.0
2021-12-16,Aruba,16716.0,43.0,178.0,0.0,155940.109,1660.525,84084.0,78539.0,107195.0
2021-12-17,Aruba,16751.0,35.0,180.0,2.0,156266.617,1679.183,84191.0,78627.0,107195.0
2021-12-18,Aruba,16778.0,27.0,180.0,0.0,156518.494,1679.183,0.0,0.0,107195.0
2021-12-19,Aruba,16807.0,29.0,180.0,0.0,156789.029,1679.183,0.0,0.0,107195.0
2021-12-20,Aruba,16848.0,41.0,180.0,0.0,157171.51,1679.183,84345.0,78702.0,107195.0
2021-12-21,Aruba,16920.0,72.0,180.0,0.0,157843.183,1679.183,0.0,0.0,107195.0
2021-12-22,Aruba,17041.0,121.0,180.0,0.0,158971.967,1679.183,84430.0,78751.0,107195.0
2021-12-23,Aruba,17165.0,124.0,181.0,1.0,160128.737,1688.512,84513.0,78809.0,107195.0
2021-12-24,Aruba,17324.0,159.0,181.0,0.0,161612.015,1688.512,84513.0,78810.0,107195.0
2021-12-25,Aruba,17500.0,176.0,181.0,0.0,163253.883,1688.512,0.0,0.0,107195.0
2021-12-26,Aruba,17648.0,148.0,181.0,0.0,164634.545,1688.512,0.0,0.0,107195.0
2021-12-27,Aruba,17896.0,248.0,181.0,0.0,166948.085,1688.512,84567.0,78877.0,107195.0
2021-12-28,Aruba,18350.0,454.0,181.0,0.0,171183.357,1688.512,84694.0,78958.0,107195.0
2021-12-29,Aruba,19021.0,671.0,181.0,0.0,177442.978,1688.512,0.0,0.0,107195.0
2021-12-30,Aruba,19719.0,698.0,181.0,0.0,183954.475,1688.512,84751.0,79008.0,107195.0
2021-12-31,Aruba,20461.0,742.0,181.0,0.0,190876.44,1688.512,0.0,0.0,107195.0
2022-01-01,Aruba,20982.0,521.0,181.0,0.0,195736.741,1688.512,0.0,0.0,107195.0
2022-01-02,Aruba,21471.0,489.0,181.0,0.0,200298.521,1688.512,0.0,0.0,107195.0
2022-01-03,Aruba,22020.0,549.0,181.0,0.0,205420.029,1688.512,0.0,0.0,107195.0
2022-01-04,Aruba,23048.0,1028.0,181.0,0.0,215010.028,1688.512,84813.0,79030.0,107195.0
2022-01-05,Aruba,24210.0,1162.0,181.0,0.0,225850.086,1688.512,84884.0,79072.0,107195.0
2022-01-06,Aruba,25254.0,1044.0,181.0,0.0,235589.347,1688.512,84970.0,79133.0,107195.0
2022-01-07,Aruba,26166.0,912.0,181.0,0.0,244097.206,1688.512,85004.0,79161.0,107195.0
2022-01-08,Aruba,26867.0,701.0,181.0,0.0,250636.69,1688.512,0.0,0.0,107195.0
2022-01-09,Aruba,27392.0,525.0,182.0,1.0,255534.307,1697.84,0.0,0.0,107195.0
2022-01-10,Aruba,27891.0,499.0,182.0,0.0,260189.375,1697.84,85073.0,79222.0,107195.0
2022-01-11,Aruba,28601.0,710.0,182.0,0.0,266812.818,1697.84,85106.0,79242.0,107195.0
2022-01-12,Aruba,29176.0,575.0,182.0,0.0,272176.874,1697.84,85168.0,79326.0,107195.0
2022-01-13,Aruba,29694.0,518.0,184.0,2.0,277009.189,1716.498,85191.0,79355.0,107195.0
2022-01-14,Aruba,30105.0,411.0,184.0,0.0,280843.323,1716.498,85237.0,79388.0,107195.0
2022-01-15,Aruba,30420.0,315.0,184.0,0.0,283781.893,1716.498,85244.0,79391.0,107195.0
2022-01-16,Aruba,30677.0,257.0,184.0,0.0,286179.393,1716.498,0.0,0.0,107195.0
2022-01-17,Aruba,30976.0,299.0,186.0,2.0,288968.702,1735.156,85307.0,79418.0,107195.0
2022-01-18,Aruba,31338.0,362.0,186.0,0.0,292345.725,1735.156,85362.0,79471.0,107195.0
2022-01-19,Aruba,31603.0,265.0,187.0,1.0,294817.855,1744.484,85415.0,79518.0,107195.0
2022-01-20,Aruba,31835.0,232.0,187.0,0.0,296982.135,1744.484,85460.0,79556.0,107195.0
2022-01-21,Aruba,32056.0,221.0,187.0,0.0,299043.799,1744.484,85962.0,79631.0,107195.0
2022-01-22,Aruba,32220.0,164.0,187.0,0.0,300573.721,1744.484,86072.0,79631.0,107195.0
2022-01-23,Aruba,32322.0,102.0,191.0,4.0,301525.258,1781.8,86373.0,79631.0,107195.0
2022-01-24,Aruba,32405.0,83.0,193.0,2.0,302299.548,1800.457,0.0,0.0,107195.0
2022-01-25,Aruba,32524.0,119.0,193.0,0.0,303409.674,1800.457,86444.0,79673.0,107195.0
2022-01-26,Aruba,32562.0,38.0,193.0,0.0,303764.168,1800.457,0.0,0.0,107195.0
2022-01-27,Aruba,32718.0,156.0,193.0,0.0,305219.46,1800.457,86509.0,79726.0,107195.0
2022-01-28,Aruba,32808.0,90.0,193.0,0.0,306059.051,1800.457,86579.0,79765.0,107195.0
2022-01-29,Aruba,32900.0,92.0,193.0,0.0,306917.3,1800.457,0.0,0.0,107195.0
2022-01-30,Aruba,32956.0,56.0,193.0,0.0,307439.713,1800.457,0.0,0.0,107195.0
2022-01-31,Aruba,33000.0,44.0,193.0,0.0,307850.18,1800.457,86627.0,79813.0,107195.0
2022-02-01,Aruba,33084.0,84.0,193.0,0.0,308633.798,1800.457,86667.0,79864.0,107195.0
2022-02-02,Aruba,33146.0,62.0,193.0,0.0,309212.183,1800.457,86709.0,79901.0,107195.0
2022-02-03,Aruba,33200.0,54.0,194.0,1.0,309715.938,1809.786,86761.0,79931.0,107195.0
2022-02-04,Aruba,33242.0,42.0,194.0,0.0,310107.748,1809.786,86815.0,79965.0,107195.0
2022-02-05,Aruba,33282.0,40.0,195.0,1.0,310480.899,1819.115,0.0,0.0,107195.0
2022-02-06,Aruba,33302.0,20.0,195.0,0.0,310667.475,1819.115,0.0,0.0,107195.0
2022-02-07,Aruba,33328.0,26.0,195.0,0.0,310910.024,1819.115,86871.0,79994.0,107195.0
2022-02-08,Aruba,33377.0,49.0,196.0,1.0,311367.135,1828.443,86912.0,80027.0,107195.0
2022-02-09,Aruba,33406.0,29.0,196.0,0.0,311637.67,1828.443,86972.0,80070.0,107195.0
2022-02-10,Aruba,33436.0,30.0,196.0,0.0,311917.533,1828.443,87014.0,80105.0,107195.0
2022-02-11,Aruba,33455.0,19.0,196.0,0.0,312094.781,1828.443,87062.0,80143.0,107195.0
2022-02-12,Aruba,33483.0,28.0,198.0,2.0,312355.987,1847.101,0.0,0.0,107195.0
2022-02-13,Aruba,33500.0,17.0,198.0,0.0,312514.576,1847.101,0.0,0.0,107195.0
2022-02-14,Aruba,33513.0,13.0,198.0,0.0,312635.851,1847.101,87094.0,80173.0,107195.0
2022-02-15,Aruba,33531.0,18.0,198.0,0.0,312803.769,1847.101,87115.0,80200.0,107195.0
2022-02-16,Aruba,33544.0,13.0,198.0,0.0,312925.043,1847.101,87157.0,80234.0,107195.0
2022-02-17,Aruba,33568.0,24.0,198.0,0.0,313148.934,1847.101,87200.0,80271.0,107195.0
2022-02-18,Aruba,33585.0,17.0,198.0,0.0,313307.524,1847.101,87259.0,80322.0,107195.0
2022-02-19,Aruba,33600.0,15.0,198.0,0.0,313447.456,1847.101,0.0,0.0,107195.0
2022-02-20,Aruba,33606.0,6.0,198.0,0.0,313503.428,1847.101,0.0,0.0,107195.0
2022-02-21,Aruba,33618.0,12.0,211.0,13.0,313615.374,1968.375,87292.0,80342.0,107195.0
2022-02-22,Aruba,33631.0,13.0,211.0,0.0,313736.648,1968.375,87311.0,80370.0,107195.0
2022-02-23,Aruba,33643.0,12.0,211.0,0.0,313848.594,1968.375,87330.0,80387.0,107195.0
2022-02-24,Aruba,33655.0,12.0,211.0,0.0,313960.539,1968.375,87350.0,80409.0,107195.0
2022-02-25,Aruba,33670.0,15.0,211.0,0.0,314100.471,1968.375,87378.0,80442.0,107195.0
2022-02-26,Aruba,33676.0,6.0,211.0,0.0,314156.444,1968.375,0.0,0.0,107195.0
2022-02-27,Aruba,33676.0,0.0,211.0,0.0,314156.444,1968.375,0.0,0.0,107195.0
2022-02-28,Aruba,33684.0,8.0,211.0,0.0,314231.074,1968.375,0.0,0.0,107195.0
2022-03-01,Aruba,33684.0,0.0,211.0,0.0,314231.074,1968.375,87419.0,80484.0,107195.0
2022-03-02,Aruba,33684.0,0.0,211.0,0.0,314231.074,1968.375,87447.0,80510.0,107195.0
2022-03-03,Aruba,33684.0,0.0,211.0,0.0,314231.074,1968.375,87465.0,80528.0,107195.0
2022-03-04,Aruba,33732.0,48.0,212.0,1.0,314678.856,1977.704,87485.0,80551.0,107195.0
2022-03-05,Aruba,33732.0,0.0,212.0,0.0,314678.856,1977.704,0.0,0.0,107195.0
2020-01-22,Asia,556.0,0.0,17.0,0.0,0.119,0.004,0.0,0.0,4678444992.0
2020-01-23,Asia,654.0,98.0,18.0,1.0,0.14,0.004,0.0,0.0,4678444992.0
2020-01-24,Asia,937.0,283.0,26.0,8.0,0.2,0.006,0.0,0.0,4678444992.0
2020-01-25,Asia,1429.0,492.0,42.0,16.0,0.305,0.009,0.0,0.0,4678444992.0
2020-01-26,Asia,2105.0,676.0,56.0,14.0,0.45,0.012,0.0,0.0,4678444992.0
2020-01-27,Asia,2912.0,807.0,82.0,26.0,0.622,0.018,0.0,0.0,4678444992.0
2020-01-28,Asia,5558.0,2646.0,131.0,49.0,1.188,0.028,0.0,0.0,4678444992.0
2020-01-29,Asia,6143.0,585.0,133.0,2.0,1.313,0.028,0.0,0.0,4678444992.0
2020-01-30,Asia,8208.0,2065.0,171.0,38.0,1.754,0.037,0.0,0.0,4678444992.0
2020-01-31,Asia,9889.0,1681.0,213.0,42.0,2.114,0.046,0.0,0.0,4678444992.0
2020-02-01,Asia,11991.0,2102.0,259.0,46.0,2.563,0.055,0.0,0.0,4678444992.0
2020-02-02,Asia,16738.0,4747.0,362.0,103.0,3.578,0.077,0.0,0.0,4678444992.0
2020-02-03,Asia,19827.0,3089.0,426.0,64.0,4.238,0.091,0.0,0.0,4678444992.0
2020-02-04,Asia,23836.0,4009.0,492.0,66.0,5.095,0.105,0.0,0.0,4678444992.0
2020-02-05,Asia,27579.0,3743.0,564.0,72.0,5.895,0.121,0.0,0.0,4678444992.0
2020-02-06,Asia,30739.0,3160.0,634.0,70.0,6.57,0.136,0.0,0.0,4678444992.0
2020-02-07,Asia,34267.0,3528.0,719.0,85.0,7.324,0.154,0.0,0.0,4678444992.0
2020-02-08,Asia,36989.0,2722.0,806.0,87.0,7.906,0.172,0.0,0.0,4678444992.0
2020-02-09,Asia,40014.0,3025.0,906.0,100.0,8.553,0.194,0.0,0.0,4678444992.0
2020-02-10,Asia,42551.0,2537.0,1013.0,107.0,9.095,0.217,0.0,0.0,4678444992.0
2020-02-11,Asia,44589.0,2038.0,1113.0,100.0,9.531,0.238,0.0,0.0,4678444992.0
2020-02-12,Asia,44966.0,377.0,1118.0,5.0,9.611,0.239,0.0,0.0,4678444992.0
2020-02-13,Asia,60116.0,15150.0,1371.0,253.0,12.85,0.293,0.0,0.0,4678444992.0
2020-02-14,Asia,66599.0,6483.0,1523.0,152.0,14.235,0.326,0.0,0.0,4678444992.0
2020-02-15,Asia,68674.0,2075.0,1665.0,142.0,14.679,0.356,0.0,0.0,4678444992.0
2020-02-16,Asia,70787.0,2113.0,1769.0,104.0,15.13,0.378,0.0,0.0,4678444992.0
2020-02-17,Asia,72721.0,1934.0,1867.0,98.0,15.544,0.399,0.0,0.0,4678444992.0
2020-02-18,Asia,74515.0,1794.0,2007.0,140.0,15.927,0.429,0.0,0.0,4678444992.0
2020-02-19,Asia,74935.0,420.0,2122.0,115.0,16.017,0.454,0.0,0.0,4678444992.0
2020-02-20,Asia,75480.0,545.0,2245.0,123.0,16.134,0.48,0.0,0.0,4678444992.0
2020-02-21,Asia,76088.0,608.0,2248.0,3.0,16.264,0.481,0.0,0.0,4678444992.0
2020-02-22,Asia,77807.0,1719.0,2454.0,206.0,16.631,0.525,0.0,0.0,4678444992.0
2020-02-23,Asia,78030.0,223.0,2463.0,9.0,16.679,0.526,0.0,0.0,4678444992.0
2020-02-24,Asia,78521.0,491.0,2619.0,156.0,16.784,0.56,0.0,0.0,4678444992.0
2020-02-25,Asia,79264.0,743.0,2696.0,77.0,16.942,0.576,0.0,0.0,4678444992.0
2020-02-26,Asia,80063.0,799.0,2753.0,57.0,17.113,0.588,0.0,0.0,4678444992.0
2020-02-27,Asia,81155.0,1092.0,2791.0,38.0,17.347,0.597,0.0,0.0,4678444992.0
2020-02-28,Asia,82236.0,1081.0,2844.0,53.0,17.578,0.608,0.0,0.0,4678444992.0
2020-02-29,Asia,83728.0,1492.0,2904.0,60.0,17.897,0.621,0.0,0.0,4678444992.0
2020-03-01,Asia,85321.0,1593.0,2952.0,48.0,18.237,0.631,0.0,0.0,4678444992.0
2020-03-02,Asia,86704.0,1383.0,3017.0,65.0,18.533,0.645,0.0,0.0,4678444992.0
2020-03-03,Asia,88571.0,1867.0,3061.0,44.0,18.932,0.654,0.0,0.0,4678444992.0
2020-03-04,Asia,89799.0,1228.0,3122.0,61.0,19.194,0.667,0.0,0.0,4678444992.0
2020-03-05,Asia,91090.0,1291.0,3169.0,47.0,19.47,0.677,0.0,0.0,4678444992.0
2020-03-06,Asia,93121.0,2031.0,3223.0,54.0,19.904,0.689,0.0,0.0,4678444992.0
2020-03-07,Asia,94880.0,1759.0,3275.0,52.0,20.28,0.7,0.0,0.0,4678444992.0
2020-03-08,Asia,96081.0,1201.0,3361.0,86.0,20.537,0.718,0.0,0.0,4678444992.0
2020-03-09,Asia,96987.0,906.0,3432.0,71.0,20.731,0.734,0.0,0.0,4678444992.0
2020-03-10,Asia,98175.0,1188.0,3508.0,76.0,20.985,0.75,0.0,0.0,4678444992.0
2020-03-11,Asia,99896.0,1749.0,3605.0,97.0,21.352,0.771,0.0,0.0,4678444992.0
2020-03-12,Asia,101263.0,1367.0,3703.0,98.0,21.645,0.792,0.0,0.0,4678444992.0
2020-03-13,Asia,103074.0,1811.0,3807.0,104.0,22.032,0.814,0.0,0.0,4678444992.0
2020-03-14,Asia,104983.0,1909.0,3929.0,122.0,22.44,0.84,0.0,0.0,4678444992.0
2020-03-15,Asia,106931.0,1948.0,4060.0,131.0,22.856,0.868,0.0,0.0,4678444992.0
2020-03-16,Asia,108644.0,1713.0,4211.0,151.0,23.222,0.9,0.0,0.0,4678444992.0
2020-03-17,Asia,110649.0,2005.0,4370.0,159.0,23.651,0.934,0.0,0.0,4678444992.0
2020-03-18,Asia,112782.0,2133.0,4558.0,188.0,24.107,0.974,0.0,0.0,4678444992.0
2020-03-19,Asia,114922.0,2140.0,4733.0,177.0,24.564,1.012,0.0,0.0,4678444992.0
2020-03-20,Asia,117619.0,2699.0,4909.0,176.0,25.141,1.049,0.0,0.0,4678444992.0
2020-03-21,Asia,120175.0,2556.0,5068.0,160.0,25.687,1.083,0.0,0.0,4678444992.0
2020-03-22,Asia,123415.0,3240.0,5274.0,206.0,26.379,1.127,0.0,0.0,4678444992.0
2020-03-23,Asia,126484.0,3069.0,5432.0,158.0,27.035,1.161,0.0,0.0,4678444992.0
2020-03-24,Asia,130104.0,3620.0,5602.0,170.0,27.809,1.197,0.0,0.0,4678444992.0
2020-03-25,Asia,135516.0,5412.0,5794.0,192.0,28.966,1.238,0.0,0.0,4678444992.0
2020-03-26,Asia,141242.0,5726.0,6039.0,245.0,30.19,1.291,0.0,0.0,4678444992.0
2020-03-27,Asia,148329.0,7087.0,6252.0,213.0,31.705,1.336,0.0,0.0,4678444992.0
2020-03-28,Asia,155518.0,7189.0,6469.0,217.0,33.241,1.383,0.0,0.0,4678444992.0
2020-03-29,Asia,162726.0,7208.0,6684.0,215.0,34.782,1.429,0.0,0.0,4678444992.0
2020-03-30,Asia,169959.0,7233.0,6896.0,212.0,36.328,1.474,0.0,0.0,4678444992.0
2020-03-31,Asia,178990.0,9031.0,7141.0,245.0,38.258,1.526,0.0,0.0,4678444992.0
2020-04-01,Asia,187586.0,8596.0,7444.0,303.0,40.096,1.591,0.0,0.0,4678444992.0
2020-04-02,Asia,196736.0,9150.0,7733.0,289.0,42.052,1.653,0.0,0.0,4678444992.0
2020-04-03,Asia,205479.0,8743.0,8015.0,282.0,43.92,1.713,0.0,0.0,4678444992.0
2020-04-04,Asia,214443.0,8964.0,8326.0,311.0,45.836,1.78,0.0,0.0,4678444992.0
2020-04-05,Asia,224352.0,9909.0,8629.0,303.0,47.954,1.844,0.0,0.0,4678444992.0
2020-04-06,Asia,234362.0,10010.0,8942.0,313.0,50.094,1.911,0.0,0.0,4678444992.0
2020-04-07,Asia,243904.0,9542.0,9233.0,291.0,52.134,1.974,0.0,0.0,4678444992.0
2020-04-08,Asia,253843.0,9939.0,9542.0,309.0,54.258,2.04,0.0,0.0,4678444992.0
2020-04-09,Asia,264046.0,10203.0,9905.0,363.0,56.439,2.117,0.0,0.0,4678444992.0
2020-04-10,Asia,275203.0,11157.0,10260.0,355.0,58.824,2.193,0.0,0.0,4678444992.0
2020-04-11,Asia,287180.0,11977.0,10622.0,362.0,61.384,2.27,0.0,0.0,4678444992.0
2020-04-12,Asia,298792.0,11612.0,11028.0,406.0,63.866,2.357,0.0,0.0,4678444992.0
2020-04-13,Asia,310334.0,11542.0,11358.0,330.0,66.333,2.428,0.0,0.0,4678444992.0
2020-04-14,Asia,321815.0,11481.0,11752.0,394.0,68.787,2.512,0.0,0.0,4678444992.0
2020-04-15,Asia,333230.0,11415.0,12075.0,323.0,71.227,2.581,0.0,0.0,4678444992.0
2020-04-16,Asia,345571.0,12341.0,12440.0,365.0,73.864,2.659,0.0,0.0,4678444992.0
2020-04-17,Asia,358326.0,12755.0,14095.0,1655.0,76.591,3.013,0.0,0.0,4678444992.0
2020-04-18,Asia,370482.0,12156.0,14432.0,337.0,79.189,3.085,0.0,0.0,4678444992.0
2020-04-19,Asia,382715.0,12233.0,14801.0,369.0,81.804,3.164,0.0,0.0,4678444992.0
2020-04-20,Asia,396741.0,14026.0,15157.0,356.0,84.802,3.24,0.0,0.0,4678444992.0
2020-04-21,Asia,410383.0,13642.0,15533.0,376.0,87.718,3.32,0.0,0.0,4678444992.0
2020-04-22,Asia,422561.0,12178.0,15888.0,355.0,90.321,3.396,0.0,0.0,4678444992.0
2020-04-23,Asia,435366.0,12805.0,16239.0,351.0,93.058,3.471,0.0,0.0,4678444992.0
2020-04-24,Asia,448337.0,12971.0,16620.0,381.0,95.83,3.552,0.0,0.0,4678444992.0
2020-04-25,Asia,460314.0,11977.0,16969.0,349.0,98.39,3.627,0.0,0.0,4678444992.0
2020-04-26,Asia,471887.0,11573.0,17267.0,298.0,100.864,3.691,0.0,0.0,4678444992.0
2020-04-27,Asia,482868.0,10981.0,17623.0,356.0,103.211,3.767,0.0,0.0,4678444992.0
2020-04-28,Asia,494823.0,11955.0,17975.0,352.0,105.767,3.842,0.0,0.0,4678444992.0
2020-04-29,Asia,507773.0,12950.0,18351.0,376.0,108.535,3.922,0.0,0.0,4678444992.0
2020-04-30,Asia,520649.0,12876.0,18703.0,352.0,111.287,3.998,0.0,0.0,4678444992.0
2020-05-01,Asia,534001.0,13352.0,19026.0,323.0,114.141,4.067,0.0,0.0,4678444992.0
2020-05-02,Asia,546152.0,12151.0,19409.0,383.0,116.738,4.149,0.0,0.0,4678444992.0
2020-05-03,Asia,558586.0,12434.0,19686.0,277.0,119.396,4.208,0.0,0.0,4678444992.0
2020-05-04,Asia,572603.0,14017.0,20135.0,449.0,122.392,4.304,0.0,0.0,4678444992.0
2020-05-05,Asia,587515.0,14912.0,20504.0,369.0,125.579,4.383,0.0,0.0,4678444992.0
2020-05-06,Asia,603501.0,15986.0,20874.0,370.0,128.996,4.462,0.0,0.0,4678444992.0
2020-05-07,Asia,619168.0,15667.0,21242.0,368.0,132.345,4.54,0.0,0.0,4678444992.0
2020-05-08,Asia,635952.0,16784.0,21569.0,327.0,135.932,4.61,0.0,0.0,4678444992.0
2020-05-09,Asia,651075.0,15123.0,21899.0,330.0,139.165,4.681,0.0,0.0,4678444992.0
2020-05-10,Asia,669547.0,18472.0,22265.0,366.0,143.113,4.759,0.0,0.0,4678444992.0
2020-05-11,Asia,686097.0,16550.0,22568.0,303.0,146.651,4.824,0.0,0.0,4678444992.0
2020-05-12,Asia,703122.0,17025.0,22928.0,360.0,150.29,4.901,0.0,0.0,4678444992.0
2020-05-13,Asia,720091.0,16969.0,23300.0,372.0,153.917,4.98,0.0,0.0,4678444992.0
2020-05-14,Asia,740700.0,20610.0,23693.0,393.0,158.322,5.064,0.0,0.0,4678444992.0
2020-05-15,Asia,758468.0,17768.0,24032.0,339.0,162.12,5.137,0.0,0.0,4678444992.0
2020-05-16,Asia,778231.0,19763.0,24381.0,349.0,166.344,5.211,0.0,0.0,4678444992.0
2020-05-17,Asia,799023.0,20792.0,24794.0,413.0,170.788,5.3,0.0,0.0,4678444992.0
2020-05-18,Asia,819668.0,20645.0,25178.0,384.0,175.201,5.382,0.0,0.0,4678444992.0
2020-05-19,Asia,841822.0,22154.0,25570.0,392.0,179.936,5.465,0.0,0.0,4678444992.0
2020-05-20,Asia,864406.0,22584.0,25920.0,350.0,184.764,5.54,0.0,0.0,4678444992.0
2020-05-21,Asia,888623.0,24217.0,26329.0,409.0,189.94,5.628,0.0,0.0,4678444992.0
2020-05-22,Asia,912816.0,24193.0,26735.0,406.0,195.111,5.715,0.0,0.0,4678444992.0
2020-05-23,Asia,937175.0,24359.0,27121.0,386.0,200.318,5.797,0.0,0.0,4678444992.0
2020-05-24,Asia,961206.0,24031.0,27510.0,389.0,205.454,5.88,0.0,0.0,4678444992.0
2020-05-25,Asia,982967.0,21761.0,27850.0,340.0,210.105,5.953,0.0,0.0,4678444992.0
2020-05-26,Asia,1003240.0,20273.0,28249.0,399.0,214.439,6.038,0.0,0.0,4678444992.0
2020-05-27,Asia,1027079.0,23839.0,28719.0,470.0,219.534,6.139,0.0,0.0,4678444992.0
2020-05-28,Asia,1052993.0,25914.0,29184.0,465.0,225.073,6.238,0.0,0.0,4678444992.0
2020-05-29,Asia,1081845.0,28852.0,29749.0,565.0,231.24,6.359,0.0,0.0,4678444992.0
2020-05-30,Asia,1109416.0,27571.0,30294.0,545.0,237.133,6.475,0.0,0.0,4678444992.0
2020-05-31,Asia,1138617.0,29201.0,30828.0,534.0,243.375,6.589,0.0,0.0,4678444992.0
2020-06-01,Asia,1166733.0,28116.0,31349.0,521.0,249.385,6.701,0.0,0.0,4678444992.0
2020-06-02,Asia,1197286.0,30553.0,31897.0,548.0,255.915,6.818,0.0,0.0,4678444992.0
2020-06-03,Asia,1230684.0,33399.0,32543.0,646.0,263.054,6.956,0.0,0.0,4678444992.0
2020-06-04,Asia,1262825.0,32141.0,33121.0,578.0,269.924,7.079,0.0,0.0,4678444992.0
2020-06-05,Asia,1295939.0,33114.0,33773.0,652.0,277.002,7.219,0.0,0.0,4678444992.0
2020-06-06,Asia,1330376.0,34437.0,34429.0,656.0,284.363,7.359,0.0,0.0,4678444992.0
2020-06-07,Asia,1364970.0,34594.0,35084.0,655.0,291.757,7.499,0.0,0.0,4678444992.0
2020-06-08,Asia,1396114.0,31144.0,35741.0,657.0,298.414,7.64,0.0,0.0,4678444992.0
2020-06-09,Asia,1429814.0,33700.0,36400.0,659.0,305.617,7.78,0.0,0.0,4678444992.0
2020-06-10,Asia,1466579.0,36765.0,37172.0,772.0,313.476,7.945,0.0,0.0,4678444992.0
2020-06-11,Asia,1504423.0,37844.0,37998.0,826.0,321.565,8.122,0.0,0.0,4678444992.0
2020-06-12,Asia,1537115.0,32692.0,38728.0,730.0,328.553,8.278,0.0,0.0,4678444992.0
2020-06-13,Asia,1576032.0,38917.0,39468.0,740.0,336.871,8.436,0.0,0.0,4678444992.0
2020-06-14,Asia,1620986.0,44954.0,40342.0,874.0,346.48,8.623,0.0,0.0,4678444992.0
2020-06-15,Asia,1658250.0,37264.0,41250.0,908.0,354.445,8.817,0.0,0.0,4678444992.0
2020-06-16,Asia,1696105.0,37855.0,43774.0,2524.0,362.536,9.357,0.0,0.0,4678444992.0
2020-06-17,Asia,1737803.0,41698.0,44652.0,878.0,371.449,9.544,0.0,0.0,4678444992.0
2020-06-18,Asia,1778731.0,40928.0,45558.0,906.0,380.197,9.738,0.0,0.0,4678444992.0
2020-06-19,Asia,1821779.0,43048.0,46506.0,948.0,389.398,9.94,0.0,0.0,4678444992.0
2020-06-20,Asia,1863555.0,41776.0,47359.0,853.0,398.328,10.123,0.0,0.0,4678444992.0
2020-06-21,Asia,1903429.0,39874.0,48338.0,979.0,406.851,10.332,0.0,0.0,4678444992.0
2020-06-22,Asia,1943989.0,40560.0,49145.0,807.0,415.52,10.505,0.0,0.0,4678444992.0
2020-06-23,Asia,1986380.0,42391.0,50098.0,953.0,424.581,10.708,0.0,0.0,4678444992.0
2020-06-24,Asia,2030198.0,43818.0,51115.0,1017.0,433.947,10.926,0.0,0.0,4678444992.0
2020-06-25,Asia,2074529.0,44331.0,52075.0,960.0,443.423,11.131,0.0,0.0,4678444992.0
2020-06-26,Asia,2120699.0,46170.0,53010.0,935.0,453.291,11.331,0.0,0.0,4678444992.0
2020-06-27,Asia,2167157.0,46458.0,53947.0,937.0,463.222,11.531,0.0,0.0,4678444992.0
2020-06-28,Asia,2214129.0,46972.0,54833.0,886.0,473.262,11.72,0.0,0.0,4678444992.0
2020-06-29,Asia,2258587.0,44458.0,55857.0,1024.0,482.764,11.939,0.0,0.0,4678444992.0
2020-06-30,Asia,2305132.0,46545.0,56972.0,1115.0,492.713,12.178,0.0,0.0,4678444992.0
2020-07-01,Asia,2371852.0,66720.0,58007.0,1035.0,506.974,12.399,0.0,0.0,4678444992.0
2020-07-02,Asia,2422479.0,50627.0,58981.0,974.0,517.796,12.607,0.0,0.0,4678444992.0
2020-07-03,Asia,2473277.0,50798.0,59920.0,939.0,528.654,12.808,0.0,0.0,4678444992.0
2020-07-04,Asia,2527001.0,53724.0,61098.0,1178.0,540.137,13.059,0.0,0.0,4678444992.0
2020-07-05,Asia,2583181.0,56180.0,62273.0,1175.0,552.145,13.311,0.0,0.0,4678444992.0
2020-07-06,Asia,2633233.0,50052.0,63353.0,1080.0,562.844,13.541,0.0,0.0,4678444992.0
2020-07-07,Asia,2683461.0,50228.0,64522.0,1169.0,573.58,13.791,0.0,0.0,4678444992.0
2020-07-08,Asia,2737351.0,53890.0,65601.0,1079.0,585.098,14.022,0.0,0.0,4678444992.0
2020-07-09,Asia,2794975.0,57624.0,66724.0,1123.0,597.415,14.262,0.0,0.0,4678444992.0
2020-07-10,Asia,2851420.0,56445.0,67844.0,1120.0,609.48,14.501,0.0,0.0,4678444992.0
2020-07-11,Asia,2906767.0,55347.0,68986.0,1142.0,621.311,14.745,0.0,0.0,4678444992.0
2020-07-12,Asia,2961616.0,54849.0,70361.0,1375.0,633.034,15.039,0.0,0.0,4678444992.0
2020-07-13,Asia,3018023.0,56407.0,71514.0,1153.0,645.091,15.286,0.0,0.0,4678444992.0
2020-07-14,Asia,3073005.0,54982.0,72681.0,1167.0,656.843,15.535,0.0,0.0,4678444992.0
2020-07-15,Asia,3133507.0,60502.0,73924.0,1243.0,669.775,15.801,0.0,0.0,4678444992.0
2020-07-16,Asia,3194413.0,60906.0,75203.0,1279.0,682.794,16.074,0.0,0.0,4678444992.0
2020-07-17,Asia,3258480.0,64067.0,76556.0,1353.0,696.488,16.364,0.0,0.0,4678444992.0
2020-07-18,Asia,3332669.0,74189.0,78458.0,1902.0,712.345,16.77,0.0,0.0,4678444992.0
2020-07-19,Asia,3401194.0,68525.0,80180.0,1722.0,726.992,17.138,0.0,0.0,4678444992.0
2020-07-20,Asia,3462663.0,61469.0,81373.0,1193.0,740.131,17.393,0.0,0.0,4678444992.0
2020-07-21,Asia,3528091.0,65538.0,82663.0,1290.0,754.116,17.669,0.0,0.0,4678444992.0
2020-07-22,Asia,3599750.0,71677.0,84489.0,1826.0,769.433,18.059,0.0,0.0,4678444992.0
2020-07-23,Asia,3679597.0,79847.0,86017.0,1528.0,786.5,18.386,0.0,0.0,4678444992.0
2020-07-24,Asia,3754645.0,75048.0,87357.0,1340.0,802.541,18.672,0.0,0.0,4678444992.0
2020-07-25,Asia,3828992.0,74347.0,88635.0,1278.0,818.433,18.945,0.0,0.0,4678444992.0
2020-07-26,Asia,3901840.0,72848.0,89951.0,1316.0,834.004,19.227,0.0,0.0,4678444992.0
2020-07-27,Asia,3971081.0,69241.0,91158.0,1207.0,848.804,19.485,0.0,0.0,4678444992.0
2020-07-28,Asia,4049060.0,77979.0,92712.0,1554.0,865.471,19.817,0.0,0.0,4678444992.0
2020-07-29,Asia,4126976.0,77916.0,94011.0,1299.0,882.126,20.094,0.0,0.0,4678444992.0
2020-07-30,Asia,4207882.0,80906.0,95366.0,1355.0,899.419,20.384,0.0,0.0,4678444992.0
2020-07-31,Asia,4296460.0,88578.0,96722.0,1356.0,918.352,20.674,0.0,0.0,4678444992.0
2020-08-01,Asia,4373994.0,77534.0,98105.0,1383.0,934.925,20.97,0.0,0.0,4678444992.0
2020-08-02,Asia,4455746.0,81752.0,99652.0,1547.0,952.399,21.3,0.0,0.0,4678444992.0
2020-08-03,Asia,4530929.0,75184.0,101021.0,1369.0,968.469,21.593,0.0,0.0,4678444992.0
2020-08-04,Asia,4610248.0,79319.0,102442.0,1421.0,985.423,21.897,0.0,0.0,4678444992.0
2020-08-05,Asia,4696056.0,85808.0,103919.0,1477.0,1003.764,22.212,0.0,0.0,4678444992.0
2020-08-06,Asia,4786764.0,90708.0,105309.0,1390.0,1023.153,22.509,0.0,0.0,4678444992.0
2020-08-07,Asia,4877466.0,90702.0,106732.0,1423.0,1042.54,22.814,0.0,0.0,4678444992.0
2020-08-08,Asia,4968531.0,91065.0,108087.0,1355.0,1062.005,23.103,0.0,0.0,4678444992.0
2020-08-09,Asia,5055135.0,86606.0,109957.0,1870.0,1080.516,23.503,0.0,0.0,4678444992.0
2020-08-10,Asia,5136445.0,81310.0,111328.0,1371.0,1097.896,23.796,0.0,0.0,4678444992.0
2020-08-11,Asia,5222275.0,85831.0,112701.0,1373.0,1116.242,24.089,0.0,0.0,4678444992.0
2020-08-12,Asia,5317685.0,95410.0,114257.0,1556.0,1136.635,24.422,0.0,0.0,4678444992.0
2020-08-13,Asia,5410178.0,92493.0,115765.0,1508.0,1156.405,24.744,0.0,0.0,4678444992.0
2020-08-14,Asia,5504934.0,94756.0,117235.0,1470.0,1176.659,25.059,0.0,0.0,4678444992.0
2020-08-15,Asia,5596346.0,91412.0,118784.0,1549.0,1196.198,25.39,0.0,0.0,4678444992.0
2020-08-16,Asia,5680108.0,83762.0,120474.0,1690.0,1214.102,25.751,0.0,0.0,4678444992.0
2020-08-17,Asia,5757957.0,77849.0,121841.0,1367.0,1230.742,26.043,0.0,0.0,4678444992.0
2020-08-18,Asia,5850991.0,93034.0,123455.0,1614.0,1250.627,26.388,0.0,0.0,4678444992.0
2020-08-19,Asia,5949351.0,98360.0,125029.0,1575.0,1271.651,26.724,0.0,0.0,4678444992.0
2020-08-20,Asia,6046333.0,96982.0,126577.0,1548.0,1292.381,27.055,0.0,0.0,4678444992.0
2020-08-21,Asia,6143560.0,97227.0,127582.0,1448.0,1313.163,27.27,0.0,0.0,4678444992.0
2020-08-22,Asia,6238669.0,95109.0,128995.0,1413.0,1333.492,27.572,0.0,0.0,4678444992.0
2020-08-23,Asia,6322733.0,84064.0,130471.0,1476.0,1351.46,27.888,0.0,0.0,4678444992.0
2020-08-24,Asia,6409009.0,86276.0,131838.0,1367.0,1369.902,28.18,0.0,0.0,4678444992.0
2020-08-25,Asia,6491115.0,82106.0,133335.0,1497.0,1387.451,28.5,0.0,0.0,4678444992.0
2020-08-26,Asia,6604101.0,112986.0,135019.0,1684.0,1411.602,28.86,0.0,0.0,4678444992.0
2020-08-27,Asia,6707682.0,103581.0,136659.0,1640.0,1433.742,29.21,0.0,0.0,4678444992.0
2020-08-28,Asia,6811620.0,103938.0,138266.0,1607.0,1455.958,29.554,0.0,0.0,4678444992.0
2020-08-29,Asia,6916284.0,104664.0,139746.0,1480.0,1478.33,29.87,0.0,0.0,4678444992.0
2020-08-30,Asia,7019740.0,103456.0,141393.0,1647.0,1500.443,30.222,0.0,0.0,4678444992.0
2020-08-31,Asia,7113919.0,94179.0,142709.0,1316.0,1520.573,30.504,0.0,0.0,4678444992.0
2020-09-01,Asia,7217748.0,103829.0,144265.0,1556.0,1542.766,30.836,0.0,0.0,4678444992.0
2020-09-02,Asia,7328193.0,110445.0,145862.0,1597.0,1566.374,31.177,0.0,0.0,4678444992.0
2020-09-03,Asia,7439722.0,111529.0,147548.0,1686.0,1590.213,31.538,0.0,0.0,4678444992.0
2020-09-04,Asia,7555017.0,115295.0,149168.0,1620.0,1614.856,31.884,0.0,0.0,4678444992.0
2020-09-05,Asia,7670201.0,115184.0,150758.0,1590.0,1639.477,32.224,0.0,0.0,4678444992.0
2020-09-06,Asia,7787224.0,117023.0,152453.0,1695.0,1664.49,32.586,0.0,0.0,4678444992.0
2020-09-07,Asia,7888331.0,101107.0,154116.0,1663.0,1686.101,32.942,0.0,0.0,4678444992.0
2020-09-08,Asia,8006792.0,118461.0,155783.0,1667.0,1711.422,33.298,0.0,0.0,4678444992.0
2020-09-09,Asia,8132391.0,125599.0,157546.0,1763.0,1738.268,33.675,0.0,0.0,4678444992.0
2020-09-10,Asia,8260349.0,127958.0,159377.0,1831.0,1765.618,34.066,0.0,0.0,4678444992.0
2020-09-11,Asia,8389411.0,129062.0,161084.0,1707.0,1793.205,34.431,0.0,0.0,4678444992.0
2020-09-12,Asia,8513727.0,124316.0,162862.0,1778.0,1819.777,34.811,0.0,0.0,4678444992.0
2020-09-13,Asia,8634609.0,120882.0,164622.0,1760.0,1845.615,35.187,0.0,0.0,4678444992.0
2020-09-14,Asia,8750436.0,115827.0,166517.0,1895.0,1870.373,35.592,0.0,0.0,4678444992.0
2020-09-15,Asia,8872810.0,122374.0,168415.0,1898.0,1896.53,35.998,0.0,0.0,4678444992.0
2020-09-16,Asia,9003941.0,131131.0,170254.0,1839.0,1924.558,36.391,0.0,0.0,4678444992.0
2020-09-17,Asia,9133529.0,129588.0,172092.0,1838.0,1952.257,36.784,0.0,0.0,4678444992.0
2020-09-18,Asia,9260137.0,126608.0,173943.0,1851.0,1979.319,37.18,0.0,0.0,4678444992.0
2020-09-19,Asia,9383961.0,123824.0,175747.0,1804.0,2005.786,37.565,0.0,0.0,4678444992.0
2020-09-20,Asia,9501384.0,117423.0,177563.0,1816.0,2030.885,37.953,0.0,0.0,4678444992.0
2020-09-21,Asia,9607317.0,105933.0,179251.0,1688.0,2053.528,38.314,0.0,0.0,4678444992.0
2020-09-22,Asia,9725031.0,117714.0,181009.0,1758.0,2078.689,38.69,0.0,0.0,4678444992.0
2020-09-23,Asia,9848865.0,123834.0,182828.0,1819.0,2105.158,39.079,0.0,0.0,4678444992.0
2020-09-24,Asia,9972489.0,123624.0,184609.0,1781.0,2131.582,39.459,0.0,0.0,4678444992.0
2020-09-25,Asia,10095012.0,122523.0,186380.0,1771.0,2157.771,39.838,0.0,0.0,4678444992.0
2020-09-26,Asia,10216959.0,121947.0,188168.0,1788.0,2183.837,40.22,0.0,0.0,4678444992.0
2020-09-27,Asia,10330325.0,113366.0,189905.0,1737.0,2208.068,40.591,0.0,0.0,4678444992.0
2020-09-28,Asia,10428857.0,98532.0,191328.0,1423.0,2229.129,40.896,0.0,0.0,4678444992.0
2020-09-29,Asia,10542984.0,114127.0,193249.0,1921.0,2253.523,41.306,0.0,0.0,4678444992.0
2020-09-30,Asia,10668680.0,125696.0,195115.0,1866.0,2280.39,41.705,0.0,0.0,4678444992.0
2020-10-01,Asia,10788130.0,119450.0,196893.0,1778.0,2305.922,42.085,0.0,0.0,4678444992.0
2020-10-02,Asia,10905150.0,117020.0,198650.0,1757.0,2330.935,42.461,0.0,0.0,4678444992.0
2020-10-03,Asia,11012689.0,107539.0,200206.0,1556.0,2353.921,42.793,0.0,0.0,4678444992.0
2020-10-04,Asia,11120834.0,108145.0,201874.0,1668.0,2377.036,43.15,0.0,0.0,4678444992.0
2020-10-05,Asia,11218163.0,97329.0,203494.0,1620.0,2397.84,43.496,0.0,0.0,4678444992.0
2020-10-06,Asia,11326769.0,108606.0,205202.0,1708.0,2421.054,43.861,0.0,0.0,4678444992.0
2020-10-07,Asia,11443573.0,116804.0,206923.0,1721.0,2446.021,44.229,0.0,0.0,4678444992.0
2020-10-08,Asia,11552421.0,108848.0,208717.0,1794.0,2469.286,44.612,0.0,0.0,4678444992.0
2020-10-09,Asia,11659592.0,107171.0,210365.0,1648.0,2492.194,44.965,0.0,0.0,4678444992.0
2020-10-10,Asia,11767671.0,108079.0,211980.0,1615.0,2515.295,45.31,0.0,0.0,4678444992.0
2020-10-11,Asia,11866541.0,98870.0,213621.0,1641.0,2536.428,45.661,0.0,0.0,4678444992.0
2020-10-12,Asia,11956995.0,90454.0,215028.0,1407.0,2555.763,45.961,0.0,0.0,4678444992.0
2020-10-13,Asia,12056769.0,99774.0,216498.0,1470.0,2577.089,46.276,0.0,0.0,4678444992.0
2020-10-14,Asia,12161560.0,104791.0,218018.0,1520.0,2599.488,46.601,0.0,0.0,4678444992.0
2020-10-15,Asia,12263404.0,101844.0,219677.0,1659.0,2621.256,46.955,0.0,0.0,4678444992.0
2020-10-16,Asia,12364047.0,100643.0,221268.0,1591.0,2642.768,47.295,0.0,0.0,4678444992.0
2020-10-17,Asia,12460611.0,96564.0,223063.0,1795.0,2663.409,47.679,0.0,0.0,4678444992.0
2020-10-18,Asia,12551944.0,91333.0,224438.0,1375.0,2682.931,47.973,0.0,0.0,4678444992.0
2020-10-19,Asia,12634283.0,82339.0,225883.0,1445.0,2700.53,48.282,0.0,0.0,4678444992.0
2020-10-20,Asia,12725075.0,90792.0,227405.0,1522.0,2719.937,48.607,0.0,0.0,4678444992.0
2020-10-21,Asia,12823376.0,98301.0,228983.0,1578.0,2740.948,48.944,0.0,0.0,4678444992.0
2020-10-22,Asia,12920443.0,97067.0,230514.0,1531.0,2761.696,49.271,0.0,0.0,4678444992.0
2020-10-23,Asia,13018036.0,97593.0,232105.0,1591.0,2782.556,49.612,0.0,0.0,4678444992.0
2020-10-24,Asia,13106719.0,88683.0,233495.0,1390.0,2801.512,49.909,0.0,0.0,4678444992.0
2020-10-25,Asia,13191864.0,85145.0,234831.0,1336.0,2819.711,50.194,0.0,0.0,4678444992.0
2020-10-26,Asia,13264473.0,72609.0,236212.0,1381.0,2835.231,50.489,0.0,0.0,4678444992.0
2020-10-27,Asia,13349251.0,84778.0,237590.0,1378.0,2853.352,50.784,0.0,0.0,4678444992.0
2020-10-28,Asia,13442417.0,93166.0,239052.0,1462.0,2873.266,51.096,0.0,0.0,4678444992.0
2020-10-29,Asia,13535615.0,93198.0,240527.0,1475.0,2893.187,51.412,0.0,0.0,4678444992.0
2020-10-30,Asia,13627674.0,92059.0,241924.0,1397.0,2912.864,51.71,0.0,0.0,4678444992.0
2020-10-31,Asia,13714482.0,86808.0,243331.0,1407.0,2931.419,52.011,0.0,0.0,4678444992.0
2020-11-01,Asia,13802002.0,87520.0,244808.0,1477.0,2950.126,52.327,0.0,0.0,4678444992.0
2020-11-02,Asia,13885094.0,83092.0,246275.0,1467.0,2967.887,52.64,0.0,0.0,4678444992.0
2020-11-03,Asia,13978111.0,93017.0,247802.0,1527.0,2987.769,52.967,0.0,0.0,4678444992.0
2020-11-04,Asia,14075358.0,97247.0,249539.0,1737.0,3008.555,53.338,0.0,0.0,4678444992.0
2020-11-05,Asia,14171866.0,96508.0,251156.0,1617.0,3029.183,53.684,0.0,0.0,4678444992.0
2020-11-06,Asia,14273479.0,101613.0,252752.0,1596.0,3050.902,54.025,0.0,0.0,4678444992.0
2020-11-07,Asia,14367232.0,93753.0,254225.0,1473.0,3070.942,54.34,0.0,0.0,4678444992.0
2020-11-08,Asia,14461962.0,94730.0,255759.0,1534.0,3091.19,54.668,0.0,0.0,4678444992.0
2020-11-09,Asia,14547530.0,85568.0,257288.0,1529.0,3109.48,54.994,0.0,0.0,4678444992.0
2020-11-10,Asia,14642946.0,95416.0,258843.0,1555.0,3129.875,55.327,0.0,0.0,4678444992.0
2020-11-11,Asia,14743865.0,100919.0,260467.0,1624.0,3151.446,55.674,0.0,0.0,4678444992.0
2020-11-12,Asia,14842997.0,99132.0,262061.0,1594.0,3172.635,56.015,0.0,0.0,4678444992.0
2020-11-13,Asia,14942509.0,99512.0,263651.0,1590.0,3193.905,56.354,0.0,0.0,4678444992.0
2020-11-14,Asia,15036662.0,94153.0,265159.0,1508.0,3214.03,56.677,0.0,0.0,4678444992.0
2020-11-15,Asia,15118384.0,81722.0,266675.0,1516.0,3231.498,57.001,0.0,0.0,4678444992.0
2020-11-16,Asia,15199085.0,80701.0,268170.0,1495.0,3248.747,57.32,0.0,0.0,4678444992.0
2020-11-17,Asia,15293330.0,94245.0,269765.0,1595.0,3268.892,57.661,0.0,0.0,4678444992.0
2020-11-18,Asia,15400016.0,106686.0,271536.0,1771.0,3291.695,58.04,0.0,0.0,4678444992.0
2020-11-19,Asia,15506976.0,106960.0,273570.0,2034.0,3314.558,58.475,0.0,0.0,4678444992.0
2020-11-20,Asia,15615624.0,108648.0,275258.0,1688.0,3337.781,58.835,0.0,0.0,4678444992.0
2020-11-21,Asia,15719322.0,103698.0,276887.0,1629.0,3359.946,59.184,0.0,0.0,4678444992.0
2020-11-22,Asia,15824204.0,104882.0,278635.0,1748.0,3382.364,59.557,0.0,0.0,4678444992.0
2020-11-23,Asia,15920988.0,96784.0,280291.0,1656.0,3403.051,59.911,0.0,0.0,4678444992.0
2020-11-24,Asia,16028328.0,107340.0,281998.0,1707.0,3425.995,60.276,0.0,0.0,4678444992.0
2020-11-25,Asia,16138055.0,109727.0,283769.0,1771.0,3449.448,60.655,0.0,0.0,4678444992.0
2020-11-26,Asia,16276501.0,138446.0,285555.0,1786.0,3479.041,61.036,0.0,0.0,4678444992.0
2020-11-27,Asia,16422641.0,146140.0,287216.0,1661.0,3510.278,61.391,0.0,0.0,4678444992.0
2020-11-28,Asia,16550215.0,127574.0,288884.0,1668.0,3537.546,61.748,0.0,0.0,4678444992.0
2020-11-29,Asia,16675500.0,125285.0,290614.0,1730.0,3564.325,62.118,0.0,0.0,4678444992.0
2020-11-30,Asia,16791025.0,115525.0,292249.0,1635.0,3589.018,62.467,0.0,0.0,4678444992.0
2020-12-01,Asia,16913896.0,122871.0,293976.0,1727.0,3615.282,62.836,0.0,0.0,4678444992.0
2020-12-02,Asia,17041087.0,127191.0,295629.0,1653.0,3642.468,63.19,0.0,0.0,4678444992.0
2020-12-03,Asia,17172431.0,131344.0,297363.0,1734.0,3670.542,63.56,0.0,0.0,4678444992.0
2020-12-04,Asia,17298953.0,126522.0,299013.0,1650.0,3697.586,63.913,0.0,0.0,4678444992.0
2020-12-05,Asia,17422333.0,123380.0,300551.0,1538.0,3723.958,64.242,0.0,0.0,4678444992.0
2020-12-06,Asia,17541949.0,119616.0,302095.0,1544.0,3749.526,64.572,0.0,0.0,4678444992.0
2020-12-07,Asia,17650417.0,108468.0,303596.0,1501.0,3772.71,64.893,0.0,0.0,4678444992.0
2020-12-08,Asia,17768895.0,118478.0,305223.0,1627.0,3798.034,65.24,0.0,0.0,4678444992.0
2020-12-09,Asia,17887219.0,118324.0,306765.0,1542.0,3823.326,65.57,0.0,0.0,4678444992.0
2020-12-10,Asia,18795761.0,85317.0,308315.0,1550.0,4017.523,65.901,0.0,0.0,4678444992.0
2020-12-11,Asia,18910333.0,114572.0,309837.0,1522.0,4042.012,66.226,0.0,0.0,4678444992.0
2020-12-12,Asia,19020329.0,109996.0,311292.0,1455.0,4065.524,66.537,0.0,0.0,4678444992.0
2020-12-13,Asia,19119594.0,99265.0,312717.0,1425.0,4086.741,66.842,0.0,0.0,4678444992.0
2020-12-14,Asia,19214068.0,94474.0,314184.0,1467.0,4106.935,67.156,0.0,0.0,4678444992.0
2020-12-15,Asia,19321574.0,107506.0,315733.0,1549.0,4129.914,67.487,0.0,0.0,4678444992.0
2020-12-16,Asia,19428230.0,106656.0,317201.0,1468.0,4152.711,67.801,0.0,0.0,4678444992.0
2020-12-17,Asia,19530121.0,101891.0,318617.0,1416.0,4174.49,68.103,0.0,0.0,4678444992.0
2020-12-18,Asia,19630594.0,100473.0,319996.0,1379.0,4195.966,68.398,0.0,0.0,4678444992.0
2020-12-19,Asia,19726261.0,95667.0,321376.0,1380.0,4216.414,68.693,66.0,4.0,4678444992.0
2020-12-20,Asia,19813743.0,87482.0,322886.0,1510.0,4235.113,69.016,7455.0,4.0,4678444992.0
2020-12-21,Asia,19893157.0,79414.0,324332.0,1446.0,4252.087,69.325,32371.0,4.0,4678444992.0
2020-12-22,Asia,19983087.0,89930.0,325780.0,1448.0,4271.31,69.634,77020.0,4.0,4678444992.0
2020-12-23,Asia,20073120.0,90033.0,327190.0,1410.0,4290.554,69.936,178882.0,4.0,4678444992.0
2020-12-24,Asia,20161892.0,88772.0,328580.0,1390.0,4309.528,70.233,263397.0,4.0,4678444992.0
2020-12-25,Asia,20247955.0,86063.0,329897.0,1317.0,4327.924,70.514,302373.0,4.0,4678444992.0
2020-12-26,Asia,20323801.0,75846.0,331121.0,1224.0,4344.136,70.776,335993.0,4.0,4678444992.0
2020-12-27,Asia,20395325.0,71524.0,332530.0,1409.0,4359.424,71.077,442587.0,4.0,4678444992.0
2020-12-28,Asia,20465281.0,69956.0,333827.0,1297.0,4374.377,71.354,580686.0,4.0,4678444992.0
2020-12-29,Asia,20546997.0,81716.0,335220.0,1393.0,4391.843,71.652,739607.0,6.0,4678444992.0
2020-12-30,Asia,20630765.0,83768.0,336635.0,1415.0,4409.748,71.954,895784.0,6.0,4678444992.0
2020-12-31,Asia,20715879.0,85114.0,337852.0,1217.0,4427.941,72.215,1057092.0,6.0,4678444992.0
2021-01-01,Asia,20791260.0,75381.0,338978.0,1126.0,4444.054,72.455,1129205.0,6.0,4678444992.0
2021-01-02,Asia,20862067.0,70807.0,340112.0,1134.0,4459.188,72.698,1202375.0,6.0,4678444992.0
2021-01-03,Asia,20931264.0,69197.0,341277.0,1165.0,4473.979,72.947,1354260.0,6.0,4678444992.0
2021-01-04,Asia,21003665.0,72401.0,342345.0,1068.0,4489.454,73.175,1509239.0,7.0,4678444992.0
2021-01-05,Asia,21086347.0,82682.0,343576.0,1231.0,4507.127,73.438,1638684.0,12.0,4678444992.0
2021-01-06,Asia,21174127.0,87780.0,344644.0,1068.0,4525.89,73.666,1747812.0,16.0,4678444992.0
2021-01-07,Asia,21261858.0,87731.0,345786.0,1142.0,4544.642,73.91,1868478.0,24.0,4678444992.0
2021-01-08,Asia,21329400.0,67542.0,346682.0,896.0,4559.079,74.102,1941743.0,31.0,4678444992.0
2021-01-09,Asia,21434385.0,104985.0,347982.0,1300.0,4581.519,74.38,1992567.0,57.0,4678444992.0
2021-01-10,Asia,21510892.0,76507.0,348954.0,972.0,4597.872,74.588,2872843.0,256054.0,4678444992.0
2021-01-11,Asia,21585208.0,74316.0,349949.0,995.0,4613.757,74.8,2901795.0,275314.0,4678444992.0
2021-01-12,Asia,21667343.0,82135.0,351333.0,1384.0,4631.313,75.096,2936178.0,310981.0,4678444992.0
2021-01-13,Asia,21754649.0,87306.0,352665.0,1332.0,4649.974,75.381,2997985.0,367843.0,4678444992.0
2021-01-14,Asia,21840972.0,86323.0,353828.0,1163.0,4668.426,75.629,3068857.0,436669.0,4678444992.0
2021-01-15,Asia,21923545.0,82573.0,355031.0,1203.0,4686.075,75.887,3118218.0,472597.0,4678444992.0
2021-01-16,Asia,22009121.0,85576.0,356139.0,1108.0,4704.367,76.123,3355495.0,498602.0,4678444992.0
2021-01-17,Asia,22084292.0,75171.0,357186.0,1047.0,4720.434,76.347,3462066.0,583853.0,4678444992.0
2021-01-18,Asia,22149088.0,64796.0,358256.0,1070.0,4734.284,76.576,3770365.0,705563.0,4678444992.0
2021-01-19,Asia,22223881.0,74793.0,359482.0,1226.0,4750.271,76.838,4073000.0,844665.0,4678444992.0
2021-01-20,Asia,22305591.0,81710.0,360670.0,1189.0,4767.736,77.092,4291229.0,989916.0,4678444992.0
2021-01-21,Asia,22382062.0,76471.0,361916.0,1246.0,4784.081,77.358,4605716.0,1154306.0,4678444992.0
2021-01-22,Asia,22457782.0,75720.0,362965.0,1049.0,4800.266,77.582,5130443.0,1225412.0,4678444992.0
2021-01-23,Asia,22530937.0,73155.0,364012.0,1047.0,4815.903,77.806,5396776.0,1280109.0,4678444992.0
2021-01-24,Asia,22597860.0,66923.0,365033.0,1021.0,4830.207,78.024,5520916.0,1422861.0,4678444992.0
2021-01-25,Asia,22656597.0,58737.0,366153.0,1120.0,4842.762,78.264,6034865.0,1564186.0,4678444992.0
2021-01-26,Asia,22732765.0,76168.0,367375.0,1222.0,4859.043,78.525,6237399.0,1692176.0,4678444992.0
2021-01-27,Asia,22812764.0,79999.0,368639.0,1264.0,4876.142,78.795,6723647.0,1818035.0,4678444992.0
2021-01-28,Asia,22895652.0,82888.0,370000.0,1361.0,4893.859,79.086,7452356.0,1954090.0,4678444992.0
2021-01-29,Asia,22971507.0,75855.0,370969.0,969.0,4910.073,79.293,8117375.0,2025397.0,4678444992.0
2021-01-30,Asia,23045900.0,74393.0,372239.0,1270.0,4925.974,79.565,8513511.0,2077994.0,4678444992.0
2021-01-31,Asia,23113390.0,67490.0,373325.0,1086.0,4940.4,79.797,8650416.0,2139338.0,4678444992.0
2021-02-01,Asia,23179277.0,65887.0,374309.0,984.0,4954.483,80.007,9130559.0,2189630.0,4678444992.0
2021-02-02,Asia,23248607.0,69330.0,375428.0,1119.0,4969.302,80.246,9480997.0,2239787.0,4678444992.0
2021-02-03,Asia,23325751.0,77144.0,376433.0,1005.0,4985.791,80.461,9935999.0,2314549.0,4678444992.0
2021-02-04,Asia,23398587.0,72836.0,377453.0,1020.0,5001.36,80.679,10636937.0,2401962.0,4678444992.0
2021-02-05,Asia,23466839.0,68252.0,378366.0,913.0,5015.948,80.874,11571856.0,2460179.0,4678444992.0
2021-02-06,Asia,23536826.0,69987.0,379234.0,868.0,5030.908,81.06,12062888.0,2500558.0,4678444992.0
2021-02-07,Asia,23602910.0,66084.0,380111.0,877.0,5045.033,81.247,12207461.0,2571865.0,4678444992.0
2021-02-08,Asia,23662517.0,59607.0,381003.0,892.0,5057.774,81.438,12767923.0,2677026.0,4678444992.0
2021-02-09,Asia,23730525.0,68008.0,381940.0,937.0,5072.31,81.638,13395962.0,2803064.0,4678444992.0
2021-02-10,Asia,23801400.0,70875.0,382910.0,970.0,5087.46,81.846,14200308.0,2942297.0,4678444992.0
2021-02-11,Asia,23866406.0,65006.0,383746.0,836.0,5101.354,82.024,14846012.0,3083707.0,4678444992.0
2021-02-12,Asia,23933354.0,66948.0,384628.0,882.0,5115.664,82.213,18429251.0,3457803.0,4678444992.0
2021-02-13,Asia,23996395.0,63041.0,385486.0,858.0,5129.139,82.396,19184363.0,3686135.0,4678444992.0
2021-02-14,Asia,24055107.0,58712.0,386286.0,800.0,5141.689,82.567,19537006.0,3801303.0,4678444992.0
2021-02-15,Asia,24114466.0,59359.0,386987.0,701.0,5154.376,82.717,20674374.0,4158415.0,4678444992.0
2021-02-16,Asia,24183220.0,68754.0,387908.0,921.0,5169.072,82.914,21626080.0,4502600.0,4678444992.0
2021-02-17,Asia,24252676.0,69456.0,388773.0,865.0,5183.918,83.099,22803768.0,4879812.0,4678444992.0
2021-02-18,Asia,24319397.0,66721.0,389635.0,863.0,5198.18,83.283,24284253.0,5244254.0,4678444992.0
2021-02-19,Asia,24386652.0,67255.0,390553.0,918.0,5212.555,83.479,25044589.0,5698454.0,4678444992.0
2021-02-20,Asia,24449337.0,62685.0,391461.0,908.0,5225.954,83.673,26056858.0,6014348.0,4678444992.0
2021-02-21,Asia,24516722.0,67385.0,392245.0,784.0,5240.357,83.841,26386110.0,6208884.0,4678444992.0
2021-02-22,Asia,24584088.0,67366.0,392999.0,754.0,5254.756,84.002,27158880.0,6531173.0,4678444992.0
2021-02-23,Asia,24657673.0,73585.0,393944.0,945.0,5270.485,84.204,30792063.0,8899048.0,4678444992.0
2021-02-24,Asia,24734196.0,76523.0,395450.0,1506.0,5286.841,84.526,31738744.0,9256345.0,4678444992.0
2021-02-25,Asia,24810187.0,75991.0,396402.0,952.0,5303.084,84.729,32653429.0,9868882.0,4678444992.0
2021-02-26,Asia,24885083.0,74896.0,397370.0,968.0,5319.093,84.936,33396964.0,10433898.0,4678444992.0
2021-02-27,Asia,24955033.0,69950.0,398153.0,783.0,5334.044,85.104,33996569.0,10933604.0,4678444992.0
2021-02-28,Asia,25023010.0,67977.0,398982.0,829.0,5348.574,85.281,34409508.0,11048746.0,4678444992.0
2021-03-01,Asia,25092105.0,69095.0,399718.0,736.0,5363.343,85.438,35306199.0,11377465.0,4678444992.0
2021-03-02,Asia,25168637.0,76532.0,400599.0,881.0,5379.701,85.627,36855151.0,11773275.0,4678444992.0
2021-03-03,Asia,25249336.0,80699.0,401422.0,823.0,5396.95,85.802,38396005.0,12182131.0,4678444992.0
2021-03-04,Asia,25330404.0,81068.0,402230.0,808.0,5414.278,85.975,40046381.0,12725932.0,4678444992.0
2021-03-05,Asia,25411535.0,81131.0,403177.0,947.0,5431.62,86.178,41665637.0,13180746.0,4678444992.0
2021-03-06,Asia,25488934.0,77399.0,403869.0,692.0,5448.164,86.325,43022265.0,13724937.0,4678444992.0
2021-03-07,Asia,25566289.0,77355.0,404558.0,689.0,5464.698,86.473,43754076.0,13846971.0,4678444992.0
2021-03-08,Asia,25645697.0,79408.0,405510.0,952.0,5481.671,86.676,45904119.0,14277496.0,4678444992.0
2021-03-09,Asia,25728780.0,83083.0,406351.0,841.0,5499.43,86.856,47774450.0,14776186.0,4678444992.0
2021-03-10,Asia,25818672.0,89892.0,407151.0,800.0,5518.644,87.027,49947265.0,15342763.0,4678444992.0
2021-03-11,Asia,25910434.0,91762.0,407969.0,818.0,5538.258,87.202,50971679.0,15620517.0,4678444992.0
2021-03-12,Asia,26004187.0,93753.0,408849.0,880.0,5558.297,87.39,52951567.0,16326542.0,4678444992.0
2021-03-13,Asia,26092832.0,88645.0,409662.0,813.0,5577.245,87.564,54668935.0,16916898.0,4678444992.0
2021-03-14,Asia,26183549.0,90717.0,410468.0,806.0,5596.635,87.736,55432190.0,17089456.0,4678444992.0
2021-03-15,Asia,26277324.0,93775.0,411310.0,842.0,5616.679,87.916,58626119.0,18000058.0,4678444992.0
2021-03-16,Asia,26379569.0,102245.0,412289.0,979.0,5638.534,88.125,61214737.0,18981652.0,4678444992.0
2021-03-17,Asia,26495009.0,115440.0,413161.0,872.0,5663.208,88.312,63596128.0,20000827.0,4678444992.0
2021-03-18,Asia,26615269.0,120260.0,414123.0,963.0,5688.914,88.517,65935997.0,20802055.0,4678444992.0
2021-03-19,Asia,26736934.0,121665.0,415062.0,939.0,5714.919,88.718,70015095.0,21713085.0,4678444992.0
2021-03-20,Asia,26856684.0,119750.0,415944.0,882.0,5740.515,88.906,72749454.0,22342829.0,4678444992.0
2021-03-21,Asia,26981829.0,125145.0,419124.0,3180.0,5767.264,89.586,73723730.0,22537072.0,4678444992.0
2021-03-22,Asia,27102500.0,120671.0,420177.0,1053.0,5793.057,89.811,77370577.0,23184935.0,4678444992.0
2021-03-23,Asia,27236686.0,134186.0,421246.0,1069.0,5821.739,90.04,80022966.0,23946853.0,4678444992.0
2021-03-24,Asia,27383198.0,146512.0,422368.0,1122.0,5853.055,90.28,82856702.0,24803154.0,4678444992.0
2021-03-25,Asia,27538146.0,154948.0,423483.0,1115.0,5886.175,90.518,85722198.0,25601595.0,4678444992.0
2021-03-26,Asia,27694655.0,156509.0,424589.0,1106.0,5919.628,90.754,88922610.0,26290921.0,4678444992.0
2021-03-27,Asia,27847610.0,152955.0,425758.0,1169.0,5952.322,91.004,91523672.0,26710398.0,4678444992.0
2021-03-28,Asia,28010034.0,162424.0,426924.0,1166.0,5987.039,91.253,91966552.0,26805736.0,4678444992.0
2021-03-29,Asia,28163006.0,152972.0,428070.0,1146.0,6019.736,91.498,93292449.0,27162756.0,4678444992.0
2021-03-30,Asia,28324278.0,161272.0,429327.0,1261.0,6054.208,91.767,96136980.0,27815808.0,4678444992.0
2021-03-31,Asia,28507590.0,183312.0,430796.0,1469.0,6093.39,92.081,100011102.0,28615195.0,4678444992.0
2021-04-01,Asia,28706125.0,198535.0,432220.0,1424.0,6135.826,92.385,104157075.0,29592855.0,4678444992.0
2021-04-02,Asia,28916316.0,210191.0,433829.0,1609.0,6180.754,92.729,108484862.0,30123855.0,4678444992.0
2021-04-03,Asia,29125325.0,209009.0,435325.0,1496.0,6225.429,93.049,111669411.0,30685571.0,4678444992.0
2021-04-04,Asia,29349276.0,223951.0,437111.0,1786.0,6273.297,93.431,115049768.0,31040678.0,4678444992.0
2021-04-05,Asia,29558646.0,209370.0,438600.0,1489.0,6318.049,93.749,119599783.0,31894825.0,4678444992.0
2021-04-06,Asia,29805088.0,246442.0,440695.0,2095.0,6370.725,94.197,124236584.0,32660338.0,4678444992.0
2021-04-07,Asia,30073584.0,268496.0,442690.0,1995.0,6428.115,94.623,128224097.0,33437584.0,4678444992.0
2021-04-08,Asia,30353350.0,279766.0,444701.0,2011.0,6487.914,95.053,132929711.0,34403000.0,4678444992.0
2021-04-09,Asia,30646551.0,293201.0,446940.0,2239.0,6550.585,95.532,137258503.0,35396388.0,4678444992.0
2021-04-10,Asia,30936118.0,289567.0,449071.0,2131.0,6612.479,95.987,141037716.0,36271094.0,4678444992.0
2021-04-11,Asia,31242069.0,305951.0,451377.0,2306.0,6677.875,96.48,144304449.0,36907872.0,4678444992.0
2021-04-12,Asia,31544321.0,302252.0,453685.0,2308.0,6742.48,96.973,148629791.0,38048850.0,4678444992.0
2021-04-13,Asia,31876783.0,332462.0,456120.0,2435.0,6813.542,97.494,151783032.0,38756386.0,4678444992.0
2021-04-14,Asia,32232939.0,356156.0,458570.0,2450.0,6889.669,98.018,155688196.0,39629405.0,4678444992.0
2021-04-15,Asia,32605343.0,372404.0,461263.0,2693.0,6969.269,98.593,158513897.0,40889875.0,4678444992.0
2021-04-16,Asia,32994058.0,388715.0,464052.0,2789.0,7052.356,99.189,161353553.0,41817432.0,4678444992.0
2021-04-17,Asia,33402491.0,408486.0,466973.0,2921.0,7139.657,99.814,163903029.0,42653035.0,4678444992.0
2021-04-18,Asia,33817688.0,415197.0,470339.0,3366.0,7228.403,100.533,165793070.0,43488872.0,4678444992.0
2021-04-19,Asia,34217668.0,399980.0,473680.0,3341.0,7313.898,101.247,168837386.0,44908199.0,4678444992.0
2021-04-20,Asia,34665767.0,448099.0,477379.0,3699.0,7409.677,102.038,171507300.0,47176634.0,4678444992.0
2021-04-21,Asia,35138432.0,472665.0,481178.0,3799.0,7510.708,102.85,174499126.0,48125211.0,4678444992.0
2021-04-22,Asia,35621143.0,482711.0,485125.0,3947.0,7613.885,103.694,177568491.0,50062036.0,4678444992.0
2021-04-23,Asia,36107209.0,486066.0,489403.0,4278.0,7717.78,104.608,179080136.0,50731773.0,4678444992.0
2021-04-24,Asia,36580622.0,473413.0,493761.0,4358.0,7818.97,105.54,179840528.0,51207350.0,4678444992.0
2021-04-25,Asia,37054080.0,473458.0,498354.0,4593.0,7920.17,106.521,184421760.0,53753447.0,4678444992.0
2021-04-26,Asia,37495959.0,441879.0,502836.0,4482.0,8014.62,107.479,187392554.0,55681854.0,4678444992.0
2021-04-27,Asia,37985961.0,490002.0,507832.0,4996.0,8119.356,108.547,189866933.0,57644669.0,4678444992.0
2021-04-28,Asia,38494625.0,508664.0,513175.0,5343.0,8228.081,109.689,193615555.0,59542702.0,4678444992.0
2021-04-29,Asia,39006490.0,511865.0,518383.0,5208.0,8337.49,110.802,196772174.0,62044443.0,4678444992.0
2021-04-30,Asia,39524915.0,518425.0,523558.0,5175.0,8448.302,111.909,199341058.0,63776487.0,4678444992.0
2021-05-01,Asia,40023491.0,498576.0,528737.0,5179.0,8554.87,113.016,200637854.0,64724104.0,4678444992.0
2021-05-02,Asia,40499948.0,476457.0,533854.0,5117.0,8656.711,114.109,201327987.0,65300714.0,4678444992.0
2021-05-03,Asia,40959374.0,459426.0,538884.0,5030.0,8754.912,115.184,202953723.0,66796794.0,4678444992.0
2021-05-04,Asia,41446194.0,486820.0,544088.0,5204.0,8858.968,116.297,205356439.0,68991208.0,4678444992.0
2021-05-05,Asia,41965326.0,519132.0,549763.0,5675.0,8969.93,117.51,207412103.0,71066913.0,4678444992.0
2021-05-06,Asia,42489705.0,524379.0,555378.0,5615.0,9082.014,118.71,209832389.0,73273289.0,4678444992.0
2021-05-07,Asia,42994727.0,505022.0,561096.0,5718.0,9189.961,119.932,212289596.0,75741035.0,4678444992.0
2021-05-08,Asia,43493475.0,498748.0,566684.0,5588.0,9296.567,121.127,213960085.0,77462835.0,4678444992.0
2021-05-09,Asia,43949654.0,456179.0,572275.0,5591.0,9394.073,122.322,214897545.0,78142882.0,4678444992.0
2021-05-10,Asia,44369010.0,419356.0,577784.0,5509.0,9483.709,123.499,217942184.0,80275015.0,4678444992.0
2021-05-11,Asia,44812252.0,443242.0,583664.0,5880.0,9578.45,124.756,221109413.0,83627356.0,4678444992.0
2021-05-12,Asia,45264501.0,452249.0,589326.0,5662.0,9675.117,125.966,223016382.0,85283330.0,4678444992.0
2021-05-13,Asia,45695377.0,430876.0,594787.0,5461.0,9767.215,127.133,225038340.0,87140167.0,4678444992.0
2021-05-14,Asia,46094643.0,399266.0,600009.0,5222.0,9852.556,128.25,226705812.0,88294479.0,4678444992.0
2021-05-15,Asia,46477517.0,382874.0,605403.0,5394.0,9934.394,129.403,228473513.0,89222434.0,4678444992.0
2021-05-16,Asia,46833418.0,355901.0,611113.0,5710.0,10010.467,130.623,229736683.0,89698659.0,4678444992.0
2021-05-17,Asia,47180459.0,347041.0,617041.0,5928.0,10084.645,131.89,232344661.0,90897314.0,4678444992.0
2021-05-18,Asia,47532693.0,352234.0,623244.0,6203.0,10159.934,133.216,235139636.0,92684447.0,4678444992.0
2021-05-19,Asia,47896925.0,364232.0,628727.0,5483.0,10237.787,134.388,237237601.0,93687605.0,4678444992.0
2021-05-20,Asia,48243479.0,346554.0,634414.0,5687.0,10311.862,135.604,240445142.0,95128091.0,4678444992.0
2021-05-21,Asia,48587866.0,344387.0,640066.0,5652.0,10385.473,136.812,242496925.0,96524044.0,4678444992.0
2021-05-22,Asia,48908670.0,320804.0,645160.0,5094.0,10454.044,137.901,246024513.0,97428154.0,4678444992.0
2021-05-23,Asia,49204489.0,295819.0,650795.0,5635.0,10517.274,139.105,247654659.0,98028117.0,4678444992.0
2021-05-24,Asia,49481114.0,276625.0,655680.0,4885.0,10576.402,140.149,252218216.0,99162766.0,4678444992.0
2021-05-25,Asia,49773435.0,292321.0,661104.0,5424.0,10638.884,141.308,255184591.0,100172208.0,4678444992.0
2021-05-26,Asia,50064978.0,291543.0,666260.0,5156.0,10701.201,142.411,259458120.0,101019159.0,4678444992.0
2021-05-27,Asia,50335709.0,270731.0,671241.0,4981.0,10759.068,143.475,264618351.0,102228449.0,4678444992.0
2021-05-28,Asia,50593282.0,257573.0,676233.0,4992.0,10814.124,144.542,268366038.0,103122085.0,4678444992.0
2021-05-29,Asia,50834357.0,241075.0,680925.0,4692.0,10865.652,145.545,273184022.0,103880801.0,4678444992.0
2021-05-30,Asia,51062062.0,227705.0,685433.0,4508.0,10914.323,146.509,276035606.0,104636065.0,4678444992.0
2021-05-31,Asia,51265570.0,203508.0,689446.0,4013.0,10957.823,147.366,279326948.0,105626629.0,4678444992.0
2021-06-01,Asia,51471932.0,206362.0,693833.0,4387.0,11001.932,148.304,284523866.0,107025623.0,4678444992.0
2021-06-02,Asia,51683893.0,211961.0,698140.0,4307.0,11047.238,149.225,289319214.0,108217649.0,4678444992.0
2021-06-03,Asia,51894607.0,210714.0,702222.0,4082.0,11092.277,150.097,294194161.0,109399810.0,4678444992.0
2021-06-04,Asia,52089453.0,194846.0,706909.0,4687.0,11133.924,151.099,301182786.0,110595044.0,4678444992.0
2021-06-05,Asia,52271262.0,181809.0,710775.0,3866.0,11172.785,151.925,305206088.0,111703562.0,4678444992.0
2021-06-06,Asia,52436286.0,165024.0,714545.0,3770.0,11208.059,152.731,309047518.0,112405264.0,4678444992.0
2021-06-07,Asia,52584432.0,148146.0,717829.0,3284.0,11239.724,153.433,314334883.0,113371797.0,4678444992.0
2021-06-08,Asia,52745018.0,160586.0,721313.0,3484.0,11274.049,154.178,321854332.0,115080623.0,4678444992.0
2021-06-09,Asia,52911866.0,166848.0,724749.0,3436.0,11309.712,154.912,328606763.0,116540716.0,4678444992.0
2021-06-10,Asia,53077321.0,165455.0,733273.0,1150.0,11345.077,156.734,956841164.0,117981379.0,4678444992.0
2021-06-11,Asia,53235788.0,158467.0,738530.0,5257.0,11378.949,157.858,963003170.0,119329003.0,4678444992.0
2021-06-12,Asia,53382632.0,146844.0,742900.0,4370.0,11410.337,158.792,968866507.0,120752836.0,4678444992.0
2021-06-13,Asia,53522210.0,139578.0,748067.0,5167.0,11440.171,159.897,973937436.0,121967917.0,4678444992.0
2021-06-14,Asia,53653247.0,131037.0,751989.0,3924.0,11468.18,160.735,980174830.0,123856213.0,4678444992.0
2021-06-15,Asia,53786528.0,133281.0,755675.0,3686.0,11496.668,161.523,987873128.0,126377335.0,4678444992.0
2021-06-16,Asia,53926344.0,139816.0,759137.0,3462.0,11526.553,162.263,995027358.0,128335751.0,4678444992.0
2021-06-17,Asia,54069225.0,142881.0,762038.0,2902.0,11557.093,162.883,1003450633.0,130281685.0,4678444992.0
2021-06-18,Asia,54206289.0,137064.0,764862.0,2824.0,11586.39,163.486,1010165198.0,131982327.0,4678444992.0
2021-06-19,Asia,54334173.0,127884.0,767545.0,2683.0,11613.725,164.06,1016662932.0,133595041.0,4678444992.0
2021-06-20,Asia,54464934.0,130761.0,770350.0,2805.0,11641.675,164.659,1022705164.0,134984770.0,4678444992.0
2021-06-21,Asia,54584017.0,119083.0,772746.0,2396.0,11667.128,165.172,1034852626.0,137222786.0,4678444992.0
2021-06-22,Asia,54717433.0,133416.0,775328.0,2582.0,11695.645,165.723,1043410606.0,139253031.0,4678444992.0
2021-06-23,Asia,54854313.0,136880.0,777986.0,2658.0,11724.903,166.292,1049473336.0,140938983.0,4678444992.0
2021-06-24,Asia,54997245.0,142932.0,780600.0,2614.0,11755.454,166.85,1058725874.0,143121939.0,4678444992.0
2021-06-25,Asia,55133000.0,135755.0,783084.0,2484.0,11784.471,167.381,1067748028.0,145476920.0,4678444992.0
2021-06-26,Asia,55263823.0,130823.0,785534.0,2450.0,11812.434,167.905,1077135854.0,147827229.0,4678444992.0
2021-06-27,Asia,55400675.0,136852.0,787988.0,2454.0,11841.686,168.429,1099158529.0,151110488.0,4678444992.0
2021-06-28,Asia,55531437.0,130762.0,790189.0,2201.0,11869.636,168.9,1104858668.0,153347135.0,4678444992.0
2021-06-29,Asia,55672812.0,141375.0,792436.0,2247.0,11899.854,169.38,1112688221.0,157013798.0,4678444992.0
2021-06-30,Asia,55821997.0,149185.0,794887.0,2451.0,11931.742,169.904,1117932676.0,159405648.0,4678444992.0
2021-07-01,Asia,55977034.0,155037.0,797278.0,2391.0,11964.88,170.415,1129081147.0,162322348.0,4678444992.0
2021-07-02,Asia,56127275.0,150241.0,799583.0,2305.0,11996.994,170.908,1132527057.0,164327067.0,4678444992.0
2021-07-03,Asia,56267831.0,140556.0,801901.0,2318.0,12027.037,171.403,1141587983.0,169239591.0,4678444992.0
2021-07-04,Asia,56413058.0,145227.0,804426.0,2526.0,12058.079,171.943,1147705440.0,171485050.0,4678444992.0
2021-07-05,Asia,56563734.0,150676.0,806477.0,2051.0,12090.285,172.381,1155303917.0,177150340.0,4678444992.0
2021-07-06,Asia,56728050.0,164316.0,809186.0,2709.0,12125.407,172.96,1160697340.0,179985687.0,4678444992.0
2021-07-07,Asia,56900878.0,172828.0,812144.0,2958.0,12162.348,173.593,1167482808.0,183274494.0,4678444992.0
2021-07-08,Asia,57081656.0,180778.0,815102.0,2958.0,12200.989,174.225,1178527870.0,188695364.0,4678444992.0
2021-07-09,Asia,57261051.0,179395.0,818245.0,3143.0,12239.334,174.897,1182016093.0,190808306.0,4678444992.0
2021-07-10,Asia,57430038.0,168987.0,821046.0,2801.0,12275.454,175.495,1189574433.0,195107728.0,4678444992.0
2021-07-11,Asia,57603122.0,173084.0,824173.0,3127.0,12312.45,176.164,1193237258.0,197404973.0,4678444992.0
2021-07-12,Asia,57780083.0,176961.0,828231.0,4058.0,12350.275,177.031,1198518118.0,200970426.0,4678444992.0
2021-07-13,Asia,57976655.0,196572.0,830853.0,2622.0,12392.292,177.592,1207451419.0,205398040.0,4678444992.0
2021-07-14,Asia,58185695.0,209040.0,833736.0,2883.0,12436.973,178.208,1214933043.0,209632015.0,4678444992.0
2021-07-15,Asia,58406692.0,220997.0,836638.0,2902.0,12484.21,178.828,1221935750.0,214336736.0,4678444992.0
2021-07-16,Asia,58617082.0,210390.0,839769.0,3131.0,12529.181,179.497,1228279725.0,218235667.0,4678444992.0
2021-07-17,Asia,58818574.0,201492.0,842711.0,2942.0,12572.249,180.126,1234898553.0,222481041.0,4678444992.0
2021-07-18,Asia,59011328.0,192754.0,846026.0,3315.0,12613.449,180.835,1237076650.0,224275078.0,4678444992.0
2021-07-19,Asia,59192168.0,180840.0,849298.0,3272.0,12652.103,181.534,1245419984.0,229070599.0,4678444992.0
2021-07-20,Asia,59412555.0,220387.0,855957.0,6659.0,12699.21,182.958,1252138538.0,231955803.0,4678444992.0
2021-07-21,Asia,59614228.0,201673.0,859264.0,3307.0,12742.317,183.664,1256223101.0,235277813.0,4678444992.0
2021-07-22,Asia,59818451.0,204223.0,862519.0,3255.0,12785.969,184.36,1262647376.0,239458497.0,4678444992.0
2021-07-23,Asia,60095270.0,276819.0,865940.0,3421.0,12845.138,185.091,1268138534.0,243243364.0,4678444992.0
2021-07-24,Asia,60245852.0,209962.0,869614.0,3677.0,12877.324,185.877,1273460719.0,247340529.0,4678444992.0
2021-07-25,Asia,60481158.0,235306.0,873636.0,4022.0,12927.62,186.736,1277584904.0,251246892.0,4678444992.0
2021-07-26,Asia,60696197.0,215039.0,877408.0,3772.0,12973.584,187.543,1289186501.0,258525342.0,4678444992.0
2021-07-27,Asia,60964161.0,267964.0,881884.0,4476.0,13030.86,188.499,1296085003.0,263531076.0,4678444992.0
2021-07-28,Asia,61237960.0,273799.0,886234.0,4350.0,13089.383,189.429,1304008492.0,267935145.0,4678444992.0
2021-07-29,Asia,61512866.0,274906.0,890897.0,4663.0,13148.143,190.426,1313274684.0,274593638.0,4678444992.0
2021-07-30,Asia,61770407.0,257541.0,895121.0,4224.0,13203.192,191.329,1322129754.0,279319474.0,4678444992.0
2021-07-31,Asia,62012782.0,242375.0,899502.0,4381.0,13254.999,192.265,1327190609.0,282130201.0,4678444992.0
2021-08-01,Asia,62269610.0,256828.0,903444.0,3942.0,13309.895,193.108,1339154584.0,286388454.0,4678444992.0
2021-08-02,Asia,62496575.0,226965.0,907397.0,3953.0,13358.408,193.953,1346098245.0,290436612.0,4678444992.0
2021-08-03,Asia,62780751.0,284176.0,912157.0,4760.0,13419.149,194.97,1362286117.0,297171980.0,4678444992.0
2021-08-04,Asia,63064936.0,284185.0,916756.0,4599.0,13479.893,195.953,1373637495.0,301661919.0,4678444992.0
2021-08-05,Asia,63348704.0,283768.0,922255.0,5499.0,13540.547,197.129,1383439878.0,306303340.0,4678444992.0
2021-08-06,Asia,63628434.0,279730.0,926993.0,4738.0,13600.338,198.141,1391734719.0,309906857.0,4678444992.0
2021-08-07,Asia,63888424.0,259990.0,931331.0,4338.0,13655.91,199.068,1399150729.0,313318851.0,4678444992.0
2021-08-08,Asia,64144601.0,256177.0,935691.0,4360.0,13710.667,200.0,1407611839.0,316585294.0,4678444992.0
2021-08-09,Asia,64385464.0,240863.0,940048.0,4357.0,13762.15,200.932,1422046776.0,328335205.0,4678444992.0
2021-08-10,Asia,64656886.0,271422.0,946001.0,5953.0,13820.166,202.204,1432042381.0,334725111.0,4678444992.0
2021-08-11,Asia,64949835.0,292949.0,950627.0,4626.0,13882.783,203.193,1442000428.0,340402775.0,4678444992.0
2021-08-12,Asia,65216188.0,266353.0,955312.0,4685.0,13939.715,204.194,1447369258.0,1122398140.0,4678444992.0
2021-08-13,Asia,65511234.0,295046.0,959943.0,4631.0,14002.78,205.184,1461756184.0,1128972088.0,4678444992.0
2021-08-14,Asia,65764964.0,253730.0,964242.0,4299.0,14057.013,206.103,1470039209.0,1133428365.0,4678444992.0
2021-08-15,Asia,66021877.0,256913.0,968674.0,4432.0,14111.928,207.05,1477776502.0,1136693575.0,4678444992.0
2021-08-16,Asia,66262750.0,240873.0,973893.0,5219.0,14163.413,208.166,1490349220.0,1141617999.0,4678444992.0
2021-08-17,Asia,66538765.0,276015.0,978222.0,4329.0,14222.41,209.091,1500527021.0,1148125944.0,4678444992.0
2021-08-18,Asia,66802115.0,263350.0,982538.0,4316.0,14278.701,210.014,1508683072.0,1152942989.0,4678444992.0
2021-08-19,Asia,67070596.0,268481.0,987404.0,4866.0,14336.087,211.054,1515909577.0,1157552305.0,4678444992.0
2021-08-20,Asia,67335016.0,264420.0,991913.0,4509.0,14392.606,212.018,1524670347.0,1164005464.0,4678444992.0
2021-08-21,Asia,67578422.0,243406.0,996238.0,4325.0,14444.633,212.942,1533024456.0,1167683757.0,4678444992.0
2021-08-22,Asia,67811456.0,233034.0,1000872.0,4634.0,14494.443,213.933,1539038372.0,1172457864.0,4678444992.0
2021-08-23,Asia,68040335.0,228879.0,1005704.0,4832.0,14543.365,214.965,1543251531.0,1176116625.0,4678444992.0
2021-08-24,Asia,68306078.0,265743.0,1010324.0,4620.0,14600.167,215.953,1555252547.0,1185596716.0,4678444992.0
2021-08-25,Asia,68588834.0,282756.0,1014922.0,4598.0,14660.605,216.936,1564904887.0,1191288066.0,4678444992.0
2021-08-26,Asia,68866928.0,278094.0,1019328.0,4406.0,14720.047,217.878,2026575224.0,1310425426.0,4678444992.0
2021-08-27,Asia,69139003.0,272075.0,1023329.0,4001.0,14778.202,218.733,2037971476.0,1316784919.0,4678444992.0
2021-08-28,Asia,69392971.0,253968.0,1027125.0,3796.0,14832.486,219.544,2047809774.0,1321910146.0,4678444992.0
2021-08-29,Asia,69632325.0,239354.0,1030740.0,3615.0,14883.647,220.317,2063387613.0,1333495417.0,4678444992.0
2021-08-30,Asia,69868746.0,236421.0,1034860.0,4120.0,14934.181,221.197,2072250338.0,1339482586.0,4678444992.0
2021-08-31,Asia,70108315.0,239569.0,1037898.0,3319.0,14985.388,221.847,2082417885.0,1347410249.0,4678444992.0
2021-09-01,Asia,70369980.0,261665.0,1043340.0,5442.0,15041.318,223.01,2099427705.0,1356223573.0,4678444992.0
2021-09-02,Asia,70616872.0,246892.0,1046381.0,3041.0,15094.09,223.66,2109371715.0,1362825338.0,4678444992.0
2021-09-03,Asia,70864165.0,247294.0,1050663.0,4282.0,15146.948,224.575,2116443492.0,1367939930.0,4678444992.0
2021-09-04,Asia,71084150.0,219985.0,1054120.0,3457.0,15193.969,225.314,2120056644.0,1371291044.0,4678444992.0
2021-09-05,Asia,71310596.0,226446.0,1057614.0,3494.0,15242.371,226.061,2128971574.0,1378974992.0,4678444992.0
2021-09-06,Asia,71509272.0,198676.0,1061702.0,4088.0,15284.838,226.935,2159665036.0,1464902207.0,4678444992.0
2021-09-07,Asia,71727405.0,218133.0,1065465.0,3763.0,15331.463,227.739,2174536182.0,1473212042.0,4678444992.0
2021-09-08,Asia,71965436.0,238031.0,1069230.0,3765.0,15382.341,228.544,2189864563.0,1485601433.0,4678444992.0
2021-09-09,Asia,72189677.0,224241.0,1072318.0,3088.0,15430.272,229.204,2209220072.0,1495487972.0,4678444992.0
2021-09-10,Asia,72401700.0,212023.0,1075374.0,3056.0,15475.591,229.857,2216044044.0,1499575749.0,4678444992.0
2021-09-11,Asia,72602100.0,200400.0,1078533.0,3159.0,15518.425,230.532,2226479228.0,1508029609.0,4678444992.0
2021-09-12,Asia,72787765.0,185665.0,1081233.0,2700.0,15558.111,231.109,2238898380.0,1517382472.0,4678444992.0
2021-09-13,Asia,72975922.0,188157.0,1084954.0,3721.0,15598.329,231.905,2249746588.0,1524994019.0,4678444992.0
2021-09-14,Asia,73170554.0,194632.0,1087937.0,2983.0,15639.93,232.542,2257073060.0,1530449621.0,4678444992.0
2021-09-15,Asia,73368197.0,197643.0,1091010.0,3073.0,15682.176,233.199,2266112157.0,1580045043.0,4678444992.0
2021-09-16,Asia,73567903.0,199706.0,1094035.0,3025.0,15724.862,233.846,2276351945.0,1588212854.0,4678444992.0
2021-09-17,Asia,73759402.0,191499.0,1096850.0,2815.0,15765.794,234.448,2284023492.0,1594745976.0,4678444992.0
2021-09-18,Asia,73940761.0,181359.0,1099412.0,2562.0,15804.559,234.995,2309406888.0,1616297123.0,4678444992.0
2021-09-19,Asia,74113537.0,172776.0,1101894.0,2482.0,15841.489,235.526,2317570598.0,1623110438.0,4678444992.0
2021-09-20,Asia,74284118.0,170581.0,1104717.0,2823.0,15877.951,236.129,2327612578.0,1630681177.0,4678444992.0
2021-09-21,Asia,74462552.0,178434.0,1107286.0,2569.0,15916.09,236.678,2337591700.0,1638675238.0,4678444992.0
2021-09-22,Asia,74641320.0,178768.0,1109834.0,2548.0,15954.301,237.223,2345193536.0,1644180940.0,4678444992.0
2021-09-23,Asia,74819620.0,178300.0,1112032.0,2198.0,15992.412,237.693,2355164428.0,1652543362.0,4678444992.0
2021-09-24,Asia,74989156.0,169536.0,1114072.0,2040.0,16028.65,238.129,2365166972.0,1659559672.0,4678444992.0
2021-09-25,Asia,75148965.0,159809.0,1116024.0,1952.0,16062.808,238.546,2371437388.0,1664098584.0,4678444992.0
2021-09-26,Asia,75306595.0,157630.0,1117924.0,1900.0,16096.501,238.952,2377542297.0,1670574071.0,4678444992.0
2021-09-27,Asia,75449252.0,142657.0,1120155.0,2231.0,16126.994,239.429,2397579703.0,1683400306.0,4678444992.0
2021-09-28,Asia,75589544.0,140292.0,1122394.0,2239.0,16156.98,239.907,2404990154.0,1715442562.0,4678444992.0
2021-09-29,Asia,75741490.0,151946.0,1124794.0,2400.0,16189.458,240.42,2419036052.0,1722182936.0,4678444992.0
2021-09-30,Asia,75902278.0,160788.0,1126782.0,1988.0,16223.826,240.845,2430350528.0,1730901382.0,4678444992.0
2021-10-01,Asia,76055238.0,152960.0,1128588.0,1806.0,16256.521,241.231,2437672492.0,1736729343.0,4678444992.0
2021-10-02,Asia,76191697.0,136459.0,1130296.0,1708.0,16285.688,241.597,2445393939.0,1742511254.0,4678444992.0
2021-10-03,Asia,76319233.0,127536.0,1131744.0,1448.0,16312.949,241.906,2456589527.0,1749819092.0,4678444992.0
2021-10-04,Asia,76443549.0,124316.0,1133651.0,1907.0,16339.521,242.314,2463909515.0,1758375411.0,4678444992.0
2021-10-05,Asia,76575337.0,131788.0,1135251.0,1600.0,16367.69,242.656,2474970408.0,1771926529.0,4678444992.0
2021-10-06,Asia,76740298.0,164961.0,1137125.0,1874.0,16402.95,243.056,2480846092.0,1778543080.0,4678444992.0
2021-10-07,Asia,76873292.0,132994.0,1138698.0,1573.0,16431.377,243.392,2486026245.0,1784922366.0,4678444992.0
2021-10-08,Asia,77007049.0,133757.0,1140516.0,1818.0,16459.967,243.781,2494103849.0,1793826024.0,4678444992.0
2021-10-09,Asia,77127808.0,120782.0,1142047.0,1531.0,16485.779,244.108,2500690255.0,1800005273.0,4678444992.0
2021-10-10,Asia,77247944.0,120136.0,1143418.0,1371.0,16511.457,244.401,2512807789.0,1811426966.0,4678444992.0
2021-10-11,Asia,77360139.0,112195.0,1144899.0,1481.0,16535.438,244.718,2518569718.0,1818698740.0,4678444992.0
2021-10-12,Asia,77487434.0,127295.0,1146569.0,1670.0,16562.647,245.075,2525886706.0,1826803869.0,4678444992.0
2021-10-13,Asia,77615590.0,128156.0,1148129.0,1560.0,16590.04,245.408,2531912081.0,1833376247.0,4678444992.0
2021-10-14,Asia,77742987.0,127397.0,1149793.0,1664.0,16617.271,245.764,2537720112.0,1838829777.0,4678444992.0
2021-10-15,Asia,77864981.0,121994.0,1151265.0,1472.0,16643.346,246.079,2541282976.0,1843484233.0,4678444992.0
2021-10-16,Asia,77974161.0,109180.0,1152553.0,1288.0,16666.683,246.354,2545915452.0,1847113015.0,4678444992.0
2021-10-17,Asia,78083998.0,109837.0,1153751.0,1198.0,16690.161,246.61,2554591394.0,1853838362.0,4678444992.0
2021-10-18,Asia,78189566.0,105568.0,1155116.0,1365.0,16712.725,246.902,2562924649.0,1864517357.0,4678444992.0
2021-10-19,Asia,78306832.0,117266.0,1156562.0,1446.0,16737.79,247.211,2570851039.0,1873582524.0,4678444992.0
2021-10-20,Asia,78424442.0,117610.0,1157709.0,1147.0,16762.929,247.456,2582556364.0,1884167904.0,4678444992.0
2021-10-21,Asia,78536504.0,112062.0,1159204.0,1495.0,16786.882,247.775,2594933865.0,1892491935.0,4678444992.0
2021-10-22,Asia,78653110.0,116606.0,1161173.0,1969.0,16811.806,248.196,2601617343.0,1900584662.0,4678444992.0
2021-10-23,Asia,78756578.0,103468.0,1162653.0,1480.0,16833.922,248.513,2609008555.0,1928768540.0,4678444992.0
2021-10-24,Asia,78858848.0,102270.0,1164155.0,1502.0,16855.782,248.834,2615017343.0,1937388241.0,4678444992.0
2021-10-25,Asia,78952901.0,94053.0,1165723.0,1568.0,16875.885,249.169,2619328318.0,1942711860.0,4678444992.0
2021-10-26,Asia,79058676.0,105775.0,1167435.0,1712.0,16898.494,249.535,2625149933.0,1949881372.0,4678444992.0
2021-10-27,Asia,79170599.0,111923.0,1169435.0,2000.0,16922.417,249.962,2630550077.0,1956671583.0,4678444992.0
2021-10-28,Asia,79279034.0,108435.0,1171472.0,2037.0,16945.595,250.398,2637142514.0,1964881172.0,4678444992.0
2021-10-29,Asia,79386735.0,107701.0,1172953.0,1481.0,16968.616,250.714,2644786113.0,1978739919.0,4678444992.0
2021-10-30,Asia,79482556.0,95821.0,1174696.0,1743.0,16989.097,251.087,2650186098.0,1985359537.0,4678444992.0
2021-10-31,Asia,79597567.0,115011.0,1175927.0,1231.0,17013.68,251.35,2656301480.0,2000177328.0,4678444992.0
2021-11-01,Asia,79690420.0,92853.0,1177426.0,1499.0,17033.527,251.67,2661658884.0,2007422862.0,4678444992.0
2021-11-02,Asia,79796995.0,106575.0,1178852.0,1426.0,17056.307,251.975,2666217873.0,2014502589.0,4678444992.0
2021-11-03,Asia,79906725.0,109730.0,1180432.0,1580.0,17079.762,252.313,2671509108.0,2021403544.0,4678444992.0
2021-11-04,Asia,80014224.0,107499.0,1181830.0,1398.0,17102.739,252.612,2676166494.0,2026369917.0,4678444992.0
2021-11-05,Asia,80113744.0,99520.0,1183360.0,1530.0,17124.011,252.939,2680249781.0,2033345491.0,4678444992.0
2021-11-06,Asia,80210349.0,96605.0,1184880.0,1520.0,17144.66,253.264,2684207047.0,2037640785.0,4678444992.0
2021-11-07,Asia,80301642.0,91293.0,1186120.0,1240.0,17164.174,253.529,2689364797.0,2043388012.0,4678444992.0
2021-11-08,Asia,80392485.0,90843.0,1187456.0,1336.0,17183.591,253.814,2694335087.0,2049393291.0,4678444992.0
2021-11-09,Asia,80493015.0,100530.0,1188899.0,1443.0,17205.079,254.123,2700980654.0,2058041253.0,4678444992.0
2021-11-10,Asia,80595812.0,102797.0,1190244.0,1345.0,17227.051,254.41,2707573398.0,2065026347.0,4678444992.0
2021-11-11,Asia,80692670.0,96858.0,1191830.0,1586.0,17247.754,254.749,2720708301.0,2074451035.0,4678444992.0
2021-11-12,Asia,80788162.0,95492.0,1193468.0,1638.0,17268.165,255.099,2725557561.0,2084978175.0,4678444992.0
2021-11-13,Asia,80874070.0,85908.0,1194823.0,1355.0,17286.528,255.389,2731265402.0,2095348520.0,4678444992.0
2021-11-14,Asia,80956851.0,82781.0,1196050.0,1227.0,17304.222,255.651,2737142585.0,2103308429.0,4678444992.0
2021-11-15,Asia,81041255.0,84404.0,1197321.0,1271.0,17322.263,255.923,2740757765.0,2109096935.0,4678444992.0
2021-11-16,Asia,81129206.0,87951.0,1198654.0,1333.0,17341.062,256.208,2744880715.0,2115855146.0,4678444992.0
2021-11-17,Asia,81225134.0,95928.0,1200348.0,1694.0,17361.567,256.57,2749828850.0,2123693834.0,4678444992.0
2021-11-18,Asia,81319308.0,94174.0,1202051.0,1703.0,17381.696,256.934,2753403014.0,2132910797.0,4678444992.0
2021-11-19,Asia,81409429.0,90121.0,1203416.0,1365.0,17400.959,257.226,2881690135.0,2140825859.0,4678444992.0
2021-11-20,Asia,81497900.0,88471.0,1204783.0,1367.0,17419.869,257.518,2887152740.0,2150496127.0,4678444992.0
2021-11-21,Asia,81578332.0,80432.0,1205945.0,1162.0,17437.061,257.766,2891453888.0,2158091487.0,4678444992.0
2021-11-22,Asia,81658072.0,79740.0,1207330.0,1385.0,17454.105,258.062,2895673093.0,2165083653.0,4678444992.0
2021-11-23,Asia,81779172.0,122249.0,1208925.0,1595.0,17479.99,258.403,2900770416.0,2172732166.0,4678444992.0
2021-11-24,Asia,81873665.0,94493.0,1210362.0,1437.0,17500.188,258.71,2909050299.0,2183171739.0,4678444992.0
2021-11-25,Asia,81966595.0,92930.0,1211961.0,1599.0,17520.051,259.052,2912726722.0,2188807173.0,4678444992.0
2021-11-26,Asia,82057361.0,90766.0,1213451.0,1490.0,17539.452,259.371,2919016613.0,2198812601.0,4678444992.0
2021-11-27,Asia,82145401.0,88040.0,1215062.0,1611.0,17558.27,259.715,2923720317.0,2204292620.0,4678444992.0
2021-11-28,Asia,82224571.0,79170.0,1216288.0,1226.0,17575.192,259.977,2929950125.0,2215762760.0,4678444992.0
2021-11-29,Asia,82304808.0,80237.0,1217513.0,1225.0,17592.343,260.239,2935060769.0,2255915477.0,4678444992.0
2021-11-30,Asia,82395373.0,90565.0,1218767.0,1254.0,17611.701,260.507,2941428248.0,2266594198.0,4678444992.0
2021-12-01,Asia,82487252.0,91879.0,1220336.0,1569.0,17631.34,260.842,2949434417.0,2276496711.0,4678444992.0
2021-12-02,Asia,82574248.0,86996.0,1221644.0,1308.0,17649.935,261.122,2970773783.0,2318853319.0,4678444992.0
2021-12-03,Asia,82655910.0,81662.0,1223118.0,1474.0,17667.39,261.437,2974027551.0,2339048480.0,4678444992.0
2021-12-04,Asia,82730805.0,74895.0,1224198.0,1080.0,17683.398,261.668,2979522797.0,2348934087.0,4678444992.0
2021-12-05,Asia,82817775.0,86970.0,1228172.0,3974.0,17701.988,262.517,2984360168.0,2356967035.0,4678444992.0
2021-12-06,Asia,82893208.0,75433.0,1229401.0,1229.0,17718.111,262.78,2988351096.0,2363169392.0,4678444992.0
2021-12-07,Asia,82980936.0,87728.0,1230616.0,1215.0,17736.863,263.04,2992310505.0,2370484780.0,4678444992.0
2021-12-08,Asia,83067063.0,86127.0,1231824.0,1208.0,17755.272,263.298,2997202978.0,2381075487.0,4678444992.0
2021-12-09,Asia,83150875.0,83812.0,1233282.0,1458.0,17773.186,263.609,3002075075.0,2393349605.0,4678444992.0
2021-12-10,Asia,83231647.0,80790.0,1234587.0,1305.0,17790.451,263.888,3004967290.0,2435649339.0,4678444992.0
2021-12-11,Asia,83309417.0,77770.0,1236086.0,1499.0,17807.074,264.209,3011968286.0,2448826568.0,4678444992.0
2021-12-12,Asia,83381318.0,71901.0,1237245.0,1159.0,17822.443,264.456,3015403412.0,2459388221.0,4678444992.0
2021-12-13,Asia,83452126.0,70808.0,1238445.0,1200.0,17837.578,264.713,3017744151.0,2465417381.0,4678444992.0
2021-12-14,Asia,83534214.0,82088.0,1239592.0,1147.0,17855.124,264.958,3022587329.0,2475420785.0,4678444992.0
2021-12-15,Asia,83614093.0,79879.0,1240918.0,1326.0,17872.198,265.242,3026032528.0,2482628006.0,4678444992.0
2021-12-16,Asia,83709455.0,95362.0,1242194.0,1276.0,17892.581,265.514,3028784823.0,2488140387.0,4678444992.0
2021-12-17,Asia,83776916.0,67461.0,1243073.0,879.0,17907.0,265.702,3032668246.0,2520012399.0,4678444992.0
2021-12-18,Asia,83846808.0,69892.0,1244287.0,1214.0,17921.939,265.962,3035719462.0,2526656058.0,4678444992.0
2021-12-19,Asia,83921428.0,74620.0,1245473.0,1186.0,17937.889,266.215,3039800007.0,2540664000.0,4678444992.0
2021-12-20,Asia,83987654.0,66226.0,1246756.0,1283.0,17952.045,266.489,3043922555.0,2546657327.0,4678444992.0
2021-12-21,Asia,84062727.0,75084.0,1247978.0,1222.0,17968.091,266.751,3047695508.0,2554827942.0,4678444992.0
2021-12-22,Asia,84138070.0,75343.0,1249351.0,1373.0,17984.196,267.044,3050375562.0,2558955431.0,4678444992.0
2021-12-23,Asia,84209972.0,71902.0,1250675.0,1324.0,17999.564,267.327,3054148626.0,2565791190.0,4678444992.0
2021-12-24,Asia,84283741.0,73769.0,1251925.0,1250.0,18015.332,267.594,3058563728.0,2573676023.0,4678444992.0
2021-12-25,Asia,84354246.0,70505.0,1252846.0,921.0,18030.402,267.791,3061932089.0,2591229722.0,4678444992.0
2021-12-26,Asia,84421638.0,67392.0,1254052.0,1206.0,18044.807,268.049,3063358850.0,2596130909.0,4678444992.0
2021-12-27,Asia,84496164.0,74526.0,1255100.0,1048.0,18060.737,268.273,3067931872.0,2600977274.0,4678444992.0
2021-12-28,Asia,84585606.0,89442.0,1256174.0,1074.0,18079.855,268.502,3106954749.0,2616344884.0,4678444992.0
2021-12-29,Asia,84686673.0,101067.0,1257112.0,938.0,18101.457,268.703,3110527100.0,2624293782.0,4678444992.0
2021-12-30,Asia,84804124.0,117451.0,1258417.0,1307.0,18126.562,268.982,3114717659.0,2643323433.0,4678444992.0
2021-12-31,Asia,84923706.0,119582.0,1259664.0,1247.0,18152.122,269.248,3118337700.0,2651918587.0,4678444992.0
2022-01-01,Asia,85041654.0,117948.0,1260658.0,994.0,18177.333,269.461,3122479743.0,2658745009.0,4678444992.0
2022-01-02,Asia,85161078.0,119424.0,1261425.0,767.0,18202.86,269.625,3127670228.0,2660904962.0,4678444992.0
2022-01-03,Asia,85302815.0,141743.0,1262206.0,781.0,18233.155,269.792,3135378364.0,2667189656.0,4678444992.0
2022-01-04,Asia,85492121.0,189306.0,1263528.0,1322.0,18273.619,270.074,3144078427.0,2673060610.0,4678444992.0
2022-01-05,Asia,85741154.0,249033.0,1264586.0,1058.0,18326.849,270.3,3152103918.0,2677884934.0,4678444992.0
2022-01-06,Asia,86042987.0,301833.0,1265549.0,963.0,18391.364,270.506,3159987308.0,2688876077.0,4678444992.0
2022-01-07,Asia,86361416.0,318429.0,1266627.0,1078.0,18459.427,270.737,3172159387.0,2698300508.0,4678444992.0
2022-01-08,Asia,86718548.0,357132.0,1267840.0,1213.0,18535.763,270.996,3174519046.0,2700121130.0,4678444992.0
2022-01-09,Asia,87092921.0,374373.0,1268614.0,774.0,18615.784,271.161,3181157207.0,2707324248.0,4678444992.0
2022-01-10,Asia,87497040.0,404119.0,1269683.0,1069.0,18702.163,271.39,3199001146.0,2726677997.0,4678444992.0
2022-01-11,Asia,87921509.0,424469.0,1271037.0,1354.0,18792.891,271.679,3207133145.0,2735124193.0,4678444992.0
2022-01-12,Asia,88491790.0,570281.0,1272186.0,1149.0,18914.787,271.925,3215567750.0,2740906190.0,4678444992.0
2022-01-13,Asia,89012740.0,520950.0,1273304.0,1118.0,19026.138,272.164,3221911546.0,2751268502.0,4678444992.0
2022-01-14,Asia,89543900.0,531160.0,1274095.0,791.0,19139.671,272.333,3227433537.0,2759080115.0,4678444992.0
2022-01-15,Asia,90107763.0,563863.0,1275178.0,1083.0,19260.195,272.564,3234715689.0,2764730601.0,4678444992.0
2022-01-16,Asia,90612929.0,505166.0,1276099.0,921.0,19368.172,272.761,3240765480.0,2771071057.0,4678444992.0
2022-01-17,Asia,91072393.0,459464.0,1276869.0,770.0,19466.381,272.926,3246617160.0,2776270366.0,4678444992.0
2022-01-18,Asia,91644995.0,572602.0,1278156.0,1287.0,19588.773,273.201,3248976497.0,2778865113.0,4678444992.0
2022-01-19,Asia,92494333.0,849338.0,1279360.0,1204.0,19770.315,273.458,3258182037.0,2790368218.0,4678444992.0
2022-01-20,Asia,93209336.0,715003.0,1280763.0,1403.0,19923.145,273.758,3263751961.0,2797100117.0,4678444992.0
2022-01-21,Asia,93928626.0,719290.0,1282033.0,1270.0,20076.89,274.03,3269640468.0,2807271345.0,4678444992.0
2022-01-22,Asia,94609532.0,680906.0,1283294.0,1261.0,20222.431,274.299,3274478700.0,2813469734.0,4678444992.0
2022-01-23,Asia,95209386.0,599854.0,1284351.0,1057.0,20350.648,274.525,3278013086.0,2817811440.0,4678444992.0
2022-01-24,Asia,95963861.0,754475.0,1285713.0,1362.0,20511.914,274.816,3280850444.0,2821605220.0,4678444992.0
2022-01-25,Asia,96673392.0,709531.0,1287125.0,1412.0,20663.574,275.118,3284687203.0,2827659198.0,4678444992.0
2022-01-26,Asia,97426112.0,752720.0,1288487.0,1362.0,20824.465,275.409,3288225574.0,2833123377.0,4678444992.0
2022-01-27,Asia,98128094.0,701982.0,1289884.0,1397.0,20974.511,275.708,3290266641.0,2836604533.0,4678444992.0
2022-01-28,Asia,98807525.0,679431.0,1291590.0,1706.0,21119.736,276.072,3294027806.0,2844401029.0,4678444992.0
2022-01-29,Asia,99478986.0,671461.0,1293235.0,1645.0,21263.259,276.424,3296621398.0,2848878032.0,4678444992.0
2022-01-30,Asia,100156013.0,677027.0,1294979.0,1744.0,21407.971,276.797,3299433547.0,2854496329.0,4678444992.0
2022-01-31,Asia,100777055.0,621042.0,1297131.0,2152.0,21540.716,277.257,3302600729.0,2861538847.0,4678444992.0
2022-02-01,Asia,101444181.0,667126.0,1299700.0,2569.0,21683.312,277.806,3306396571.0,2868606748.0,4678444992.0
2022-02-02,Asia,102152650.0,708469.0,1301491.0,1791.0,21834.744,278.189,3309044802.0,2873923302.0,4678444992.0
2022-02-03,Asia,102841945.0,689295.0,1303810.0,2319.0,21982.078,278.684,3311709102.0,2878630693.0,4678444992.0
2022-02-04,Asia,103471398.0,629453.0,1305899.0,2089.0,22116.622,279.131,3314548247.0,2886796433.0,4678444992.0
2022-02-05,Asia,104049083.0,577685.0,1307653.0,1754.0,22240.1,279.506,3316954053.0,2892107770.0,4678444992.0
2022-02-06,Asia,104632595.0,583512.0,1309682.0,2029.0,22364.823,279.94,3320638012.0,2896590096.0,4678444992.0
2022-02-07,Asia,105195943.0,563348.0,1312025.0,2343.0,22485.237,280.44,3323757983.0,2900617557.0,4678444992.0
2022-02-08,Asia,105830413.0,634470.0,1314598.0,2573.0,22620.852,280.99,3327047451.0,2908342366.0,4678444992.0
2022-02-09,Asia,106467900.0,637487.0,1317072.0,2474.0,22757.113,281.519,3330431080.0,2914469173.0,4678444992.0
2022-02-10,Asia,107070714.0,602814.0,1319048.0,1976.0,22885.962,281.942,3332503123.0,2918890545.0,4678444992.0
2022-02-11,Asia,107648030.0,577316.0,1321135.0,2087.0,23009.361,282.388,3335076267.0,2926936895.0,4678444992.0
2022-02-12,Asia,108158909.0,510879.0,1323032.0,1897.0,23118.56,282.793,3337445805.0,2930985960.0,4678444992.0
2022-02-13,Asia,108656889.0,497980.0,1324558.0,1526.0,23225.001,283.119,3343730217.0,2939379018.0,4678444992.0
2022-02-14,Asia,109141116.0,484227.0,1326457.0,1899.0,23328.503,283.525,3346136938.0,2943466577.0,4678444992.0
2022-02-15,Asia,109726105.0,584989.0,1328426.0,1969.0,23453.542,283.946,3347829511.0,2949306795.0,4678444992.0
2022-02-16,Asia,110321806.0,595701.0,1330441.0,2015.0,23580.871,284.377,3350197250.0,2953240666.0,4678444992.0
2022-02-17,Asia,110929983.0,608177.0,1332624.0,2183.0,23710.866,284.843,3351618631.0,2958835674.0,4678444992.0
2022-02-18,Asia,111494079.0,564096.0,1334471.0,1847.0,23831.44,285.238,3360721360.0,2981704480.0,4678444992.0
2022-02-19,Asia,112048978.0,554899.0,1336695.0,2224.0,23950.047,285.714,3366601413.0,2989039755.0,4678444992.0
2022-02-20,Asia,112549645.0,500667.0,1338374.0,1697.0,24057.063,286.072,3367796349.0,2991744763.0,4678444992.0
2022-02-21,Asia,113033487.0,483842.0,1340195.0,1821.0,24160.482,286.462,3370892459.0,2996199090.0,4678444992.0
2022-02-22,Asia,113657840.0,624353.0,1342138.0,1999.0,24293.935,286.877,3372945087.0,3001439303.0,4678444992.0
2022-02-23,Asia,114318611.0,660771.0,1344245.0,2107.0,24435.173,287.327,3374056408.0,3005384182.0,4678444992.0
2022-02-24,Asia,114922776.0,604165.0,1346392.0,2147.0,24564.311,287.786,3375084664.0,3009041565.0,4678444992.0
2022-02-25,Asia,115511586.0,588810.0,1348305.0,1913.0,24690.167,288.195,3377299821.0,3015077498.0,4678444992.0
2022-02-26,Asia,116123528.0,611942.0,1350153.0,1848.0,24820.967,288.59,3378418947.0,3019021243.0,4678444992.0
2022-02-27,Asia,116670659.0,547131.0,1351770.0,1617.0,24937.914,288.936,3378930887.0,3021003313.0,4678444992.0
2022-02-28,Asia,117210196.0,539537.0,1353846.0,2076.0,25053.238,289.379,3401733152.0,3031527960.0,4678444992.0
2022-03-01,Asia,117879815.0,669619.0,1355633.0,1971.0,25196.367,289.761,3402437891.0,3033359835.0,4678444992.0
2022-03-02,Asia,118574394.0,694579.0,1357639.0,2006.0,25344.83,290.19,3403099566.0,3035121822.0,4678444992.0
2022-03-03,Asia,119346378.0,771984.0,1359536.0,1897.0,25509.839,290.596,3403792405.0,3039604092.0,4678444992.0
2022-03-04,Asia,120070767.0,724389.0,1361776.0,2240.0,25664.674,291.074,3404686559.0,3042355978.0,4678444992.0
2022-03-05,Asia,120758420.0,687653.0,1363608.0,1832.0,25811.658,291.466,3405805080.0,3046535886.0,4678444992.0
2020-01-26,Australia,4.0,4.0,0.0,0.0,0.155,0.0,0.0,0.0,25788217.0
2020-01-27,Australia,5.0,1.0,0.0,0.0,0.194,0.0,0.0,0.0,25788217.0
2020-01-28,Australia,5.0,0.0,0.0,0.0,0.194,0.0,0.0,0.0,25788217.0
2020-01-29,Australia,6.0,1.0,0.0,0.0,0.233,0.0,0.0,0.0,25788217.0
2020-01-30,Australia,9.0,3.0,0.0,0.0,0.349,0.0,0.0,0.0,25788217.0
2020-01-31,Australia,9.0,0.0,0.0,0.0,0.349,0.0,0.0,0.0,25788217.0
2020-02-01,Australia,12.0,3.0,0.0,0.0,0.465,0.0,0.0,0.0,25788217.0
2020-02-02,Australia,12.0,0.0,0.0,0.0,0.465,0.0,0.0,0.0,25788217.0
2020-02-03,Australia,12.0,0.0,0.0,0.0,0.465,0.0,0.0,0.0,25788217.0
2020-02-04,Australia,13.0,1.0,0.0,0.0,0.504,0.0,0.0,0.0,25788217.0
2020-02-05,Australia,13.0,0.0,0.0,0.0,0.504,0.0,0.0,0.0,25788217.0
2020-02-06,Australia,14.0,1.0,0.0,0.0,0.543,0.0,0.0,0.0,25788217.0
2020-02-07,Australia,15.0,1.0,0.0,0.0,0.582,0.0,0.0,0.0,25788217.0
2020-02-08,Australia,15.0,0.0,0.0,0.0,0.582,0.0,0.0,0.0,25788217.0
2020-02-09,Australia,15.0,0.0,0.0,0.0,0.582,0.0,0.0,0.0,25788217.0
2020-02-10,Australia,15.0,0.0,0.0,0.0,0.582,0.0,0.0,0.0,25788217.0
2020-02-11,Australia,15.0,0.0,0.0,0.0,0.582,0.0,0.0,0.0,25788217.0
2020-02-12,Australia,15.0,0.0,0.0,0.0,0.582,0.0,0.0,0.0,25788217.0
2020-02-13,Australia,15.0,0.0,0.0,0.0,0.582,0.0,0.0,0.0,25788217.0
2020-02-14,Australia,15.0,0.0,0.0,0.0,0.582,0.0,0.0,0.0,25788217.0
2020-02-15,Australia,15.0,0.0,0.0,0.0,0.582,0.0,0.0,0.0,25788217.0
2020-02-16,Australia,15.0,0.0,0.0,0.0,0.582,0.0,0.0,0.0,25788217.0
2020-02-17,Australia,15.0,0.0,0.0,0.0,0.582,0.0,0.0,0.0,25788217.0
2020-02-18,Australia,15.0,0.0,0.0,0.0,0.582,0.0,0.0,0.0,25788217.0
2020-02-19,Australia,15.0,0.0,0.0,0.0,0.582,0.0,0.0,0.0,25788217.0
2020-02-20,Australia,15.0,0.0,0.0,0.0,0.582,0.0,0.0,0.0,25788217.0
2020-02-21,Australia,15.0,0.0,0.0,0.0,0.582,0.0,0.0,0.0,25788217.0
2020-02-22,Australia,15.0,0.0,0.0,0.0,0.582,0.0,0.0,0.0,25788217.0
2020-02-23,Australia,15.0,0.0,0.0,0.0,0.582,0.0,0.0,0.0,25788217.0
2020-02-24,Australia,15.0,0.0,0.0,0.0,0.582,0.0,0.0,0.0,25788217.0
2020-02-25,Australia,15.0,0.0,0.0,0.0,0.582,0.0,0.0,0.0,25788217.0
2020-02-26,Australia,15.0,0.0,0.0,0.0,0.582,0.0,0.0,0.0,25788217.0
2020-02-27,Australia,15.0,0.0,0.0,0.0,0.582,0.0,0.0,0.0,25788217.0
2020-02-28,Australia,15.0,0.0,0.0,0.0,0.582,0.0,0.0,0.0,25788217.0
2020-02-29,Australia,25.0,10.0,0.0,0.0,0.969,0.0,0.0,0.0,25788217.0
2020-03-01,Australia,27.0,2.0,1.0,1.0,1.047,0.039,0.0,0.0,25788217.0
2020-03-02,Australia,30.0,3.0,1.0,0.0,1.163,0.039,0.0,0.0,25788217.0
2020-03-03,Australia,39.0,9.0,1.0,0.0,1.512,0.039,0.0,0.0,25788217.0
2020-03-04,Australia,52.0,13.0,2.0,1.0,2.016,0.078,0.0,0.0,25788217.0
2020-03-05,Australia,55.0,3.0,2.0,0.0,2.133,0.078,0.0,0.0,25788217.0
2020-03-06,Australia,60.0,5.0,2.0,0.0,2.327,0.078,0.0,0.0,25788217.0
2020-03-07,Australia,63.0,3.0,2.0,0.0,2.443,0.078,0.0,0.0,25788217.0
2020-03-08,Australia,76.0,13.0,3.0,1.0,2.947,0.116,0.0,0.0,25788217.0
2020-03-09,Australia,91.0,15.0,3.0,0.0,3.529,0.116,0.0,0.0,25788217.0
2020-03-10,Australia,107.0,16.0,3.0,0.0,4.149,0.116,0.0,0.0,25788217.0
2020-03-11,Australia,128.0,21.0,3.0,0.0,4.964,0.116,0.0,0.0,25788217.0
2020-03-12,Australia,128.0,0.0,3.0,0.0,4.964,0.116,0.0,0.0,25788217.0
2020-03-13,Australia,200.0,72.0,3.0,0.0,7.755,0.116,0.0,0.0,25788217.0
2020-03-14,Australia,250.0,50.0,3.0,0.0,9.694,0.116,0.0,0.0,25788217.0
2020-03-15,Australia,297.0,47.0,3.0,0.0,11.517,0.116,0.0,0.0,25788217.0
2020-03-16,Australia,377.0,80.0,3.0,0.0,14.619,0.116,0.0,0.0,25788217.0
2020-03-17,Australia,452.0,75.0,5.0,2.0,17.527,0.194,0.0,0.0,25788217.0
2020-03-18,Australia,568.0,116.0,6.0,1.0,22.026,0.233,0.0,0.0,25788217.0
2020-03-19,Australia,681.0,113.0,6.0,0.0,26.407,0.233,0.0,0.0,25788217.0
2020-03-20,Australia,791.0,110.0,7.0,1.0,30.673,0.271,0.0,0.0,25788217.0
2020-03-21,Australia,1071.0,280.0,7.0,0.0,41.531,0.271,0.0,0.0,25788217.0
2020-03-22,Australia,1549.0,478.0,7.0,0.0,60.066,0.271,0.0,0.0,25788217.0
2020-03-23,Australia,1682.0,133.0,7.0,0.0,65.224,0.271,0.0,0.0,25788217.0
2020-03-24,Australia,2044.0,362.0,8.0,1.0,79.261,0.31,0.0,0.0,25788217.0
2020-03-25,Australia,2364.0,320.0,8.0,0.0,91.67,0.31,0.0,0.0,25788217.0
2020-03-26,Australia,2810.0,446.0,13.0,5.0,108.964,0.504,0.0,0.0,25788217.0
2020-03-27,Australia,3143.0,333.0,13.0,0.0,121.877,0.504,0.0,0.0,25788217.0
2020-03-28,Australia,3640.0,497.0,14.0,1.0,141.15,0.543,0.0,0.0,25788217.0
2020-03-29,Australia,3984.0,344.0,16.0,2.0,154.489,0.62,0.0,0.0,25788217.0
2020-03-30,Australia,4361.0,377.0,17.0,1.0,169.108,0.659,0.0,0.0,25788217.0
2020-03-31,Australia,4559.0,198.0,18.0,1.0,176.786,0.698,0.0,0.0,25788217.0
2020-04-01,Australia,4862.0,303.0,20.0,2.0,188.536,0.776,0.0,0.0,25788217.0
2020-04-02,Australia,5116.0,254.0,24.0,4.0,198.385,0.931,0.0,0.0,25788217.0
2020-04-03,Australia,5330.0,214.0,28.0,4.0,206.684,1.086,0.0,0.0,25788217.0
2020-04-04,Australia,5550.0,220.0,30.0,2.0,215.215,1.163,0.0,0.0,25788217.0
2020-04-05,Australia,5687.0,137.0,35.0,5.0,220.527,1.357,0.0,0.0,25788217.0
2020-04-06,Australia,5797.0,110.0,40.0,5.0,224.793,1.551,0.0,0.0,25788217.0
2020-04-07,Australia,5895.0,98.0,45.0,5.0,228.593,1.745,0.0,0.0,25788217.0
2020-04-08,Australia,6010.0,115.0,50.0,5.0,233.052,1.939,0.0,0.0,25788217.0
2020-04-09,Australia,6108.0,98.0,51.0,1.0,236.852,1.978,0.0,0.0,25788217.0
2020-04-10,Australia,6215.0,107.0,54.0,3.0,241.002,2.094,0.0,0.0,25788217.0
2020-04-11,Australia,6303.0,88.0,57.0,3.0,244.414,2.21,0.0,0.0,25788217.0
2020-04-12,Australia,6315.0,12.0,60.0,3.0,244.879,2.327,0.0,0.0,25788217.0
2020-04-13,Australia,6351.0,36.0,61.0,1.0,246.275,2.365,0.0,0.0,25788217.0
2020-04-14,Australia,6415.0,64.0,62.0,1.0,248.757,2.404,0.0,0.0,25788217.0
2020-04-15,Australia,6440.0,25.0,63.0,1.0,249.726,2.443,0.0,0.0,25788217.0
2020-04-16,Australia,6462.0,22.0,63.0,0.0,250.58,2.443,0.0,0.0,25788217.0
2020-04-17,Australia,6522.0,60.0,66.0,3.0,252.906,2.559,0.0,0.0,25788217.0
2020-04-18,Australia,6568.0,46.0,67.0,1.0,254.69,2.598,0.0,0.0,25788217.0
2020-04-19,Australia,6610.0,42.0,67.0,0.0,256.319,2.598,0.0,0.0,25788217.0
2020-04-20,Australia,6623.0,13.0,67.0,0.0,256.823,2.598,0.0,0.0,25788217.0
2020-04-21,Australia,6645.0,22.0,67.0,0.0,257.676,2.598,0.0,0.0,25788217.0
2020-04-22,Australia,6652.0,7.0,67.0,0.0,257.947,2.598,0.0,0.0,25788217.0
2020-04-23,Australia,6662.0,10.0,75.0,8.0,258.335,2.908,0.0,0.0,25788217.0
2020-04-24,Australia,6677.0,15.0,79.0,4.0,258.917,3.063,0.0,0.0,25788217.0
2020-04-25,Australia,6694.0,17.0,80.0,1.0,259.576,3.102,0.0,0.0,25788217.0
2020-04-26,Australia,6714.0,20.0,83.0,3.0,260.351,3.219,0.0,0.0,25788217.0
2020-04-27,Australia,6721.0,7.0,83.0,0.0,260.623,3.219,0.0,0.0,25788217.0
2020-04-28,Australia,6744.0,23.0,89.0,6.0,261.515,3.451,0.0,0.0,25788217.0
2020-04-29,Australia,6752.0,8.0,91.0,2.0,261.825,3.529,0.0,0.0,25788217.0
2020-04-30,Australia,6766.0,14.0,93.0,2.0,262.368,3.606,0.0,0.0,25788217.0
2020-05-01,Australia,6778.0,12.0,93.0,0.0,262.833,3.606,0.0,0.0,25788217.0
2020-05-02,Australia,6799.0,21.0,94.0,1.0,263.648,3.645,0.0,0.0,25788217.0
2020-05-03,Australia,6822.0,23.0,95.0,1.0,264.539,3.684,0.0,0.0,25788217.0
2020-05-04,Australia,6847.0,25.0,96.0,1.0,265.509,3.723,0.0,0.0,25788217.0
2020-05-05,Australia,6875.0,28.0,97.0,1.0,266.595,3.761,0.0,0.0,25788217.0
2020-05-06,Australia,6894.0,19.0,97.0,0.0,267.331,3.761,0.0,0.0,25788217.0
2020-05-07,Australia,6913.0,19.0,97.0,0.0,268.068,3.761,0.0,0.0,25788217.0
2020-05-08,Australia,6918.0,5.0,97.0,0.0,268.262,3.761,0.0,0.0,25788217.0
2020-05-09,Australia,6939.0,21.0,97.0,0.0,269.076,3.761,0.0,0.0,25788217.0
2020-05-10,Australia,6948.0,9.0,97.0,0.0,269.425,3.761,0.0,0.0,25788217.0
2020-05-11,Australia,6970.0,22.0,97.0,0.0,270.278,3.761,0.0,0.0,25788217.0
2020-05-12,Australia,6980.0,10.0,98.0,1.0,270.666,3.8,0.0,0.0,25788217.0
2020-05-13,Australia,6989.0,9.0,98.0,0.0,271.015,3.8,0.0,0.0,25788217.0
2020-05-14,Australia,7019.0,30.0,98.0,0.0,272.179,3.8,0.0,0.0,25788217.0
2020-05-15,Australia,7035.0,16.0,98.0,0.0,272.799,3.8,0.0,0.0,25788217.0
2020-05-16,Australia,7044.0,9.0,98.0,0.0,273.148,3.8,0.0,0.0,25788217.0
2020-05-17,Australia,7054.0,10.0,99.0,1.0,273.536,3.839,0.0,0.0,25788217.0
2020-05-18,Australia,7068.0,14.0,99.0,0.0,274.079,3.839,0.0,0.0,25788217.0
2020-05-19,Australia,7072.0,4.0,100.0,1.0,274.234,3.878,0.0,0.0,25788217.0
2020-05-20,Australia,7081.0,9.0,100.0,0.0,274.583,3.878,0.0,0.0,25788217.0
2020-05-21,Australia,7095.0,14.0,101.0,1.0,275.126,3.917,0.0,0.0,25788217.0
2020-05-22,Australia,7099.0,4.0,101.0,0.0,275.281,3.917,0.0,0.0,25788217.0
2020-05-23,Australia,7114.0,15.0,102.0,1.0,275.862,3.955,0.0,0.0,25788217.0
2020-05-24,Australia,7114.0,0.0,102.0,0.0,275.862,3.955,0.0,0.0,25788217.0
2020-05-25,Australia,7126.0,12.0,102.0,0.0,276.328,3.955,0.0,0.0,25788217.0
2020-05-26,Australia,7139.0,13.0,103.0,1.0,276.832,3.994,0.0,0.0,25788217.0
2020-05-27,Australia,7150.0,11.0,103.0,0.0,277.258,3.994,0.0,0.0,25788217.0
2020-05-28,Australia,7165.0,15.0,103.0,0.0,277.84,3.994,0.0,0.0,25788217.0
2020-05-29,Australia,7184.0,19.0,103.0,0.0,278.577,3.994,0.0,0.0,25788217.0
2020-05-30,Australia,7192.0,8.0,103.0,0.0,278.887,3.994,0.0,0.0,25788217.0
2020-05-31,Australia,7202.0,10.0,103.0,0.0,279.275,3.994,0.0,0.0,25788217.0
2020-06-01,Australia,7221.0,19.0,102.0,0.0,280.012,3.955,0.0,0.0,25788217.0
2020-06-02,Australia,7229.0,8.0,102.0,0.0,280.322,3.955,0.0,0.0,25788217.0
2020-06-03,Australia,7240.0,11.0,102.0,0.0,280.748,3.955,0.0,0.0,25788217.0
2020-06-04,Australia,7247.0,7.0,102.0,0.0,281.02,3.955,0.0,0.0,25788217.0
2020-06-05,Australia,7252.0,5.0,102.0,0.0,281.214,3.955,0.0,0.0,25788217.0
2020-06-06,Australia,7259.0,7.0,102.0,0.0,281.485,3.955,0.0,0.0,25788217.0
2020-06-07,Australia,7265.0,6.0,102.0,0.0,281.718,3.955,0.0,0.0,25788217.0
2020-06-08,Australia,7267.0,2.0,102.0,0.0,281.795,3.955,0.0,0.0,25788217.0
2020-06-09,Australia,7274.0,7.0,102.0,0.0,282.067,3.955,0.0,0.0,25788217.0
2020-06-10,Australia,7285.0,11.0,102.0,0.0,282.493,3.955,0.0,0.0,25788217.0
2020-06-11,Australia,7289.0,4.0,102.0,0.0,282.648,3.955,0.0,0.0,25788217.0
2020-06-12,Australia,7294.0,5.0,102.0,0.0,282.842,3.955,0.0,0.0,25788217.0
2020-06-13,Australia,7320.0,26.0,102.0,0.0,283.851,3.955,0.0,0.0,25788217.0
2020-06-14,Australia,7335.0,15.0,102.0,0.0,284.432,3.955,0.0,0.0,25788217.0
2020-06-15,Australia,7347.0,12.0,102.0,0.0,284.898,3.955,0.0,0.0,25788217.0
2020-06-16,Australia,7370.0,23.0,102.0,0.0,285.789,3.955,0.0,0.0,25788217.0
2020-06-17,Australia,7391.0,21.0,102.0,0.0,286.604,3.955,0.0,0.0,25788217.0
2020-06-18,Australia,7409.0,18.0,102.0,0.0,287.302,3.955,0.0,0.0,25788217.0
2020-06-19,Australia,7411.0,2.0,102.0,0.0,287.379,3.955,0.0,0.0,25788217.0
2020-06-20,Australia,7461.0,50.0,102.0,0.0,289.318,3.955,0.0,0.0,25788217.0
2020-06-21,Australia,7474.0,13.0,102.0,0.0,289.822,3.955,0.0,0.0,25788217.0
2020-06-22,Australia,7492.0,18.0,102.0,0.0,290.52,3.955,0.0,0.0,25788217.0
2020-06-23,Australia,7521.0,29.0,103.0,1.0,291.645,3.994,0.0,0.0,25788217.0
2020-06-24,Australia,7558.0,37.0,104.0,1.0,293.08,4.033,0.0,0.0,25788217.0
2020-06-25,Australia,7595.0,37.0,104.0,0.0,294.514,4.033,0.0,0.0,25788217.0
2020-06-26,Australia,7601.0,6.0,104.0,0.0,294.747,4.033,0.0,0.0,25788217.0
2020-06-27,Australia,7686.0,85.0,104.0,0.0,298.043,4.033,0.0,0.0,25788217.0
2020-06-28,Australia,7764.0,78.0,104.0,0.0,301.068,4.033,0.0,0.0,25788217.0
2020-06-29,Australia,7834.0,70.0,104.0,0.0,303.782,4.033,0.0,0.0,25788217.0
2020-06-30,Australia,7920.0,86.0,104.0,0.0,307.117,4.033,0.0,0.0,25788217.0
2020-07-01,Australia,8001.0,81.0,104.0,0.0,310.258,4.033,0.0,0.0,25788217.0
2020-07-02,Australia,8066.0,65.0,104.0,0.0,312.779,4.033,0.0,0.0,25788217.0
2020-07-03,Australia,8260.0,194.0,104.0,0.0,320.301,4.033,0.0,0.0,25788217.0
2020-07-04,Australia,8443.0,183.0,104.0,0.0,327.398,4.033,0.0,0.0,25788217.0
2020-07-05,Australia,8583.0,140.0,106.0,2.0,332.826,4.11,0.0,0.0,25788217.0
2020-07-06,Australia,8755.0,172.0,106.0,0.0,339.496,4.11,0.0,0.0,25788217.0
2020-07-07,Australia,8886.0,131.0,106.0,0.0,344.576,4.11,0.0,0.0,25788217.0
2020-07-08,Australia,9056.0,170.0,106.0,0.0,351.168,4.11,0.0,0.0,25788217.0
2020-07-09,Australia,9374.0,318.0,106.0,0.0,363.499,4.11,0.0,0.0,25788217.0
2020-07-10,Australia,9553.0,179.0,107.0,1.0,370.441,4.149,0.0,0.0,25788217.0
2020-07-11,Australia,9797.0,244.0,108.0,1.0,379.902,4.188,0.0,0.0,25788217.0
2020-07-12,Australia,9980.0,183.0,108.0,0.0,386.998,4.188,0.0,0.0,25788217.0
2020-07-13,Australia,10251.0,271.0,108.0,0.0,397.507,4.188,0.0,0.0,25788217.0
2020-07-14,Australia,10487.0,236.0,111.0,3.0,406.659,4.304,0.0,0.0,25788217.0
2020-07-15,Australia,10810.0,323.0,113.0,2.0,419.184,4.382,0.0,0.0,25788217.0
2020-07-16,Australia,11233.0,423.0,116.0,3.0,435.587,4.498,0.0,0.0,25788217.0
2020-07-17,Australia,11441.0,208.0,118.0,2.0,443.652,4.576,0.0,0.0,25788217.0
2020-07-18,Australia,11802.0,361.0,122.0,4.0,457.651,4.731,0.0,0.0,25788217.0
2020-07-19,Australia,12069.0,267.0,123.0,1.0,468.004,4.77,0.0,0.0,25788217.0
2020-07-20,Australia,12428.0,359.0,126.0,3.0,481.926,4.886,0.0,0.0,25788217.0
2020-07-21,Australia,12894.0,466.0,128.0,2.0,499.996,4.964,0.0,0.0,25788217.0
2020-07-22,Australia,13302.0,408.0,133.0,5.0,515.817,5.157,0.0,0.0,25788217.0
2020-07-23,Australia,13595.0,293.0,139.0,6.0,527.179,5.39,0.0,0.0,25788217.0
2020-07-24,Australia,13950.0,355.0,145.0,6.0,540.945,5.623,0.0,0.0,25788217.0
2020-07-25,Australia,14403.0,453.0,155.0,10.0,558.511,6.01,0.0,0.0,25788217.0
2020-07-26,Australia,14935.0,532.0,161.0,6.0,579.14,6.243,0.0,0.0,25788217.0
2020-07-27,Australia,15303.0,368.0,167.0,6.0,593.411,6.476,0.0,0.0,25788217.0
2020-07-28,Australia,15582.0,279.0,176.0,9.0,604.229,6.825,0.0,0.0,25788217.0
2020-07-29,Australia,16298.0,716.0,189.0,13.0,631.994,7.329,0.0,0.0,25788217.0
2020-07-30,Australia,16903.0,605.0,196.0,7.0,655.454,7.6,0.0,0.0,25788217.0
2020-07-31,Australia,17280.0,377.0,201.0,5.0,670.073,7.794,0.0,0.0,25788217.0
2020-08-01,Australia,17895.0,615.0,208.0,7.0,693.922,8.066,0.0,0.0,25788217.0
2020-08-02,Australia,18318.0,423.0,221.0,13.0,710.324,8.57,0.0,0.0,25788217.0
2020-08-03,Australia,18730.0,412.0,232.0,11.0,726.301,8.996,0.0,0.0,25788217.0
2020-08-04,Australia,19445.0,715.0,247.0,15.0,754.027,9.578,0.0,0.0,25788217.0
2020-08-05,Australia,19890.0,445.0,255.0,8.0,771.282,9.888,0.0,0.0,25788217.0
2020-08-06,Australia,20272.0,382.0,266.0,11.0,786.095,10.315,0.0,0.0,25788217.0
2020-08-07,Australia,20698.0,426.0,278.0,12.0,802.615,10.78,0.0,0.0,25788217.0
2020-08-08,Australia,21084.0,386.0,295.0,17.0,817.583,11.439,0.0,0.0,25788217.0
2020-08-09,Australia,21397.0,313.0,313.0,18.0,829.72,12.137,0.0,0.0,25788217.0
2020-08-10,Australia,21713.0,316.0,331.0,18.0,841.974,12.835,0.0,0.0,25788217.0
2020-08-11,Australia,22127.0,414.0,352.0,21.0,858.028,13.65,0.0,0.0,25788217.0
2020-08-12,Australia,22358.0,231.0,361.0,9.0,866.985,13.999,0.0,0.0,25788217.0
2020-08-13,Australia,22742.0,384.0,375.0,14.0,881.876,14.542,0.0,0.0,25788217.0
2020-08-14,Australia,23035.0,293.0,379.0,4.0,893.237,14.697,0.0,0.0,25788217.0
2020-08-15,Australia,23287.0,252.0,396.0,17.0,903.009,15.356,0.0,0.0,25788217.0
2020-08-16,Australia,23558.0,271.0,421.0,25.0,913.518,16.325,0.0,0.0,25788217.0
2020-08-17,Australia,23773.0,215.0,438.0,17.0,921.855,16.985,0.0,0.0,25788217.0
2020-08-18,Australia,23989.0,216.0,450.0,12.0,930.231,17.45,0.0,0.0,25788217.0
2020-08-19,Australia,24236.0,247.0,463.0,13.0,939.809,17.954,0.0,0.0,25788217.0
2020-08-20,Australia,24407.0,171.0,472.0,9.0,946.44,18.303,0.0,0.0,25788217.0
2020-08-21,Australia,24602.0,195.0,485.0,13.0,954.002,18.807,0.0,0.0,25788217.0
2020-08-22,Australia,24811.0,209.0,502.0,17.0,962.106,19.466,0.0,0.0,25788217.0
2020-08-23,Australia,24915.0,104.0,517.0,15.0,966.139,20.048,0.0,0.0,25788217.0
2020-08-24,Australia,25053.0,138.0,525.0,8.0,971.49,20.358,0.0,0.0,25788217.0
2020-08-25,Australia,25204.0,151.0,549.0,24.0,977.346,21.289,0.0,0.0,25788217.0
2020-08-26,Australia,25322.0,118.0,572.0,23.0,981.921,22.181,0.0,0.0,25788217.0
2020-08-27,Australia,25448.0,126.0,583.0,11.0,986.807,22.607,0.0,0.0,25788217.0
2020-08-28,Australia,25547.0,99.0,600.0,17.0,990.646,23.266,0.0,0.0,25788217.0
2020-08-29,Australia,25670.0,123.0,611.0,11.0,995.416,23.693,0.0,0.0,25788217.0
2020-08-30,Australia,25746.0,76.0,652.0,41.0,998.363,25.283,0.0,0.0,25788217.0
2020-08-31,Australia,25819.0,73.0,657.0,5.0,1001.194,25.477,0.0,0.0,25788217.0
2020-09-01,Australia,25923.0,104.0,663.0,6.0,1005.227,25.709,0.0,0.0,25788217.0
2020-09-02,Australia,26049.0,126.0,678.0,15.0,1010.112,26.291,0.0,0.0,25788217.0
2020-09-03,Australia,26136.0,87.0,737.0,59.0,1013.486,28.579,0.0,0.0,25788217.0
2020-09-04,Australia,26207.0,71.0,748.0,11.0,1016.239,29.005,0.0,0.0,25788217.0
2020-09-05,Australia,26278.0,71.0,753.0,5.0,1018.993,29.199,0.0,0.0,25788217.0
2020-09-06,Australia,26321.0,43.0,762.0,9.0,1020.66,29.548,0.0,0.0,25788217.0
2020-09-07,Australia,26373.0,52.0,770.0,8.0,1022.676,29.859,0.0,0.0,25788217.0
2020-09-08,Australia,26465.0,92.0,781.0,11.0,1026.244,30.285,0.0,0.0,25788217.0
2020-09-09,Australia,26524.0,59.0,788.0,7.0,1028.532,30.557,0.0,0.0,25788217.0
2020-09-10,Australia,26564.0,40.0,797.0,9.0,1030.083,30.906,0.0,0.0,25788217.0
2020-09-11,Australia,26607.0,43.0,803.0,6.0,1031.75,31.138,0.0,0.0,25788217.0
2020-09-12,Australia,26651.0,44.0,810.0,7.0,1033.456,31.41,0.0,0.0,25788217.0
2020-09-13,Australia,26692.0,41.0,816.0,6.0,1035.046,31.642,0.0,0.0,25788217.0
2020-09-14,Australia,26739.0,47.0,816.0,0.0,1036.869,31.642,0.0,0.0,25788217.0
2020-09-15,Australia,26778.0,39.0,824.0,8.0,1038.381,31.953,0.0,0.0,25788217.0
2020-09-16,Australia,26813.0,35.0,832.0,8.0,1039.738,32.263,0.0,0.0,25788217.0
2020-09-17,Australia,26861.0,48.0,837.0,5.0,1041.6,32.457,0.0,0.0,25788217.0
2020-09-18,Australia,26885.0,24.0,844.0,7.0,1042.53,32.728,0.0,0.0,25788217.0
2020-09-19,Australia,26898.0,13.0,849.0,5.0,1043.034,32.922,0.0,0.0,25788217.0
2020-09-20,Australia,26912.0,14.0,851.0,2.0,1043.577,33.0,0.0,0.0,25788217.0
2020-09-21,Australia,26942.0,30.0,854.0,3.0,1044.741,33.116,0.0,0.0,25788217.0
2020-09-22,Australia,26972.0,30.0,859.0,5.0,1045.904,33.31,0.0,0.0,25788217.0
2020-09-23,Australia,26980.0,8.0,861.0,2.0,1046.214,33.387,0.0,0.0,25788217.0
2020-09-24,Australia,27000.0,20.0,869.0,8.0,1046.99,33.698,0.0,0.0,25788217.0
2020-09-25,Australia,27016.0,16.0,870.0,1.0,1047.61,33.736,0.0,0.0,25788217.0
2020-09-26,Australia,27040.0,24.0,872.0,2.0,1048.541,33.814,0.0,0.0,25788217.0
2020-09-27,Australia,27044.0,4.0,875.0,3.0,1048.696,33.93,0.0,0.0,25788217.0
2020-09-28,Australia,27055.0,11.0,882.0,7.0,1049.123,34.202,0.0,0.0,25788217.0
2020-09-29,Australia,27078.0,23.0,886.0,4.0,1050.014,34.357,0.0,0.0,25788217.0
2020-09-30,Australia,27096.0,18.0,888.0,2.0,1050.712,34.434,0.0,0.0,25788217.0
2020-10-01,Australia,27109.0,13.0,890.0,2.0,1051.217,34.512,0.0,0.0,25788217.0
2020-10-02,Australia,27121.0,12.0,893.0,3.0,1051.682,34.628,0.0,0.0,25788217.0
2020-10-03,Australia,27135.0,14.0,894.0,1.0,1052.225,34.667,0.0,0.0,25788217.0
2020-10-04,Australia,27148.0,13.0,894.0,0.0,1052.729,34.667,0.0,0.0,25788217.0
2020-10-05,Australia,27173.0,25.0,895.0,1.0,1053.698,34.706,0.0,0.0,25788217.0
2020-10-06,Australia,27181.0,8.0,897.0,2.0,1054.009,34.783,0.0,0.0,25788217.0
2020-10-07,Australia,27206.0,25.0,897.0,0.0,1054.978,34.783,0.0,0.0,25788217.0
2020-10-08,Australia,27226.0,20.0,897.0,0.0,1055.753,34.783,0.0,0.0,25788217.0
2020-10-09,Australia,27244.0,18.0,897.0,0.0,1056.451,34.783,0.0,0.0,25788217.0
2020-10-10,Australia,27263.0,19.0,898.0,1.0,1057.188,34.822,0.0,0.0,25788217.0
2020-10-11,Australia,27285.0,22.0,898.0,0.0,1058.041,34.822,0.0,0.0,25788217.0
2020-10-12,Australia,27310.0,25.0,899.0,1.0,1059.011,34.861,0.0,0.0,25788217.0
2020-10-13,Australia,27337.0,27.0,904.0,5.0,1060.058,35.055,0.0,0.0,25788217.0
2020-10-14,Australia,27357.0,20.0,904.0,0.0,1060.833,35.055,0.0,0.0,25788217.0
2020-10-15,Australia,27371.0,14.0,904.0,0.0,1061.376,35.055,0.0,0.0,25788217.0
2020-10-16,Australia,27378.0,7.0,904.0,0.0,1061.648,35.055,0.0,0.0,25788217.0
2020-10-17,Australia,27390.0,12.0,904.0,0.0,1062.113,35.055,0.0,0.0,25788217.0
2020-10-18,Australia,27399.0,9.0,905.0,1.0,1062.462,35.094,0.0,0.0,25788217.0
2020-10-19,Australia,27405.0,6.0,905.0,0.0,1062.695,35.094,0.0,0.0,25788217.0
2020-10-20,Australia,27443.0,38.0,905.0,0.0,1064.168,35.094,0.0,0.0,25788217.0
2020-10-21,Australia,27458.0,15.0,905.0,0.0,1064.75,35.094,0.0,0.0,25788217.0
2020-10-22,Australia,27476.0,18.0,905.0,0.0,1065.448,35.094,0.0,0.0,25788217.0
2020-10-23,Australia,27495.0,19.0,905.0,0.0,1066.185,35.094,0.0,0.0,25788217.0
2020-10-24,Australia,27513.0,18.0,905.0,0.0,1066.883,35.094,0.0,0.0,25788217.0
2020-10-25,Australia,27525.0,12.0,905.0,0.0,1067.348,35.094,0.0,0.0,25788217.0
2020-10-26,Australia,27539.0,14.0,905.0,0.0,1067.891,35.094,0.0,0.0,25788217.0
2020-10-27,Australia,27553.0,14.0,907.0,2.0,1068.434,35.171,0.0,0.0,25788217.0
2020-10-28,Australia,27565.0,12.0,907.0,0.0,1068.899,35.171,0.0,0.0,25788217.0
2020-10-29,Australia,27579.0,14.0,907.0,0.0,1069.442,35.171,0.0,0.0,25788217.0
2020-10-30,Australia,27585.0,6.0,907.0,0.0,1069.675,35.171,0.0,0.0,25788217.0
2020-10-31,Australia,27595.0,10.0,907.0,0.0,1070.062,35.171,0.0,0.0,25788217.0
2020-11-01,Australia,27601.0,6.0,907.0,0.0,1070.295,35.171,0.0,0.0,25788217.0
2020-11-02,Australia,27610.0,9.0,907.0,0.0,1070.644,35.171,0.0,0.0,25788217.0
2020-11-03,Australia,27622.0,12.0,907.0,0.0,1071.109,35.171,0.0,0.0,25788217.0
2020-11-04,Australia,27630.0,8.0,907.0,0.0,1071.42,35.171,0.0,0.0,25788217.0
2020-11-05,Australia,27644.0,14.0,907.0,0.0,1071.962,35.171,0.0,0.0,25788217.0
2020-11-06,Australia,27652.0,8.0,907.0,0.0,1072.273,35.171,0.0,0.0,25788217.0
2020-11-07,Australia,27658.0,6.0,907.0,0.0,1072.505,35.171,0.0,0.0,25788217.0
2020-11-08,Australia,27665.0,7.0,907.0,0.0,1072.777,35.171,0.0,0.0,25788217.0
2020-11-09,Australia,27669.0,4.0,907.0,0.0,1072.932,35.171,0.0,0.0,25788217.0
2020-11-10,Australia,27671.0,2.0,907.0,0.0,1073.009,35.171,0.0,0.0,25788217.0
2020-11-11,Australia,27675.0,4.0,907.0,0.0,1073.165,35.171,0.0,0.0,25788217.0
2020-11-12,Australia,27676.0,1.0,907.0,0.0,1073.203,35.171,0.0,0.0,25788217.0
2020-11-13,Australia,27682.0,6.0,907.0,0.0,1073.436,35.171,0.0,0.0,25788217.0
2020-11-14,Australia,27711.0,29.0,907.0,0.0,1074.561,35.171,0.0,0.0,25788217.0
2020-11-15,Australia,27749.0,38.0,907.0,0.0,1076.034,35.171,0.0,0.0,25788217.0
2020-11-16,Australia,27758.0,9.0,907.0,0.0,1076.383,35.171,0.0,0.0,25788217.0
2020-11-17,Australia,27777.0,19.0,907.0,0.0,1077.12,35.171,0.0,0.0,25788217.0
2020-11-18,Australia,27785.0,8.0,907.0,0.0,1077.43,35.171,0.0,0.0,25788217.0
2020-11-19,Australia,27792.0,7.0,907.0,0.0,1077.701,35.171,0.0,0.0,25788217.0
2020-11-20,Australia,27806.0,14.0,907.0,0.0,1078.244,35.171,0.0,0.0,25788217.0
2020-11-21,Australia,27821.0,15.0,907.0,0.0,1078.826,35.171,0.0,0.0,25788217.0
2020-11-22,Australia,27834.0,13.0,907.0,0.0,1079.33,35.171,0.0,0.0,25788217.0
2020-11-23,Australia,27843.0,9.0,907.0,0.0,1079.679,35.171,0.0,0.0,25788217.0
2020-11-24,Australia,27853.0,10.0,907.0,0.0,1080.067,35.171,0.0,0.0,25788217.0
2020-11-25,Australia,27865.0,12.0,907.0,0.0,1080.532,35.171,0.0,0.0,25788217.0
2020-11-26,Australia,27873.0,8.0,907.0,0.0,1080.842,35.171,0.0,0.0,25788217.0
2020-11-27,Australia,27886.0,13.0,907.0,0.0,1081.347,35.171,0.0,0.0,25788217.0
2020-11-28,Australia,27892.0,6.0,907.0,0.0,1081.579,35.171,0.0,0.0,25788217.0
2020-11-29,Australia,27902.0,10.0,908.0,1.0,1081.967,35.21,0.0,0.0,25788217.0
2020-11-30,Australia,27912.0,10.0,908.0,0.0,1082.355,35.21,0.0,0.0,25788217.0
2020-12-01,Australia,27923.0,11.0,908.0,0.0,1082.781,35.21,0.0,0.0,25788217.0
2020-12-02,Australia,27939.0,16.0,908.0,0.0,1083.402,35.21,0.0,0.0,25788217.0
2020-12-03,Australia,27949.0,10.0,908.0,0.0,1083.79,35.21,0.0,0.0,25788217.0
2020-12-04,Australia,27956.0,7.0,908.0,0.0,1084.061,35.21,0.0,0.0,25788217.0
2020-12-05,Australia,27965.0,9.0,908.0,0.0,1084.41,35.21,0.0,0.0,25788217.0
2020-12-06,Australia,27972.0,7.0,908.0,0.0,1084.681,35.21,0.0,0.0,25788217.0
2020-12-07,Australia,27987.0,15.0,908.0,0.0,1085.263,35.21,0.0,0.0,25788217.0
2020-12-08,Australia,27993.0,6.0,908.0,0.0,1085.496,35.21,0.0,0.0,25788217.0
2020-12-09,Australia,28000.0,7.0,908.0,0.0,1085.767,35.21,0.0,0.0,25788217.0
2020-12-10,Australia,28011.0,11.0,908.0,0.0,1086.194,35.21,0.0,0.0,25788217.0
2020-12-11,Australia,28025.0,14.0,908.0,0.0,1086.737,35.21,0.0,0.0,25788217.0
2020-12-12,Australia,28030.0,5.0,908.0,0.0,1086.931,35.21,0.0,0.0,25788217.0
2020-12-13,Australia,28037.0,7.0,908.0,0.0,1087.202,35.21,0.0,0.0,25788217.0
2020-12-14,Australia,28048.0,11.0,908.0,0.0,1087.629,35.21,0.0,0.0,25788217.0
2020-12-15,Australia,28060.0,12.0,908.0,0.0,1088.094,35.21,0.0,0.0,25788217.0
2020-12-16,Australia,28072.0,12.0,908.0,0.0,1088.559,35.21,0.0,0.0,25788217.0
2020-12-17,Australia,28093.0,21.0,908.0,0.0,1089.373,35.21,0.0,0.0,25788217.0
2020-12-18,Australia,28126.0,33.0,908.0,0.0,1090.653,35.21,0.0,0.0,25788217.0
2020-12-19,Australia,28168.0,42.0,908.0,0.0,1092.282,35.21,0.0,0.0,25788217.0
2020-12-20,Australia,28198.0,30.0,908.0,0.0,1093.445,35.21,0.0,0.0,25788217.0
2020-12-21,Australia,28219.0,21.0,908.0,0.0,1094.259,35.21,0.0,0.0,25788217.0
2020-12-22,Australia,28237.0,18.0,908.0,0.0,1094.957,35.21,0.0,0.0,25788217.0
2020-12-23,Australia,28262.0,25.0,908.0,0.0,1095.927,35.21,0.0,0.0,25788217.0
2020-12-24,Australia,28274.0,12.0,908.0,0.0,1096.392,35.21,0.0,0.0,25788217.0
2020-12-25,Australia,28297.0,23.0,908.0,0.0,1097.284,35.21,0.0,0.0,25788217.0
2020-12-26,Australia,28308.0,11.0,908.0,0.0,1097.711,35.21,0.0,0.0,25788217.0
2020-12-27,Australia,28337.0,29.0,909.0,1.0,1098.835,35.249,0.0,0.0,25788217.0
2020-12-28,Australia,28349.0,12.0,909.0,0.0,1099.301,35.249,0.0,0.0,25788217.0
2020-12-29,Australia,28381.0,32.0,909.0,0.0,1100.541,35.249,0.0,0.0,25788217.0
2020-12-30,Australia,28405.0,24.0,909.0,0.0,1101.472,35.249,0.0,0.0,25788217.0
2020-12-31,Australia,28425.0,20.0,909.0,0.0,1102.248,35.249,0.0,0.0,25788217.0
2021-01-01,Australia,28460.0,35.0,909.0,0.0,1103.605,35.249,0.0,0.0,25788217.0
2021-01-02,Australia,28484.0,24.0,909.0,0.0,1104.535,35.249,0.0,0.0,25788217.0
2021-01-03,Australia,28504.0,20.0,909.0,0.0,1105.311,35.249,0.0,0.0,25788217.0
2021-01-04,Australia,28517.0,13.0,909.0,0.0,1105.815,35.249,0.0,0.0,25788217.0
2021-01-05,Australia,28536.0,19.0,909.0,0.0,1106.552,35.249,0.0,0.0,25788217.0
2021-01-06,Australia,28546.0,10.0,909.0,0.0,1106.94,35.249,0.0,0.0,25788217.0
2021-01-07,Australia,28571.0,25.0,909.0,0.0,1107.909,35.249,0.0,0.0,25788217.0
2021-01-08,Australia,28582.0,11.0,909.0,0.0,1108.336,35.249,0.0,0.0,25788217.0
2021-01-09,Australia,28595.0,13.0,909.0,0.0,1108.84,35.249,0.0,0.0,25788217.0
2021-01-10,Australia,28614.0,19.0,909.0,0.0,1109.577,35.249,0.0,0.0,25788217.0
2021-01-11,Australia,28634.0,20.0,909.0,0.0,1110.352,35.249,0.0,0.0,25788217.0
2021-01-12,Australia,28650.0,16.0,909.0,0.0,1110.973,35.249,0.0,0.0,25788217.0
2021-01-13,Australia,28660.0,10.0,909.0,0.0,1111.36,35.249,0.0,0.0,25788217.0
2021-01-14,Australia,28669.0,9.0,909.0,0.0,1111.709,35.249,0.0,0.0,25788217.0
2021-01-15,Australia,28689.0,20.0,909.0,0.0,1112.485,35.249,0.0,0.0,25788217.0
2021-01-16,Australia,28708.0,19.0,909.0,0.0,1113.222,35.249,0.0,0.0,25788217.0
2021-01-17,Australia,28721.0,13.0,909.0,0.0,1113.726,35.249,0.0,0.0,25788217.0
2021-01-18,Australia,28731.0,10.0,909.0,0.0,1114.113,35.249,0.0,0.0,25788217.0
2021-01-19,Australia,28740.0,9.0,909.0,0.0,1114.462,35.249,0.0,0.0,25788217.0
2021-01-20,Australia,28749.0,9.0,909.0,0.0,1114.811,35.249,0.0,0.0,25788217.0
2021-01-21,Australia,28755.0,6.0,909.0,0.0,1115.044,35.249,0.0,0.0,25788217.0
2021-01-22,Australia,28760.0,5.0,909.0,0.0,1115.238,35.249,0.0,0.0,25788217.0
2021-01-23,Australia,28766.0,6.0,909.0,0.0,1115.471,35.249,0.0,0.0,25788217.0
2021-01-24,Australia,28777.0,11.0,909.0,0.0,1115.897,35.249,0.0,0.0,25788217.0
2021-01-25,Australia,28780.0,3.0,909.0,0.0,1116.014,35.249,0.0,0.0,25788217.0
2021-01-26,Australia,28786.0,6.0,909.0,0.0,1116.246,35.249,0.0,0.0,25788217.0
2021-01-27,Australia,28794.0,8.0,909.0,0.0,1116.556,35.249,0.0,0.0,25788217.0
2021-01-28,Australia,28799.0,5.0,909.0,0.0,1116.75,35.249,0.0,0.0,25788217.0
2021-01-29,Australia,28806.0,7.0,909.0,0.0,1117.022,35.249,0.0,0.0,25788217.0
2021-01-30,Australia,28811.0,5.0,909.0,0.0,1117.216,35.249,0.0,0.0,25788217.0
2021-01-31,Australia,28818.0,7.0,909.0,0.0,1117.487,35.249,0.0,0.0,25788217.0
2021-02-01,Australia,28823.0,5.0,909.0,0.0,1117.681,35.249,0.0,0.0,25788217.0
2021-02-02,Australia,28829.0,6.0,909.0,0.0,1117.914,35.249,0.0,0.0,25788217.0
2021-02-03,Australia,28838.0,9.0,909.0,0.0,1118.263,35.249,0.0,0.0,25788217.0
2021-02-04,Australia,28842.0,4.0,909.0,0.0,1118.418,35.249,0.0,0.0,25788217.0
2021-02-05,Australia,28848.0,6.0,909.0,0.0,1118.65,35.249,0.0,0.0,25788217.0
2021-02-06,Australia,28851.0,3.0,909.0,0.0,1118.767,35.249,0.0,0.0,25788217.0
2021-02-07,Australia,28857.0,6.0,909.0,0.0,1118.999,35.249,0.0,0.0,25788217.0
2021-02-08,Australia,28860.0,3.0,909.0,0.0,1119.116,35.249,0.0,0.0,25788217.0
2021-02-09,Australia,28871.0,11.0,909.0,0.0,1119.542,35.249,0.0,0.0,25788217.0
2021-02-10,Australia,28879.0,8.0,909.0,0.0,1119.853,35.249,0.0,0.0,25788217.0
2021-02-11,Australia,28887.0,8.0,909.0,0.0,1120.163,35.249,0.0,0.0,25788217.0
2021-02-12,Australia,28892.0,5.0,909.0,0.0,1120.357,35.249,0.0,0.0,25788217.0
2021-02-13,Australia,28898.0,6.0,909.0,0.0,1120.589,35.249,0.0,0.0,25788217.0
2021-02-14,Australia,28900.0,2.0,909.0,0.0,1120.667,35.249,0.0,0.0,25788217.0
2021-02-15,Australia,28905.0,5.0,909.0,0.0,1120.861,35.249,0.0,0.0,25788217.0
2021-02-16,Australia,28911.0,6.0,909.0,0.0,1121.093,35.249,0.0,0.0,25788217.0
2021-02-17,Australia,28912.0,1.0,909.0,0.0,1121.132,35.249,0.0,0.0,25788217.0
2021-02-18,Australia,28918.0,6.0,909.0,0.0,1121.365,35.249,0.0,0.0,25788217.0
2021-02-19,Australia,28920.0,2.0,909.0,0.0,1121.442,35.249,0.0,0.0,25788217.0
2021-02-20,Australia,28926.0,6.0,909.0,0.0,1121.675,35.249,0.0,0.0,25788217.0
2021-02-21,Australia,28930.0,4.0,909.0,0.0,1121.83,35.249,20.0,0.0,25788217.0
2021-02-22,Australia,28937.0,7.0,909.0,0.0,1122.102,35.249,2789.0,0.0,25788217.0
2021-02-23,Australia,28939.0,2.0,909.0,0.0,1122.179,35.249,6911.0,3.0,25788217.0
2021-02-24,Australia,28947.0,8.0,909.0,0.0,1122.489,35.249,16626.0,3.0,25788217.0
2021-02-25,Australia,28957.0,10.0,909.0,0.0,1122.877,35.249,23501.0,9.0,25788217.0
2021-02-26,Australia,28965.0,8.0,909.0,0.0,1123.187,35.249,29989.0,11.0,25788217.0
2021-02-27,Australia,28970.0,5.0,909.0,0.0,1123.381,35.249,31882.0,12.0,25788217.0
2021-02-28,Australia,28978.0,8.0,909.0,0.0,1123.691,35.249,34618.0,12.0,25788217.0
2021-03-01,Australia,28986.0,8.0,909.0,0.0,1124.002,35.249,41895.0,12.0,25788217.0
2021-03-02,Australia,28996.0,10.0,909.0,0.0,1124.389,35.249,51058.0,12.0,25788217.0
2021-03-03,Australia,29007.0,11.0,909.0,0.0,1124.816,35.249,60994.0,15.0,25788217.0
2021-03-04,Australia,29021.0,14.0,909.0,0.0,1125.359,35.249,71848.0,19.0,25788217.0
2021-03-05,Australia,29029.0,8.0,909.0,0.0,1125.669,35.249,76916.0,24.0,25788217.0
2021-03-06,Australia,29034.0,5.0,909.0,0.0,1125.863,35.249,81321.0,24.0,25788217.0
2021-03-07,Australia,29046.0,12.0,909.0,0.0,1126.328,35.249,86345.0,24.0,25788217.0
2021-03-08,Australia,29061.0,15.0,909.0,0.0,1126.91,35.249,94884.0,24.0,25788217.0
2021-03-09,Australia,29074.0,13.0,909.0,0.0,1127.414,35.249,108301.0,27.0,25788217.0
2021-03-10,Australia,29090.0,16.0,909.0,0.0,1128.035,35.249,124972.0,28.0,25788217.0
2021-03-11,Australia,29102.0,12.0,909.0,0.0,1128.5,35.249,135077.0,32.0,25788217.0
2021-03-12,Australia,29112.0,10.0,909.0,0.0,1128.888,35.249,159260.0,34.0,25788217.0
2021-03-13,Australia,29117.0,5.0,909.0,0.0,1129.082,35.249,162517.0,34.0,25788217.0
2021-03-14,Australia,29130.0,13.0,909.0,0.0,1129.586,35.249,164746.0,35.0,25788217.0
2021-03-15,Australia,29137.0,7.0,909.0,0.0,1129.857,35.249,182214.0,223.0,25788217.0
2021-03-16,Australia,29154.0,17.0,909.0,0.0,1130.516,35.249,203032.0,525.0,25788217.0
2021-03-17,Australia,29166.0,12.0,909.0,0.0,1130.982,35.249,224711.0,1346.0,25788217.0
2021-03-18,Australia,29183.0,17.0,909.0,0.0,1131.641,35.249,238673.0,2081.0,25788217.0
2021-03-19,Australia,29192.0,9.0,909.0,0.0,1131.99,35.249,251060.0,2771.0,25788217.0
2021-03-20,Australia,29196.0,4.0,909.0,0.0,1132.145,35.249,253858.0,2924.0,25788217.0
2021-03-21,Australia,29206.0,10.0,909.0,0.0,1132.533,35.249,262283.0,19677.0,25788217.0
2021-03-22,Australia,29211.0,5.0,909.0,0.0,1132.727,35.249,289317.0,23185.0,25788217.0
2021-03-23,Australia,29221.0,10.0,909.0,0.0,1133.114,35.249,334123.0,24379.0,25788217.0
2021-03-24,Australia,29230.0,9.0,909.0,0.0,1133.463,35.249,379837.0,28573.0,25788217.0
2021-03-25,Australia,29239.0,9.0,909.0,0.0,1133.812,35.249,427294.0,32861.0,25788217.0
2021-03-26,Australia,29252.0,13.0,909.0,0.0,1134.316,35.249,471771.0,34694.0,25788217.0
2021-03-27,Australia,29259.0,7.0,909.0,0.0,1134.588,35.249,488220.0,35969.0,25788217.0
2021-03-28,Australia,29276.0,17.0,909.0,0.0,1135.247,35.249,505085.0,36676.0,25788217.0
2021-03-29,Australia,29296.0,20.0,909.0,0.0,1136.023,35.249,551335.0,46190.0,25788217.0
2021-03-30,Australia,29304.0,8.0,909.0,0.0,1136.333,35.249,620336.0,50015.0,25788217.0
2021-03-31,Australia,29322.0,18.0,909.0,0.0,1137.031,35.249,671606.0,72724.0,25788217.0
2021-04-01,Australia,29333.0,11.0,909.0,0.0,1137.457,35.249,744369.0,79244.0,25788217.0
2021-04-02,Australia,29341.0,8.0,909.0,0.0,1137.768,35.249,747698.0,80361.0,25788217.0
2021-04-03,Australia,29348.0,7.0,909.0,0.0,1138.039,35.249,761864.0,81318.0,25788217.0
2021-04-04,Australia,29357.0,9.0,909.0,0.0,1138.388,35.249,762679.0,81630.0,25788217.0
2021-04-05,Australia,29365.0,8.0,909.0,0.0,1138.698,35.249,771972.0,83011.0,25788217.0
2021-04-06,Australia,29379.0,14.0,909.0,0.0,1139.241,35.249,829963.0,90371.0,25788217.0
2021-04-07,Australia,29385.0,6.0,909.0,0.0,1139.474,35.249,899641.0,96573.0,25788217.0
2021-04-08,Australia,29390.0,5.0,909.0,0.0,1139.668,35.249,940239.0,137272.0,25788217.0
2021-04-09,Australia,29396.0,6.0,909.0,0.0,1139.9,35.249,993668.0,145198.0,25788217.0
2021-04-10,Australia,29405.0,9.0,909.0,0.0,1140.249,35.249,1018671.0,147897.0,25788217.0
2021-04-11,Australia,29419.0,14.0,909.0,0.0,1140.792,35.249,1029486.0,148816.0,25788217.0
2021-04-12,Australia,29429.0,10.0,910.0,1.0,1141.18,35.287,1077574.0,157107.0,25788217.0
2021-04-13,Australia,29450.0,21.0,910.0,0.0,1141.994,35.287,1131621.0,164051.0,25788217.0
2021-04-14,Australia,29469.0,19.0,910.0,0.0,1142.731,35.287,1188424.0,170881.0,25788217.0
2021-04-15,Australia,29484.0,15.0,910.0,0.0,1143.313,35.287,1242588.0,177989.0,25788217.0
2021-04-16,Australia,29499.0,15.0,910.0,0.0,1143.895,35.287,1290409.0,184149.0,25788217.0
2021-04-17,Australia,29519.0,20.0,910.0,0.0,1144.67,35.287,1310866.0,186046.0,25788217.0
2021-04-18,Australia,29533.0,14.0,910.0,0.0,1145.213,35.287,1399808.0,186748.0,25788217.0
2021-04-19,Australia,29556.0,23.0,910.0,0.0,1146.105,35.287,1459097.0,194189.0,25788217.0
2021-04-20,Australia,29576.0,20.0,910.0,0.0,1146.88,35.287,1516390.0,201717.0,25788217.0
2021-04-21,Australia,29594.0,18.0,910.0,0.0,1147.578,35.287,1565322.0,220376.0,25788217.0
2021-04-22,Australia,29638.0,44.0,910.0,0.0,1149.285,35.287,1628307.0,227294.0,25788217.0
2021-04-23,Australia,29653.0,15.0,910.0,0.0,1149.866,35.287,1682424.0,231623.0,25788217.0
2021-04-24,Australia,29663.0,10.0,910.0,0.0,1150.254,35.287,1701357.0,232720.0,25788217.0
2021-04-25,Australia,29680.0,17.0,910.0,0.0,1150.913,35.287,1704743.0,232742.0,25788217.0
2021-04-26,Australia,29717.0,37.0,910.0,0.0,1152.348,35.287,1735756.0,233581.0,25788217.0
2021-04-27,Australia,29750.0,33.0,910.0,0.0,1153.628,35.287,1791020.0,238524.0,25788217.0
2021-04-28,Australia,29773.0,23.0,910.0,0.0,1154.52,35.287,1867045.0,245240.0,25788217.0
2021-04-29,Australia,29798.0,25.0,910.0,0.0,1155.489,35.287,1926672.0,252872.0,25788217.0
2021-04-30,Australia,29811.0,13.0,910.0,0.0,1155.993,35.287,1976315.0,258529.0,25788217.0
2021-05-01,Australia,29824.0,13.0,910.0,0.0,1156.497,35.287,1994063.0,260011.0,25788217.0
2021-05-02,Australia,29838.0,14.0,910.0,0.0,1157.04,35.287,1999899.0,260716.0,25788217.0
2021-05-03,Australia,29850.0,12.0,910.0,0.0,1157.505,35.287,2051573.0,265396.0,25788217.0
2021-05-04,Australia,29865.0,15.0,910.0,0.0,1158.087,35.287,2124394.0,271920.0,25788217.0
2021-05-05,Australia,29884.0,19.0,910.0,0.0,1158.824,35.287,2195139.0,278390.0,25788217.0
2021-05-06,Australia,29893.0,9.0,910.0,0.0,1159.173,35.287,2268890.0,285641.0,25788217.0
2021-05-07,Australia,29906.0,13.0,910.0,0.0,1159.677,35.287,2335211.0,292514.0,25788217.0
2021-05-08,Australia,29922.0,16.0,910.0,0.0,1160.297,35.287,2360192.0,294146.0,25788217.0
2021-05-09,Australia,29931.0,9.0,910.0,0.0,1160.646,35.287,2368476.0,294745.0,25788217.0
2021-05-10,Australia,29938.0,7.0,910.0,0.0,1160.918,35.287,2436106.0,300001.0,25788217.0
2021-05-11,Australia,29946.0,8.0,910.0,0.0,1161.228,35.287,2506399.0,306087.0,25788217.0
2021-05-12,Australia,29955.0,9.0,910.0,0.0,1161.577,35.287,2580660.0,314110.0,25788217.0
2021-05-13,Australia,29957.0,2.0,910.0,0.0,1161.655,35.287,2660509.0,320135.0,25788217.0
2021-05-14,Australia,29964.0,7.0,910.0,0.0,1161.926,35.287,2728447.0,328350.0,25788217.0
2021-05-15,Australia,29975.0,11.0,910.0,0.0,1162.353,35.287,2758361.0,330823.0,25788217.0
2021-05-16,Australia,29978.0,3.0,910.0,0.0,1162.469,35.287,2768527.0,331610.0,25788217.0
2021-05-17,Australia,29983.0,5.0,910.0,0.0,1162.663,35.287,2772593.0,410731.0,25788217.0
2021-05-18,Australia,29992.0,9.0,910.0,0.0,1163.012,35.287,2861133.0,417721.0,25788217.0
2021-05-19,Australia,29995.0,3.0,910.0,0.0,1163.128,35.287,2946301.0,425427.0,25788217.0
2021-05-20,Australia,29999.0,4.0,910.0,0.0,1163.283,35.287,3038105.0,434769.0,25788217.0
2021-05-21,Australia,30003.0,4.0,910.0,0.0,1163.438,35.287,0.0,0.0,25788217.0
2021-05-22,Australia,30007.0,4.0,910.0,0.0,1163.593,35.287,0.0,0.0,25788217.0
2021-05-23,Australia,30019.0,12.0,910.0,0.0,1164.059,35.287,0.0,0.0,25788217.0
2021-05-24,Australia,30029.0,10.0,910.0,0.0,1164.447,35.287,3255437.0,435185.0,25788217.0
2021-05-25,Australia,30046.0,17.0,910.0,0.0,1165.106,35.287,3320569.0,474711.0,25788217.0
2021-05-26,Australia,30063.0,17.0,910.0,0.0,1165.765,35.287,3425248.0,481420.0,25788217.0
2021-05-27,Australia,30074.0,11.0,910.0,0.0,1166.192,35.287,3541569.0,489970.0,25788217.0
2021-05-28,Australia,30083.0,9.0,910.0,0.0,1166.541,35.287,3655905.0,497244.0,25788217.0
2021-05-29,Australia,30096.0,13.0,910.0,0.0,1167.045,35.287,3714197.0,498702.0,25788217.0
2021-05-30,Australia,30105.0,9.0,910.0,0.0,1167.394,35.287,3743622.0,499978.0,25788217.0
2021-05-31,Australia,30118.0,13.0,910.0,0.0,1167.898,35.287,3856485.0,506254.0,25788217.0
2021-06-01,Australia,30124.0,6.0,910.0,0.0,1168.13,35.287,3960329.0,541115.0,25788217.0
2021-06-02,Australia,30137.0,13.0,910.0,0.0,1168.634,35.287,4092509.0,550194.0,25788217.0
2021-06-03,Australia,30141.0,4.0,910.0,0.0,1168.79,35.287,4226528.0,559834.0,25788217.0
2021-06-04,Australia,30157.0,16.0,910.0,0.0,1169.41,35.287,4357962.0,569645.0,25788217.0
2021-06-05,Australia,30173.0,16.0,910.0,0.0,1170.03,35.287,4442925.0,573427.0,25788217.0
2021-06-06,Australia,30191.0,18.0,910.0,0.0,1170.728,35.287,4463413.0,613000.0,25788217.0
2021-06-07,Australia,30205.0,14.0,910.0,0.0,1171.271,35.287,4568516.0,635461.0,25788217.0
2021-06-08,Australia,30210.0,5.0,910.0,0.0,1171.465,35.287,4693030.0,651832.0,25788217.0
2021-06-09,Australia,30225.0,15.0,910.0,0.0,1172.047,35.287,4817746.0,669924.0,25788217.0
2021-06-10,Australia,30228.0,3.0,910.0,0.0,1172.163,35.287,4954528.0,686480.0,25788217.0
2021-06-11,Australia,30234.0,6.0,910.0,0.0,1172.396,35.287,0.0,0.0,25788217.0
2021-06-12,Australia,30248.0,14.0,910.0,0.0,1172.939,35.287,0.0,0.0,25788217.0
2021-06-13,Australia,30262.0,14.0,910.0,0.0,1173.482,35.287,5000913.0,866386.0,25788217.0
2021-06-14,Australia,30273.0,11.0,910.0,0.0,1173.908,35.287,5029208.0,902037.0,25788217.0
2021-06-15,Australia,30286.0,13.0,910.0,0.0,1174.412,35.287,5157291.0,926029.0,25788217.0
2021-06-16,Australia,30301.0,15.0,910.0,0.0,1174.994,35.287,5258090.0,961240.0,25788217.0
2021-06-17,Australia,30309.0,8.0,910.0,0.0,1175.304,35.287,5340569.0,1020097.0,25788217.0
2021-06-18,Australia,30322.0,13.0,910.0,0.0,1175.808,35.287,5447144.0,1044332.0,25788217.0
2021-06-19,Australia,30331.0,9.0,910.0,0.0,1176.157,35.287,5499359.0,1056670.0,25788217.0
2021-06-20,Australia,30355.0,24.0,910.0,0.0,1177.088,35.287,5509653.0,1081088.0,25788217.0
2021-06-21,Australia,30366.0,11.0,910.0,0.0,1177.515,35.287,5630732.0,1088652.0,25788217.0
2021-06-22,Australia,30380.0,14.0,910.0,0.0,1178.057,35.287,5645745.0,1214531.0,25788217.0
2021-06-23,Australia,30404.0,24.0,910.0,0.0,1178.988,35.287,5756508.0,1242690.0,25788217.0
2021-06-24,Australia,30424.0,20.0,910.0,0.0,1179.764,35.287,5777713.0,1359919.0,25788217.0
2021-06-25,Australia,30457.0,33.0,910.0,0.0,1181.043,35.287,5871374.0,1386231.0,25788217.0
2021-06-26,Australia,30499.0,42.0,910.0,0.0,1182.672,35.287,5876688.0,1449632.0,25788217.0
2021-06-27,Australia,30528.0,29.0,910.0,0.0,1183.796,35.287,5897308.0,1477358.0,25788217.0
2021-06-28,Australia,30560.0,32.0,910.0,0.0,1185.037,35.287,6021941.0,1478759.0,25788217.0
2021-06-29,Australia,30602.0,42.0,910.0,0.0,1186.666,35.287,6099088.0,1546497.0,25788217.0
2021-06-30,Australia,30643.0,41.0,910.0,0.0,1188.256,35.287,6109102.0,1633434.0,25788217.0
2021-07-01,Australia,30684.0,41.0,910.0,0.0,1189.846,35.287,6201581.0,1726273.0,25788217.0
2021-07-02,Australia,30734.0,50.0,910.0,0.0,1191.785,35.287,6274405.0,1808266.0,25788217.0
2021-07-03,Australia,30753.0,19.0,910.0,0.0,1192.521,35.287,6319911.0,1855746.0,25788217.0
2021-07-04,Australia,30804.0,51.0,910.0,0.0,1194.499,35.287,6348365.0,1877621.0,25788217.0
2021-07-05,Australia,30831.0,27.0,910.0,0.0,1195.546,35.287,6416805.0,1944225.0,25788217.0
2021-07-06,Australia,30861.0,30.0,910.0,0.0,1196.709,35.287,6496559.0,2023935.0,25788217.0
2021-07-07,Australia,30903.0,42.0,910.0,0.0,1198.338,35.287,6570649.0,2099475.0,25788217.0
2021-07-08,Australia,30951.0,48.0,910.0,0.0,1200.199,35.287,6646330.0,2180544.0,25788217.0
2021-07-09,Australia,31015.0,64.0,910.0,0.0,1202.681,35.287,6717106.0,2254598.0,25788217.0
2021-07-10,Australia,31100.0,85.0,911.0,1.0,1205.977,35.326,6766522.0,2303847.0,25788217.0
2021-07-11,Australia,31221.0,121.0,911.0,0.0,1210.669,35.326,6798066.0,2325721.0,25788217.0
2021-07-12,Australia,31323.0,102.0,912.0,1.0,1214.624,35.365,6869133.0,2400772.0,25788217.0
2021-07-13,Australia,31429.0,106.0,912.0,0.0,1218.735,35.365,6950177.0,2488649.0,25788217.0
2021-07-14,Australia,31513.0,84.0,912.0,0.0,1221.992,35.365,7030339.0,2578512.0,25788217.0
2021-07-15,Australia,31626.0,113.0,912.0,0.0,1226.374,35.365,7110598.0,2669945.0,25788217.0
2021-07-16,Australia,31771.0,145.0,913.0,1.0,1231.997,35.404,7189791.0,2753511.0,25788217.0
2021-07-17,Australia,31899.0,128.0,914.0,1.0,1236.96,35.443,7243962.0,2801868.0,25788217.0
2021-07-18,Australia,32016.0,117.0,914.0,0.0,1241.497,35.443,7274900.0,2828259.0,25788217.0
2021-07-19,Australia,32120.0,104.0,915.0,1.0,1245.53,35.481,7363541.0,2906803.0,25788217.0
2021-07-20,Australia,32266.0,146.0,915.0,0.0,1251.192,35.481,7449080.0,2994696.0,25788217.0
2021-07-21,Australia,32426.0,160.0,915.0,0.0,1257.396,35.481,7548583.0,3090133.0,25788217.0
2021-07-22,Australia,32582.0,156.0,916.0,1.0,1263.445,35.52,7643470.0,3183426.0,25788217.0
2021-07-23,Australia,32753.0,171.0,916.0,0.0,1270.076,35.52,7739291.0,3271964.0,25788217.0
2021-07-24,Australia,32918.0,165.0,918.0,2.0,1276.474,35.598,7803021.0,3327213.0,25788217.0
2021-07-25,Australia,33082.0,164.0,918.0,0.0,1282.834,35.598,7840804.0,3359005.0,25788217.0
2021-07-26,Australia,33266.0,184.0,922.0,4.0,1289.969,35.753,7934454.0,3445022.0,25788217.0
2021-07-27,Australia,33473.0,207.0,921.0,0.0,1297.996,35.714,8025806.0,3545062.0,25788217.0
2021-07-28,Australia,33726.0,253.0,923.0,2.0,1307.807,35.792,8137548.0,3656540.0,25788217.0
2021-07-29,Australia,33909.0,183.0,923.0,0.0,1314.903,35.792,8237020.0,3762007.0,25788217.0
2021-07-30,Australia,34130.0,221.0,924.0,1.0,1323.473,35.83,8344012.0,3865785.0,25788217.0
2021-07-31,Australia,34383.0,253.0,924.0,0.0,1333.283,35.83,8407015.0,3927056.0,25788217.0
2021-08-01,Australia,34612.0,229.0,925.0,1.0,1342.163,35.869,8445404.0,3964723.0,25788217.0
2021-08-02,Australia,34836.0,224.0,925.0,0.0,1350.849,35.869,8537516.0,4061924.0,25788217.0
2021-08-03,Australia,35089.0,253.0,927.0,2.0,1360.66,35.947,8644506.0,4174026.0,25788217.0
2021-08-04,Australia,35391.0,302.0,932.0,5.0,1372.371,36.141,8751409.0,4289820.0,25788217.0
2021-08-05,Australia,35698.0,307.0,933.0,1.0,1384.276,36.179,8872330.0,4408805.0,25788217.0
2021-08-06,Australia,36051.0,353.0,939.0,6.0,1397.964,36.412,8990538.0,4526588.0,25788217.0
2021-08-07,Australia,36328.0,277.0,938.0,0.0,1408.705,36.373,9061739.0,4611321.0,25788217.0
2021-08-08,Australia,36630.0,302.0,939.0,1.0,1420.416,36.412,9108510.0,4651958.0,25788217.0
2021-08-09,Australia,37010.0,380.0,943.0,4.0,1435.152,36.567,9217113.0,4761140.0,25788217.0
2021-08-10,Australia,37377.0,367.0,945.0,2.0,1449.383,36.645,9352280.0,4892237.0,25788217.0
2021-08-11,Australia,37749.0,372.0,947.0,2.0,1463.808,36.722,9484184.0,5023297.0,25788217.0
2021-08-12,Australia,38165.0,416.0,949.0,2.0,1479.939,36.8,9618874.0,5158400.0,25788217.0
2021-08-13,Australia,38658.0,493.0,953.0,4.0,1499.057,36.955,9760508.0,5295788.0,25788217.0
2021-08-14,Australia,39097.0,439.0,958.0,5.0,1516.08,37.149,9847969.0,5372888.0,25788217.0
2021-08-15,Australia,39615.0,518.0,966.0,8.0,1536.167,37.459,9905472.0,5409686.0,25788217.0
2021-08-16,Australia,40097.0,482.0,967.0,1.0,1554.857,37.498,10051748.0,5542237.0,25788217.0
2021-08-17,Australia,40774.0,677.0,970.0,3.0,1581.11,37.614,10195842.0,5671442.0,25788217.0
2021-08-18,Australia,41521.0,747.0,972.0,2.0,1610.076,37.692,10359796.0,5815832.0,25788217.0
2021-08-19,Australia,42228.0,707.0,976.0,4.0,1637.492,37.847,10519590.0,5958723.0,25788217.0
2021-08-20,Australia,43119.0,891.0,978.0,2.0,1672.043,37.924,10684738.0,6103421.0,25788217.0
2021-08-21,Australia,44026.0,907.0,981.0,3.0,1707.214,38.041,10793183.0,6190566.0,25788217.0
2021-08-22,Australia,44920.0,894.0,984.0,3.0,1741.881,38.157,10882390.0,6240640.0,25788217.0
2021-08-23,Australia,45754.0,834.0,984.0,0.0,1774.221,38.157,11043784.0,6368421.0,25788217.0
2021-08-24,Australia,46725.0,971.0,986.0,2.0,1811.874,38.235,11210096.0,6508204.0,25788217.0
2021-08-25,Australia,47840.0,1115.0,989.0,3.0,1855.111,38.351,11391093.0,6661200.0,25788217.0
2021-08-26,Australia,48816.0,976.0,991.0,2.0,1892.958,38.428,11550262.0,6808469.0,25788217.0
2021-08-27,Australia,49935.0,1119.0,993.0,2.0,1936.349,38.506,11724184.0,6950122.0,25788217.0
2021-08-28,Australia,51256.0,1321.0,999.0,6.0,1987.574,38.739,11850205.0,7044253.0,25788217.0
2021-08-29,Australia,52611.0,1355.0,1003.0,4.0,2040.118,38.894,11956986.0,7095576.0,25788217.0
2021-08-30,Australia,53868.0,1257.0,1006.0,3.0,2088.861,39.01,12106618.0,7222529.0,25788217.0
2021-08-31,Australia,55093.0,1225.0,1012.0,6.0,2136.363,39.243,12293802.0,7369320.0,25788217.0
2021-09-01,Australia,56560.0,1467.0,1019.0,7.0,2193.25,39.514,12480413.0,7512554.0,25788217.0
2021-09-02,Australia,58208.0,1648.0,1032.0,13.0,2257.155,40.018,12640002.0,7653638.0,25788217.0
2021-09-03,Australia,59949.0,1741.0,1036.0,4.0,2324.666,40.173,12811797.0,7793356.0,25788217.0
2021-09-04,Australia,61619.0,1670.0,1039.0,3.0,2389.425,40.29,12938761.0,7879487.0,25788217.0
2021-09-05,Australia,63155.0,1536.0,1044.0,5.0,2448.987,40.484,13023788.0,7924726.0,25788217.0
2021-09-06,Australia,64621.0,1466.0,1052.0,8.0,2505.834,40.794,13160225.0,8046566.0,25788217.0
2021-09-07,Australia,66317.0,1696.0,1060.0,8.0,2571.601,41.104,13313703.0,8186949.0,25788217.0
2021-09-08,Australia,68042.0,1725.0,1066.0,6.0,2638.492,41.337,13480795.0,8330598.0,25788217.0
2021-09-09,Australia,69912.0,1870.0,1076.0,10.0,2711.006,41.724,13646933.0,8482722.0,25788217.0
2021-09-10,Australia,71987.0,2075.0,1084.0,8.0,2791.469,42.035,13800869.0,8631565.0,25788217.0
2021-09-11,Australia,73603.0,1616.0,1091.0,7.0,2854.133,42.306,13907333.0,8720390.0,25788217.0
2021-09-12,Australia,75323.0,1720.0,1098.0,7.0,2920.83,42.578,13986743.0,8773858.0,25788217.0
2021-09-13,Australia,76901.0,1578.0,1102.0,4.0,2982.021,42.733,14179661.0,8921250.0,25788217.0
2021-09-14,Australia,78544.0,1643.0,1116.0,14.0,3045.732,43.276,14336221.0,9066250.0,25788217.0
2021-09-15,Australia,80400.0,1856.0,1128.0,12.0,3117.703,43.741,14491771.0,9215782.0,25788217.0
2021-09-16,Australia,82200.0,1800.0,1141.0,13.0,3187.502,44.245,14648688.0,9360385.0,25788217.0
2021-09-17,Australia,84056.0,1856.0,1148.0,7.0,3259.473,44.516,14816773.0,9529749.0,25788217.0
2021-09-18,Australia,85628.0,1572.0,1162.0,14.0,3320.431,45.059,14939866.0,9633085.0,25788217.0
2021-09-19,Australia,87128.0,1500.0,1167.0,5.0,3378.597,45.253,15044653.0,9700572.0,25788217.0
2021-09-20,Australia,88710.0,1582.0,1178.0,11.0,3439.943,45.68,15211965.0,9853616.0,25788217.0
2021-09-21,Australia,90369.0,1659.0,1186.0,8.0,3504.275,45.99,15377929.0,10018707.0,25788217.0
2021-09-22,Australia,92178.0,1809.0,1196.0,10.0,3574.423,46.378,15549405.0,10183666.0,25788217.0
2021-09-23,Australia,93942.0,1764.0,1208.0,12.0,3642.826,46.843,15724785.0,10355227.0,25788217.0
2021-09-24,Australia,95807.0,1865.0,1220.0,12.0,3715.146,47.308,15867929.0,10522536.0,25788217.0
2021-09-25,Australia,97559.0,1752.0,1231.0,11.0,3783.084,47.735,15974334.0,10634837.0,25788217.0
2021-09-26,Australia,99031.0,1472.0,1245.0,14.0,3840.165,48.278,16050194.0,10703942.0,25788217.0
2021-09-27,Australia,100911.0,1880.0,1256.0,11.0,3913.066,48.704,16194869.0,10861999.0,25788217.0
2021-09-28,Australia,102723.0,1812.0,1279.0,23.0,3983.331,49.596,16348214.0,11039616.0,25788217.0
2021-09-29,Australia,105123.0,2400.0,1291.0,12.0,4076.397,50.062,16493044.0,11202638.0,25788217.0
2021-09-30,Australia,107181.0,2058.0,1311.0,20.0,4156.2,50.837,16649549.0,11386339.0,25788217.0
2021-10-01,Australia,109516.0,2335.0,1321.0,10.0,4246.746,51.225,16790440.0,11571446.0,25788217.0
2021-10-02,Australia,111388.0,1872.0,1334.0,13.0,4319.337,51.729,16882622.0,11689936.0,25788217.0
2021-10-03,Australia,113411.0,2023.0,1346.0,12.0,4397.784,52.194,16943837.0,11766864.0,25788217.0
2021-10-04,Australia,115800.0,2389.0,1357.0,11.0,4490.423,52.621,17027036.0,11868894.0,25788217.0
2021-10-05,Australia,117826.0,2026.0,1379.0,22.0,4568.986,53.474,17160890.0,12084896.0,25788217.0
2021-10-06,Australia,120042.0,2216.0,1389.0,10.0,4654.917,53.862,17287976.0,12293262.0,25788217.0
2021-10-07,Australia,122566.0,2524.0,1405.0,16.0,4752.791,54.482,17408468.0,12503241.0,25788217.0
2021-10-08,Australia,125081.0,2515.0,1421.0,16.0,4850.316,55.103,17521126.0,12720856.0,25788217.0
2021-10-09,Australia,127471.0,2390.0,1432.0,11.0,4942.994,55.529,17593798.0,12883681.0,25788217.0
2021-10-10,Australia,129567.0,2096.0,1448.0,16.0,5024.271,56.15,17644750.0,12998286.0,25788217.0
2021-10-11,Australia,131415.0,1848.0,1461.0,13.0,5095.932,56.654,17742605.0,13212457.0,25788217.0
2021-10-12,Australia,133444.0,2029.0,1478.0,17.0,5174.611,57.313,17844016.0,13446945.0,25788217.0
2021-10-13,Australia,136188.0,2744.0,1496.0,18.0,5281.017,58.011,17936776.0,13672371.0,25788217.0
2021-10-14,Australia,138720.0,2532.0,1507.0,11.0,5379.201,58.438,18030376.0,13891163.0,25788217.0
2021-10-15,Australia,141031.0,2311.0,1515.0,8.0,5468.815,58.748,18118501.0,14101561.0,25788217.0
2021-10-16,Australia,143204.0,2173.0,1532.0,17.0,5553.079,59.407,18170223.0,14245406.0,25788217.0
2021-10-17,Australia,145263.0,2059.0,1543.0,11.0,5632.921,59.834,18214049.0,14360419.0,25788217.0
2021-10-18,Australia,147301.0,2038.0,1558.0,15.0,5711.95,60.415,18292826.0,14558572.0,25788217.0
2021-10-19,Australia,149398.0,2097.0,1577.0,19.0,5793.266,61.152,18373112.0,14753069.0,25788217.0
2021-10-20,Australia,151942.0,2544.0,1590.0,13.0,5891.916,61.656,18452962.0,14946699.0,25788217.0
2021-10-21,Australia,154489.0,2547.0,1611.0,21.0,5990.682,62.47,18531078.0,15144905.0,25788217.0
2021-10-22,Australia,156372.0,1883.0,1622.0,11.0,6063.7,62.897,18603298.0,15342065.0,25788217.0
2021-10-23,Australia,158546.0,2174.0,1637.0,15.0,6148.002,63.479,18652593.0,15484232.0,25788217.0
2021-10-24,Australia,160230.0,1684.0,1648.0,11.0,6213.303,63.905,18692857.0,15569263.0,25788217.0
2021-10-25,Australia,162016.0,1786.0,1653.0,5.0,6282.559,64.099,18760049.0,15733744.0,25788217.0
2021-10-26,Australia,163866.0,1850.0,1669.0,16.0,6354.297,64.719,18823795.0,15893583.0,25788217.0
2021-10-27,Australia,165904.0,2038.0,1696.0,27.0,6433.326,65.766,18883733.0,16050115.0,25788217.0
2021-10-28,Australia,167790.0,1886.0,1708.0,12.0,6506.46,66.232,18944029.0,16212257.0,25788217.0
2021-10-29,Australia,169379.0,1589.0,1722.0,14.0,6568.077,66.775,18996212.0,16363567.0,25788217.0
2021-10-30,Australia,170564.0,1185.0,1735.0,13.0,6614.028,67.279,19029312.0,16469355.0,25788217.0
2021-10-31,Australia,172030.0,1466.0,1743.0,8.0,6670.876,67.589,19052562.0,16529442.0,25788217.0
2021-11-01,Australia,173165.0,1135.0,1756.0,13.0,6714.888,68.093,19100734.0,16678894.0,25788217.0
2021-11-02,Australia,174276.0,1111.0,1768.0,12.0,6757.97,68.558,19138869.0,16777488.0,25788217.0
2021-11-03,Australia,175813.0,1537.0,1781.0,13.0,6817.571,69.063,19177383.0,16907279.0,25788217.0
2021-11-04,Australia,177393.0,1580.0,1795.0,14.0,6878.839,69.605,19218733.0,17033089.0,25788217.0
2021-11-05,Australia,178927.0,1534.0,1805.0,10.0,6938.324,69.993,19261941.0,17164167.0,25788217.0
2021-11-06,Australia,180314.0,1387.0,1815.0,10.0,6992.108,70.381,19286079.0,17237996.0,25788217.0
2021-11-07,Australia,181578.0,1264.0,1827.0,12.0,7041.123,70.846,19303290.0,17283428.0,25788217.0
2021-11-08,Australia,182870.0,1292.0,1841.0,14.0,7091.223,71.389,19338366.0,17389176.0,25788217.0
2021-11-09,Australia,184071.0,1201.0,1858.0,17.0,7137.795,72.048,19373942.0,17487181.0,25788217.0
2021-11-10,Australia,185627.0,1556.0,1862.0,4.0,7198.132,72.204,19417387.0,17582957.0,25788217.0
2021-11-11,Australia,187041.0,1414.0,1873.0,11.0,7252.964,72.63,19466357.0,17680831.0,25788217.0
2021-11-12,Australia,188493.0,1452.0,1877.0,4.0,7309.268,72.785,19514381.0,17778385.0,25788217.0
2021-11-13,Australia,189608.0,1115.0,1882.0,5.0,7352.505,72.979,19541933.0,17835028.0,25788217.0
2021-11-14,Australia,190603.0,995.0,1888.0,6.0,7391.089,73.212,19563025.0,17872077.0,25788217.0
2021-11-15,Australia,191617.0,1014.0,1898.0,10.0,7430.409,73.6,19605792.0,17958614.0,25788217.0
2021-11-16,Australia,192845.0,1228.0,1907.0,9.0,7478.028,73.949,19646353.0,18041042.0,25788217.0
2021-11-17,Australia,194112.0,1267.0,1922.0,15.0,7527.159,74.53,19684790.0,18116999.0,25788217.0
2021-11-18,Australia,195617.0,1505.0,1933.0,11.0,7585.519,74.957,19723676.0,18192428.0,25788217.0
2021-11-19,Australia,196977.0,1360.0,1938.0,5.0,7638.256,75.151,19758303.0,18266176.0,25788217.0
2021-11-20,Australia,198442.0,1465.0,1944.0,6.0,7695.065,75.383,19779653.0,18309411.0,25788217.0
2021-11-21,Australia,199649.0,1207.0,1948.0,4.0,7741.869,75.538,19787505.0,18323181.0,25788217.0
2021-11-22,Australia,200651.0,1002.0,1968.0,20.0,7780.724,76.314,19829190.0,18410862.0,25788217.0
2021-11-23,Australia,202115.0,1464.0,1973.0,5.0,7837.494,76.508,19861082.0,18472524.0,25788217.0
2021-11-24,Australia,203642.0,1527.0,1978.0,5.0,7896.707,76.702,19892336.0,18533097.0,25788217.0
2021-11-25,Australia,205269.0,1627.0,1985.0,7.0,7959.798,76.973,19922295.0,18594054.0,25788217.0
2021-11-26,Australia,206749.0,1480.0,1990.0,5.0,8017.189,77.167,19950573.0,18655024.0,25788217.0
2021-11-27,Australia,207984.0,1235.0,1994.0,4.0,8065.079,77.322,19965449.0,18685541.0,25788217.0
2021-11-28,Australia,209139.0,1155.0,1997.0,3.0,8109.867,77.438,19975729.0,18704697.0,25788217.0
2021-11-29,Australia,210238.0,1099.0,2006.0,9.0,8152.483,77.787,20001144.0,18759075.0,25788217.0
2021-11-30,Australia,211655.0,1417.0,2011.0,5.0,8207.431,77.981,20025197.0,18808812.0,25788217.0
2021-12-01,Australia,213357.0,1702.0,2021.0,10.0,8273.43,78.369,20047381.0,18858248.0,25788217.0
2021-12-02,Australia,214879.0,1522.0,2033.0,12.0,8332.449,78.834,20068712.0,18910601.0,25788217.0
2021-12-03,Australia,216587.0,1708.0,2042.0,9.0,8398.681,79.183,20088965.0,18962130.0,25788217.0
2021-12-04,Australia,217836.0,1249.0,2050.0,8.0,8447.114,79.494,20099492.0,18990458.0,25788217.0
2021-12-05,Australia,219121.0,1285.0,2056.0,6.0,8496.943,79.726,20106757.0,19008755.0,25788217.0
2021-12-06,Australia,220555.0,1434.0,2065.0,9.0,8552.549,80.075,20124711.0,19055462.0,25788217.0
2021-12-07,Australia,222260.0,1705.0,2072.0,7.0,8618.665,80.347,20142711.0,19101361.0,25788217.0
2021-12-08,Australia,223914.0,1654.0,2082.0,10.0,8682.803,80.735,20161524.0,19149409.0,25788217.0
2021-12-09,Australia,225625.0,1711.0,2084.0,2.0,8749.151,80.812,20180465.0,19196983.0,25788217.0
2021-12-10,Australia,227382.0,1757.0,2100.0,16.0,8817.283,81.433,20196129.0,19238301.0,25788217.0
2021-12-11,Australia,228925.0,1543.0,2104.0,4.0,8877.116,81.588,20205275.0,19262415.0,25788217.0
2021-12-12,Australia,230768.0,1843.0,2106.0,2.0,8948.583,81.665,20208813.0,19271471.0,25788217.0
2021-12-13,Australia,232738.0,1970.0,2113.0,7.0,9024.974,81.937,20230376.0,19329106.0,25788217.0
2021-12-14,Australia,235547.0,2809.0,2117.0,4.0,9133.9,82.092,20249293.0,19375276.0,25788217.0
2021-12-15,Australia,238970.0,3423.0,2126.0,9.0,9266.635,82.441,20268871.0,19421269.0,25788217.0
2021-12-16,Australia,242772.0,3802.0,2134.0,8.0,9414.067,82.751,20289049.0,19468074.0,25788217.0
2021-12-17,Australia,246789.0,4017.0,2142.0,8.0,9569.836,83.061,20309711.0,19515162.0,25788217.0
2021-12-18,Australia,250651.0,3862.0,2146.0,4.0,9719.594,83.216,20320601.0,19538547.0,25788217.0
2021-12-19,Australia,254682.0,4031.0,2146.0,0.0,9875.906,83.216,20328607.0,19553057.0,25788217.0
2021-12-20,Australia,259174.0,4492.0,2154.0,8.0,10050.094,83.527,20346169.0,19587839.0,25788217.0
2021-12-21,Australia,264705.0,5531.0,2162.0,8.0,10264.572,83.837,20363806.0,19620308.0,25788217.0
2021-12-22,Australia,273062.0,8357.0,2173.0,11.0,10588.634,84.263,20380970.0,19651146.0,25788217.0
2021-12-23,Australia,281280.0,8218.0,2182.0,9.0,10907.307,84.612,20397079.0,19678606.0,25788217.0
2021-12-24,Australia,291135.0,9855.0,2188.0,6.0,11289.458,84.845,20397079.0,19678606.0,25788217.0
2021-12-25,Australia,300594.0,9459.0,2190.0,2.0,11656.254,84.923,20397079.0,19678606.0,25788217.0
2021-12-26,Australia,310478.0,9884.0,2196.0,6.0,12039.53,85.155,20410720.0,19699622.0,25788217.0
2021-12-27,Australia,322275.0,11797.0,2202.0,6.0,12496.987,85.388,20413876.0,19704056.0,25788217.0
2021-12-28,Australia,339953.0,17678.0,2210.0,8.0,13182.493,85.698,20417817.0,19709450.0,25788217.0
2021-12-29,Australia,361322.0,21369.0,2224.0,14.0,14011.128,86.241,20430343.0,19733014.0,25788217.0
2021-12-30,Australia,395133.0,33811.0,2239.0,15.0,15322.23,86.823,20444346.0,19755837.0,25788217.0
2021-12-31,Australia,425496.0,30363.0,2253.0,14.0,16499.628,87.365,20444346.0,19755837.0,25788217.0
2022-01-01,Australia,462955.0,37459.0,2257.0,4.0,17952.191,87.521,20444346.0,19755837.0,25788217.0
2022-01-02,Australia,492563.0,29608.0,2266.0,9.0,19100.312,87.87,20460234.0,19778026.0,25788217.0
2022-01-03,Australia,537308.0,44745.0,2270.0,4.0,20835.407,88.025,20463839.0,19782523.0,25788217.0
2022-01-04,Australia,608803.0,71495.0,2290.0,20.0,23607.797,88.8,20475452.0,19806589.0,25788217.0
2022-01-05,Australia,684229.0,75426.0,2302.0,12.0,26532.621,89.266,20488662.0,19832376.0,25788217.0
2022-01-06,Australia,762458.0,78229.0,2321.0,19.0,29566.139,90.002,20503096.0,19857649.0,25788217.0
2022-01-07,Australia,860550.0,98092.0,2337.0,16.0,33369.891,90.623,20516623.0,19882365.0,25788217.0
2022-01-08,Australia,972457.0,111907.0,2366.0,29.0,37709.354,91.747,20524868.0,19896355.0,25788217.0
2022-01-09,Australia,1045291.0,72834.0,2387.0,21.0,40533.667,92.562,20529932.0,19904821.0,25788217.0
2022-01-10,Australia,1139097.0,93806.0,2415.0,28.0,44171.22,93.647,20578901.0,19928352.0,25788217.0
2022-01-11,Australia,1223505.0,84408.0,2465.0,50.0,47444.343,95.586,20644440.0,19946441.0,25788217.0
2022-01-12,Australia,1398776.0,175271.0,2522.0,57.0,54240.896,97.797,20714403.0,19967401.0,25788217.0
2022-01-13,Australia,1526961.0,128185.0,2572.0,50.0,59211.577,99.735,20784959.0,19987928.0,25788217.0
2022-01-14,Australia,1613249.0,86288.0,2621.0,49.0,62557.601,101.636,20857930.0,20006998.0,25788217.0
2022-01-15,Australia,1726116.0,112867.0,2673.0,52.0,66934.29,103.652,20905692.0,20015852.0,25788217.0
2022-01-16,Australia,1786007.0,59891.0,2692.0,19.0,69256.707,104.389,20938457.0,20020735.0,25788217.0
2022-01-17,Australia,1870362.0,84355.0,2773.0,81.0,72527.775,107.53,21009044.0,20036097.0,25788217.0
2022-01-18,Australia,1954977.0,84615.0,2843.0,70.0,75808.925,110.244,21078643.0,20050685.0,25788217.0
2022-01-19,Australia,2022581.0,67604.0,2890.0,47.0,78430.432,112.067,21148938.0,20066316.0,25788217.0
2022-01-20,Australia,2086522.0,63941.0,2978.0,88.0,80909.898,115.479,21218556.0,20083160.0,25788217.0
2022-01-21,Australia,2129688.0,43166.0,3043.0,65.0,82583.763,118.0,21284622.0,20098787.0,25788217.0
2022-01-22,Australia,2196870.0,67182.0,3121.0,78.0,85188.906,121.024,21324245.0,20106005.0,25788217.0
2022-01-23,Australia,2229104.0,32234.0,3148.0,27.0,86438.857,122.071,21352957.0,20110855.0,25788217.0
2022-01-24,Australia,2287126.0,58022.0,3230.0,82.0,88688.799,125.251,21414046.0,20123268.0,25788217.0
2022-01-25,Australia,2340046.0,52920.0,3299.0,69.0,90740.899,127.927,21472820.0,20137891.0,25788217.0
2022-01-26,Australia,2391062.0,51016.0,3390.0,91.0,92719.167,131.455,21490441.0,20142694.0,25788217.0
2022-01-27,Australia,2457285.0,66223.0,3477.0,87.0,95287.123,134.829,21543461.0,20160170.0,25788217.0
2022-01-28,Australia,2523265.0,65980.0,3632.0,155.0,97845.656,140.84,21596983.0,20178059.0,25788217.0
2022-01-29,Australia,2570523.0,47258.0,3718.0,86.0,99678.198,144.174,21629171.0,20188421.0,25788217.0
2022-01-30,Australia,2607242.0,36719.0,3760.0,42.0,101102.065,145.803,21647934.0,20194741.0,25788217.0
2022-01-31,Australia,2580386.0,0.0,3835.0,75.0,100060.659,148.711,21683520.0,20211402.0,25788217.0
2022-02-01,Australia,2620532.0,40146.0,3905.0,70.0,101617.417,151.426,21712260.0,20228401.0,25788217.0
2022-02-02,Australia,2644760.0,24228.0,3987.0,82.0,102556.916,154.605,21738444.0,20243421.0,25788217.0
2022-02-03,Australia,2676939.0,32179.0,4073.0,86.0,103804.734,157.94,21763718.0,20258283.0,25788217.0
2022-02-04,Australia,2704275.0,27336.0,4154.0,81.0,104864.753,161.081,21787774.0,20273781.0,25788217.0
2022-02-05,Australia,2727260.0,22985.0,4200.0,46.0,105756.051,162.865,21803823.0,20282518.0,25788217.0
2022-02-06,Australia,2752507.0,25247.0,4248.0,48.0,106735.064,164.726,21813079.0,20287496.0,25788217.0
2022-02-07,Australia,2779880.0,27373.0,4302.0,54.0,107796.518,166.82,21831166.0,20300210.0,25788217.0
2022-02-08,Australia,2811390.0,31510.0,4373.0,71.0,109018.394,169.574,21849002.0,20313139.0,25788217.0
2022-02-09,Australia,2822873.0,11483.0,4422.0,49.0,109463.675,171.474,21865954.0,20326872.0,25788217.0
2022-02-10,Australia,2854123.0,31250.0,4479.0,57.0,110675.469,173.684,21880794.0,20339977.0,25788217.0
2022-02-11,Australia,2876687.0,22564.0,4543.0,64.0,111550.442,176.166,21895835.0,20353147.0,25788217.0
2022-02-12,Australia,2902294.0,25607.0,4593.0,50.0,112543.415,178.105,21906946.0,20360127.0,25788217.0
2022-02-13,Australia,2914583.0,12289.0,4604.0,11.0,113019.95,178.531,21911397.0,20363428.0,25788217.0
2022-02-14,Australia,2945496.0,30913.0,4664.0,60.0,114218.676,180.858,21922677.0,20374213.0,25788217.0
2022-02-15,Australia,2969890.0,24394.0,4726.0,62.0,115164.612,183.262,21933086.0,20384601.0,25788217.0
2022-02-16,Australia,2967316.0,0.0,4797.0,71.0,115064.799,186.015,21943571.0,20393712.0,25788217.0
2022-02-17,Australia,2990045.0,22729.0,4833.0,36.0,115946.17,187.411,21954313.0,20403693.0,25788217.0
2022-02-18,Australia,3013262.0,23217.0,4878.0,45.0,116846.465,189.156,21967182.0,20414450.0,25788217.0
2022-02-19,Australia,3030638.0,17376.0,4912.0,34.0,117520.261,190.475,21976357.0,20420498.0,25788217.0
2022-02-20,Australia,3048857.0,18219.0,4929.0,17.0,118226.747,191.134,21980295.0,20423361.0,25788217.0
2022-02-21,Australia,3074020.0,25163.0,4966.0,37.0,119202.502,192.569,21992267.0,20433044.0,25788217.0
2022-02-22,Australia,3099249.0,25229.0,5025.0,59.0,120180.817,194.856,22004154.0,20441976.0,25788217.0
2022-02-23,Australia,3124101.0,24852.0,5062.0,37.0,121144.513,196.291,22015487.0,20450588.0,25788217.0
2022-02-24,Australia,3150771.0,26670.0,5095.0,33.0,122178.707,197.571,22026289.0,20459281.0,25788217.0
2022-02-25,Australia,3170574.0,19803.0,5131.0,36.0,122946.616,198.967,22036909.0,20468250.0,25788217.0
2022-02-26,Australia,3188117.0,17543.0,5157.0,26.0,123626.887,199.975,22044111.0,20473343.0,25788217.0
2022-02-27,Australia,3209599.0,21482.0,5171.0,14.0,124459.904,200.518,22047151.0,20475638.0,25788217.0
2022-02-28,Australia,3235017.0,25418.0,5210.0,39.0,125445.547,202.03,22055898.0,20483240.0,25788217.0
2022-03-01,Australia,3256772.0,21755.0,5269.0,59.0,126289.15,204.318,22063566.0,20490408.0,25788217.0
2022-03-02,Australia,3296784.0,40012.0,5316.0,47.0,127840.711,206.141,22070693.0,20497591.0,25788217.0
2022-03-03,Australia,3321943.0,25159.0,5354.0,38.0,128816.312,207.614,22078148.0,20505135.0,25788217.0
2022-03-04,Australia,3344659.0,22716.0,5402.0,48.0,129697.179,209.476,22085942.0,20513850.0,25788217.0
2022-03-05,Australia,3362035.0,17376.0,5416.0,14.0,130370.975,210.018,22091094.0,20520964.0,25788217.0
2020-02-25,Austria,2.0,2.0,0.0,0.0,0.221,0.0,0.0,0.0,9043072.0
2020-02-26,Austria,2.0,0.0,0.0,0.0,0.221,0.0,0.0,0.0,9043072.0
2020-02-27,Austria,3.0,1.0,0.0,0.0,0.332,0.0,0.0,0.0,9043072.0
2020-02-28,Austria,3.0,0.0,0.0,0.0,0.332,0.0,0.0,0.0,9043072.0
2020-02-29,Austria,9.0,6.0,0.0,0.0,0.995,0.0,0.0,0.0,9043072.0
2020-03-01,Austria,14.0,5.0,0.0,0.0,1.548,0.0,0.0,0.0,9043072.0
2020-03-02,Austria,18.0,4.0,0.0,0.0,1.99,0.0,0.0,0.0,9043072.0
2020-03-03,Austria,21.0,3.0,0.0,0.0,2.322,0.0,0.0,0.0,9043072.0
2020-03-04,Austria,29.0,8.0,0.0,0.0,3.207,0.0,0.0,0.0,9043072.0
2020-03-05,Austria,41.0,12.0,0.0,0.0,4.534,0.0,0.0,0.0,9043072.0
2020-03-06,Austria,55.0,14.0,0.0,0.0,6.082,0.0,0.0,0.0,9043072.0
2020-03-07,Austria,79.0,24.0,0.0,0.0,8.736,0.0,0.0,0.0,9043072.0
2020-03-08,Austria,104.0,25.0,0.0,0.0,11.501,0.0,0.0,0.0,9043072.0
2020-03-09,Austria,131.0,27.0,0.0,0.0,14.486,0.0,0.0,0.0,9043072.0
2020-03-10,Austria,182.0,51.0,0.0,0.0,20.126,0.0,0.0,0.0,9043072.0
2020-03-11,Austria,246.0,64.0,0.0,0.0,27.203,0.0,0.0,0.0,9043072.0
2020-03-12,Austria,302.0,56.0,1.0,1.0,33.396,0.111,0.0,0.0,9043072.0
2020-03-13,Austria,504.0,202.0,1.0,0.0,55.733,0.111,0.0,0.0,9043072.0
2020-03-14,Austria,655.0,151.0,1.0,0.0,72.431,0.111,0.0,0.0,9043072.0
2020-03-15,Austria,860.0,205.0,1.0,0.0,95.1,0.111,0.0,0.0,9043072.0
2020-03-16,Austria,1018.0,158.0,3.0,2.0,112.572,0.332,0.0,0.0,9043072.0
2020-03-17,Austria,1332.0,314.0,3.0,0.0,147.295,0.332,0.0,0.0,9043072.0
2020-03-18,Austria,1646.0,314.0,4.0,1.0,182.018,0.442,0.0,0.0,9043072.0
2020-03-19,Austria,2013.0,367.0,6.0,2.0,222.601,0.663,0.0,0.0,9043072.0
2020-03-20,Austria,2388.0,375.0,6.0,0.0,264.07,0.663,0.0,0.0,9043072.0
2020-03-21,Austria,2814.0,426.0,8.0,2.0,311.177,0.885,0.0,0.0,9043072.0
2020-03-22,Austria,3582.0,768.0,16.0,8.0,396.104,1.769,0.0,0.0,9043072.0
2020-03-23,Austria,4474.0,892.0,21.0,5.0,494.743,2.322,0.0,0.0,9043072.0
2020-03-24,Austria,5283.0,809.0,28.0,7.0,584.204,3.096,0.0,0.0,9043072.0
2020-03-25,Austria,5588.0,305.0,30.0,2.0,617.932,3.317,0.0,0.0,9043072.0
2020-03-26,Austria,6909.0,1321.0,49.0,19.0,764.01,5.419,0.0,0.0,9043072.0
2020-03-27,Austria,7657.0,748.0,58.0,9.0,846.726,6.414,0.0,0.0,9043072.0
2020-03-28,Austria,8271.0,614.0,68.0,10.0,914.623,7.52,0.0,0.0,9043072.0
2020-03-29,Austria,8788.0,517.0,86.0,18.0,971.794,9.51,0.0,0.0,9043072.0
2020-03-30,Austria,9618.0,830.0,108.0,22.0,1063.577,11.943,0.0,0.0,9043072.0
2020-03-31,Austria,10180.0,562.0,128.0,20.0,1125.724,14.154,0.0,0.0,9043072.0
2020-04-01,Austria,10711.0,531.0,146.0,18.0,1184.443,16.145,0.0,0.0,9043072.0
2020-04-02,Austria,11129.0,418.0,158.0,12.0,1230.666,17.472,0.0,0.0,9043072.0
2020-04-03,Austria,11524.0,395.0,168.0,10.0,1274.346,18.578,0.0,0.0,9043072.0
2020-04-04,Austria,11781.0,257.0,186.0,18.0,1302.765,20.568,0.0,0.0,9043072.0
2020-04-05,Austria,12051.0,270.0,204.0,18.0,1332.622,22.559,0.0,0.0,9043072.0
2020-04-06,Austria,12297.0,246.0,220.0,16.0,1359.826,24.328,0.0,0.0,9043072.0
2020-04-07,Austria,12639.0,342.0,243.0,23.0,1397.645,26.871,0.0,0.0,9043072.0
2020-04-08,Austria,12942.0,303.0,273.0,30.0,1431.151,30.189,0.0,0.0,9043072.0
2020-04-09,Austria,13244.0,302.0,295.0,22.0,1464.547,32.622,0.0,0.0,9043072.0
2020-04-10,Austria,13555.0,311.0,319.0,24.0,1498.938,35.276,0.0,0.0,9043072.0
2020-04-11,Austria,13806.0,251.0,337.0,18.0,1526.694,37.266,0.0,0.0,9043072.0
2020-04-12,Austria,13945.0,139.0,350.0,13.0,1542.064,38.704,0.0,0.0,9043072.0
2020-04-13,Austria,14041.0,96.0,368.0,18.0,1552.68,40.694,0.0,0.0,9043072.0
2020-04-14,Austria,14226.0,185.0,384.0,16.0,1573.138,42.463,0.0,0.0,9043072.0
2020-04-15,Austria,14336.0,110.0,393.0,9.0,1585.302,43.459,0.0,0.0,9043072.0
2020-04-16,Austria,14476.0,140.0,410.0,17.0,1600.783,45.339,0.0,0.0,9043072.0
2020-04-17,Austria,14595.0,119.0,431.0,21.0,1613.943,47.661,0.0,0.0,9043072.0
2020-04-18,Austria,14671.0,76.0,443.0,12.0,1622.347,48.988,0.0,0.0,9043072.0
2020-04-19,Austria,14749.0,78.0,452.0,9.0,1630.972,49.983,0.0,0.0,9043072.0
2020-04-20,Austria,14795.0,46.0,470.0,18.0,1636.059,51.973,0.0,0.0,9043072.0
2020-04-21,Austria,14873.0,78.0,491.0,21.0,1644.684,54.296,0.0,0.0,9043072.0
2020-04-22,Austria,14925.0,52.0,510.0,19.0,1650.435,56.397,0.0,0.0,9043072.0
2020-04-23,Austria,15002.0,77.0,522.0,12.0,1658.95,57.724,0.0,0.0,9043072.0
2020-04-24,Austria,15071.0,69.0,530.0,8.0,1666.58,58.608,0.0,0.0,9043072.0
2020-04-25,Austria,15148.0,77.0,536.0,6.0,1675.094,59.272,0.0,0.0,9043072.0
2020-04-26,Austria,15225.0,77.0,542.0,6.0,1683.609,59.935,0.0,0.0,9043072.0
2020-04-27,Austria,15274.0,49.0,549.0,7.0,1689.028,60.709,0.0,0.0,9043072.0
2020-04-28,Austria,15357.0,83.0,569.0,20.0,1698.206,62.921,0.0,0.0,9043072.0
2020-04-29,Austria,15402.0,45.0,580.0,11.0,1703.182,64.137,0.0,0.0,9043072.0
2020-04-30,Austria,15452.0,50.0,584.0,4.0,1708.711,64.58,0.0,0.0,9043072.0
2020-05-01,Austria,15531.0,79.0,589.0,5.0,1717.447,65.133,0.0,0.0,9043072.0
2020-05-02,Austria,15558.0,27.0,596.0,7.0,1720.433,65.907,0.0,0.0,9043072.0
2020-05-03,Austria,15597.0,39.0,598.0,2.0,1724.746,66.128,0.0,0.0,9043072.0
2020-05-04,Austria,15621.0,24.0,600.0,2.0,1727.4,66.349,0.0,0.0,9043072.0
2020-05-05,Austria,15650.0,29.0,606.0,6.0,1730.607,67.013,0.0,0.0,9043072.0
2020-05-06,Austria,15684.0,34.0,608.0,2.0,1734.366,67.234,0.0,0.0,9043072.0
2020-05-07,Austria,15752.0,68.0,609.0,1.0,1741.886,67.344,0.0,0.0,9043072.0
2020-05-08,Austria,15774.0,22.0,614.0,5.0,1744.319,67.897,0.0,0.0,9043072.0
2020-05-09,Austria,15833.0,59.0,615.0,1.0,1750.843,68.008,0.0,0.0,9043072.0
2020-05-10,Austria,15871.0,38.0,618.0,3.0,1755.045,68.34,0.0,0.0,9043072.0
2020-05-11,Austria,15882.0,11.0,620.0,2.0,1756.262,68.561,0.0,0.0,9043072.0
2020-05-12,Austria,15961.0,79.0,623.0,3.0,1764.998,68.893,0.0,0.0,9043072.0
2020-05-13,Austria,15997.0,36.0,624.0,1.0,1768.979,69.003,0.0,0.0,9043072.0
2020-05-14,Austria,16058.0,61.0,626.0,2.0,1775.724,69.224,0.0,0.0,9043072.0
2020-05-15,Austria,16109.0,51.0,628.0,2.0,1781.364,69.445,0.0,0.0,9043072.0
2020-05-16,Austria,16201.0,92.0,629.0,1.0,1791.537,69.556,0.0,0.0,9043072.0
2020-05-17,Austria,16242.0,41.0,629.0,0.0,1796.071,69.556,0.0,0.0,9043072.0
2020-05-18,Austria,16269.0,27.0,629.0,0.0,1799.057,69.556,0.0,0.0,9043072.0
2020-05-19,Austria,16321.0,52.0,632.0,3.0,1804.807,69.888,0.0,0.0,9043072.0
2020-05-20,Austria,16353.0,32.0,633.0,1.0,1808.346,69.998,0.0,0.0,9043072.0
2020-05-21,Austria,16404.0,51.0,633.0,0.0,1813.985,69.998,0.0,0.0,9043072.0
2020-05-22,Austria,16436.0,32.0,635.0,2.0,1817.524,70.22,0.0,0.0,9043072.0
2020-05-23,Austria,16486.0,50.0,639.0,4.0,1823.053,70.662,0.0,0.0,9043072.0
2020-05-24,Austria,16503.0,17.0,640.0,1.0,1824.933,70.772,0.0,0.0,9043072.0
2020-05-25,Austria,16539.0,36.0,641.0,1.0,1828.914,70.883,0.0,0.0,9043072.0
2020-05-26,Austria,16557.0,18.0,643.0,2.0,1830.904,71.104,0.0,0.0,9043072.0
2020-05-27,Austria,16591.0,34.0,645.0,2.0,1834.664,71.325,0.0,0.0,9043072.0
2020-05-28,Austria,16628.0,37.0,668.0,23.0,1838.756,73.869,0.0,0.0,9043072.0
2020-05-29,Austria,16655.0,27.0,668.0,0.0,1841.741,73.869,0.0,0.0,9043072.0
2020-05-30,Austria,16685.0,30.0,668.0,0.0,1845.059,73.869,0.0,0.0,9043072.0
2020-05-31,Austria,16731.0,46.0,668.0,0.0,1850.146,73.869,0.0,0.0,9043072.0
2020-06-01,Austria,16733.0,2.0,668.0,0.0,1850.367,73.869,0.0,0.0,9043072.0
2020-06-02,Austria,16759.0,26.0,669.0,1.0,1853.242,73.979,0.0,0.0,9043072.0
2020-06-03,Austria,16771.0,12.0,670.0,1.0,1854.569,74.09,0.0,0.0,9043072.0
2020-06-04,Austria,16805.0,34.0,670.0,0.0,1858.329,74.09,0.0,0.0,9043072.0
2020-06-05,Austria,16843.0,38.0,672.0,2.0,1862.531,74.311,0.0,0.0,9043072.0
2020-06-06,Austria,16898.0,55.0,672.0,0.0,1868.613,74.311,0.0,0.0,9043072.0
2020-06-07,Austria,16902.0,4.0,672.0,0.0,1869.055,74.311,0.0,0.0,9043072.0
2020-06-08,Austria,16968.0,66.0,672.0,0.0,1876.354,74.311,0.0,0.0,9043072.0
2020-06-09,Austria,16979.0,11.0,672.0,0.0,1877.57,74.311,0.0,0.0,9043072.0
2020-06-10,Austria,17005.0,26.0,673.0,1.0,1880.445,74.422,0.0,0.0,9043072.0
2020-06-11,Austria,17034.0,29.0,674.0,1.0,1883.652,74.532,0.0,0.0,9043072.0
2020-06-12,Austria,17064.0,30.0,675.0,1.0,1886.969,74.643,0.0,0.0,9043072.0
2020-06-13,Austria,17078.0,14.0,677.0,2.0,1888.518,74.864,0.0,0.0,9043072.0
2020-06-14,Austria,17109.0,31.0,677.0,0.0,1891.946,74.864,0.0,0.0,9043072.0
2020-06-15,Austria,17135.0,26.0,678.0,1.0,1894.821,74.975,0.0,0.0,9043072.0
2020-06-16,Austria,17189.0,54.0,681.0,3.0,1900.792,75.306,0.0,0.0,9043072.0
2020-06-17,Austria,17203.0,14.0,687.0,6.0,1902.34,75.97,0.0,0.0,9043072.0
2020-06-18,Austria,17223.0,20.0,688.0,1.0,1904.552,76.08,0.0,0.0,9043072.0
2020-06-19,Austria,17271.0,48.0,688.0,0.0,1909.86,76.08,0.0,0.0,9043072.0
2020-06-20,Austria,17323.0,52.0,688.0,0.0,1915.61,76.08,0.0,0.0,9043072.0
2020-06-21,Austria,17341.0,18.0,690.0,2.0,1917.601,76.302,0.0,0.0,9043072.0
2020-06-22,Austria,17380.0,39.0,690.0,0.0,1921.913,76.302,0.0,0.0,9043072.0
2020-06-23,Austria,17408.0,28.0,693.0,3.0,1925.01,76.633,0.0,0.0,9043072.0
2020-06-24,Austria,17449.0,41.0,693.0,0.0,1929.543,76.633,0.0,0.0,9043072.0
2020-06-25,Austria,17477.0,28.0,698.0,5.0,1932.64,77.186,0.0,0.0,9043072.0
2020-06-26,Austria,17522.0,45.0,698.0,0.0,1937.616,77.186,0.0,0.0,9043072.0
2020-06-27,Austria,17580.0,58.0,700.0,2.0,1944.03,77.407,0.0,0.0,9043072.0
2020-06-28,Austria,17654.0,74.0,702.0,2.0,1952.213,77.628,0.0,0.0,9043072.0
2020-06-29,Austria,17723.0,69.0,703.0,1.0,1959.843,77.739,0.0,0.0,9043072.0
2020-06-30,Austria,17766.0,43.0,705.0,2.0,1964.598,77.96,0.0,0.0,9043072.0
2020-07-01,Austria,17873.0,107.0,705.0,0.0,1976.43,77.96,0.0,0.0,9043072.0
2020-07-02,Austria,17941.0,68.0,705.0,0.0,1983.95,77.96,0.0,0.0,9043072.0
2020-07-03,Austria,18050.0,109.0,705.0,0.0,1996.003,77.96,0.0,0.0,9043072.0
2020-07-04,Austria,18165.0,115.0,705.0,0.0,2008.72,77.96,0.0,0.0,9043072.0
2020-07-05,Austria,18280.0,115.0,706.0,1.0,2021.437,78.071,0.0,0.0,9043072.0
2020-07-06,Austria,18365.0,85.0,706.0,0.0,2030.836,78.071,0.0,0.0,9043072.0
2020-07-07,Austria,18421.0,56.0,706.0,0.0,2037.029,78.071,0.0,0.0,9043072.0
2020-07-08,Austria,18513.0,92.0,706.0,0.0,2047.203,78.071,0.0,0.0,9043072.0
2020-07-09,Austria,18615.0,102.0,706.0,0.0,2058.482,78.071,0.0,0.0,9043072.0
2020-07-10,Austria,18709.0,94.0,706.0,0.0,2068.877,78.071,0.0,0.0,9043072.0
2020-07-11,Austria,18783.0,74.0,706.0,0.0,2077.06,78.071,0.0,0.0,9043072.0
2020-07-12,Austria,18897.0,114.0,708.0,2.0,2089.666,78.292,0.0,0.0,9043072.0
2020-07-13,Austria,18948.0,51.0,708.0,0.0,2095.306,78.292,0.0,0.0,9043072.0
2020-07-14,Austria,19021.0,73.0,709.0,1.0,2103.378,78.403,0.0,0.0,9043072.0
2020-07-15,Austria,19154.0,133.0,710.0,1.0,2118.086,78.513,0.0,0.0,9043072.0
2020-07-16,Austria,19270.0,116.0,711.0,1.0,2130.913,78.624,0.0,0.0,9043072.0
2020-07-17,Austria,19439.0,169.0,711.0,0.0,2149.601,78.624,0.0,0.0,9043072.0
2020-07-18,Austria,19573.0,134.0,711.0,0.0,2164.419,78.624,0.0,0.0,9043072.0
2020-07-19,Austria,19655.0,82.0,711.0,0.0,2173.487,78.624,0.0,0.0,9043072.0
2020-07-20,Austria,19743.0,88.0,711.0,0.0,2183.218,78.624,0.0,0.0,9043072.0
2020-07-21,Austria,19827.0,84.0,710.0,0.0,2192.507,78.513,0.0,0.0,9043072.0
2020-07-22,Austria,19929.0,102.0,711.0,1.0,2203.787,78.624,0.0,0.0,9043072.0
2020-07-23,Austria,20099.0,170.0,711.0,0.0,2222.585,78.624,0.0,0.0,9043072.0
2020-07-24,Austria,20214.0,115.0,711.0,0.0,2235.302,78.624,0.0,0.0,9043072.0
2020-07-25,Austria,20338.0,124.0,712.0,1.0,2249.014,78.734,0.0,0.0,9043072.0
2020-07-26,Austria,20472.0,134.0,712.0,0.0,2263.832,78.734,0.0,0.0,9043072.0
2020-07-27,Austria,20558.0,86.0,713.0,1.0,2273.343,78.845,0.0,0.0,9043072.0
2020-07-28,Austria,20677.0,119.0,713.0,0.0,2286.502,78.845,0.0,0.0,9043072.0
2020-07-29,Austria,20850.0,173.0,716.0,3.0,2305.632,79.177,0.0,0.0,9043072.0
2020-07-30,Austria,20955.0,105.0,718.0,2.0,2317.244,79.398,0.0,0.0,9043072.0
2020-07-31,Austria,21130.0,175.0,718.0,0.0,2336.595,79.398,0.0,0.0,9043072.0
2020-08-01,Austria,21212.0,82.0,718.0,0.0,2345.663,79.398,0.0,0.0,9043072.0
2020-08-02,Austria,21304.0,92.0,718.0,0.0,2355.837,79.398,0.0,0.0,9043072.0
2020-08-03,Austria,21385.0,81.0,718.0,0.0,2364.794,79.398,0.0,0.0,9043072.0
2020-08-04,Austria,21481.0,96.0,719.0,1.0,2375.41,79.508,0.0,0.0,9043072.0
2020-08-05,Austria,21566.0,85.0,719.0,0.0,2384.809,79.508,0.0,0.0,9043072.0
2020-08-06,Austria,21696.0,130.0,719.0,0.0,2399.185,79.508,0.0,0.0,9043072.0
2020-08-07,Austria,21837.0,141.0,720.0,1.0,2414.777,79.619,0.0,0.0,9043072.0
2020-08-08,Austria,21919.0,82.0,721.0,1.0,2423.844,79.73,0.0,0.0,9043072.0
2020-08-09,Austria,22033.0,114.0,721.0,0.0,2436.451,79.73,0.0,0.0,9043072.0
2020-08-10,Austria,22106.0,73.0,723.0,2.0,2444.523,79.951,0.0,0.0,9043072.0
2020-08-11,Austria,22245.0,139.0,723.0,0.0,2459.894,79.951,0.0,0.0,9043072.0
2020-08-12,Austria,22439.0,194.0,724.0,1.0,2481.347,80.061,0.0,0.0,9043072.0
2020-08-13,Austria,22594.0,155.0,725.0,1.0,2498.487,80.172,0.0,0.0,9043072.0
2020-08-14,Austria,22876.0,282.0,725.0,0.0,2529.671,80.172,0.0,0.0,9043072.0
2020-08-15,Austria,23179.0,303.0,728.0,3.0,2563.178,80.504,0.0,0.0,9043072.0
2020-08-16,Austria,23370.0,191.0,728.0,0.0,2584.299,80.504,0.0,0.0,9043072.0
2020-08-17,Austria,23534.0,164.0,729.0,1.0,2602.434,80.614,0.0,0.0,9043072.0
2020-08-18,Austria,23829.0,295.0,729.0,0.0,2635.056,80.614,0.0,0.0,9043072.0
2020-08-19,Austria,24084.0,255.0,729.0,0.0,2663.254,80.614,0.0,0.0,9043072.0
2020-08-20,Austria,24431.0,347.0,729.0,0.0,2701.626,80.614,0.0,0.0,9043072.0
2020-08-21,Austria,24762.0,331.0,730.0,1.0,2738.229,80.725,0.0,0.0,9043072.0
2020-08-22,Austria,25062.0,300.0,732.0,2.0,2771.403,80.946,0.0,0.0,9043072.0
2020-08-23,Austria,25253.0,191.0,732.0,0.0,2792.524,80.946,0.0,0.0,9043072.0
2020-08-24,Austria,25495.0,242.0,733.0,1.0,2819.285,81.057,0.0,0.0,9043072.0
2020-08-25,Austria,25706.0,211.0,733.0,0.0,2842.618,81.057,0.0,0.0,9043072.0
2020-08-26,Austria,26033.0,327.0,733.0,0.0,2878.778,81.057,0.0,0.0,9043072.0
2020-08-27,Austria,26361.0,328.0,733.0,0.0,2915.049,81.057,0.0,0.0,9043072.0
2020-08-28,Austria,26590.0,229.0,733.0,0.0,2940.372,81.057,0.0,0.0,9043072.0
2020-08-29,Austria,26985.0,395.0,733.0,0.0,2984.052,81.057,0.0,0.0,9043072.0
2020-08-30,Austria,27166.0,181.0,733.0,0.0,3004.068,81.057,0.0,0.0,9043072.0
2020-08-31,Austria,27438.0,272.0,733.0,0.0,3034.146,81.057,0.0,0.0,9043072.0
2020-09-01,Austria,27642.0,204.0,734.0,1.0,3056.705,81.167,0.0,0.0,9043072.0
2020-09-02,Austria,27969.0,327.0,734.0,0.0,3092.865,81.167,0.0,0.0,9043072.0
2020-09-03,Austria,28372.0,403.0,735.0,1.0,3137.429,81.278,0.0,0.0,9043072.0
2020-09-04,Austria,28729.0,357.0,735.0,0.0,3176.907,81.278,0.0,0.0,9043072.0
2020-09-05,Austria,29087.0,358.0,735.0,0.0,3216.495,81.278,0.0,0.0,9043072.0
2020-09-06,Austria,29271.0,184.0,736.0,1.0,3236.843,81.388,0.0,0.0,9043072.0
2020-09-07,Austria,29561.0,290.0,746.0,10.0,3268.911,82.494,0.0,0.0,9043072.0
2020-09-08,Austria,30081.0,520.0,747.0,1.0,3326.414,82.605,0.0,0.0,9043072.0
2020-09-09,Austria,30583.0,502.0,747.0,0.0,3381.926,82.605,0.0,0.0,9043072.0
2020-09-10,Austria,31247.0,664.0,748.0,1.0,3455.352,82.715,0.0,0.0,9043072.0
2020-09-11,Austria,31827.0,580.0,750.0,2.0,3519.49,82.936,0.0,0.0,9043072.0
2020-09-12,Austria,32696.0,869.0,754.0,4.0,3615.586,83.379,0.0,0.0,9043072.0
2020-09-13,Austria,33159.0,463.0,756.0,2.0,3666.785,83.6,0.0,0.0,9043072.0
2020-09-14,Austria,33541.0,382.0,757.0,1.0,3709.027,83.71,0.0,0.0,9043072.0
2020-09-15,Austria,34305.0,764.0,757.0,0.0,3793.512,83.71,0.0,0.0,9043072.0
2020-09-16,Austria,35073.0,768.0,758.0,1.0,3878.439,83.821,0.0,0.0,9043072.0
2020-09-17,Austria,35853.0,780.0,758.0,0.0,3964.693,83.821,0.0,0.0,9043072.0
2020-09-18,Austria,36661.0,808.0,763.0,5.0,4054.043,84.374,0.0,0.0,9043072.0
2020-09-19,Austria,37474.0,813.0,765.0,2.0,4143.946,84.595,0.0,0.0,9043072.0
2020-09-20,Austria,38095.0,621.0,766.0,1.0,4212.617,84.706,0.0,0.0,9043072.0
2020-09-21,Austria,38658.0,563.0,767.0,1.0,4274.875,84.816,0.0,0.0,9043072.0
2020-09-22,Austria,39303.0,645.0,771.0,4.0,4346.2,85.259,0.0,0.0,9043072.0
2020-09-23,Austria,39984.0,681.0,777.0,6.0,4421.506,85.922,0.0,0.0,9043072.0
2020-09-24,Austria,40816.0,832.0,783.0,6.0,4513.51,86.586,0.0,0.0,9043072.0
2020-09-25,Austria,41500.0,684.0,786.0,3.0,4589.148,86.917,0.0,0.0,9043072.0
2020-09-26,Austria,42214.0,714.0,787.0,1.0,4668.104,87.028,0.0,0.0,9043072.0
2020-09-27,Austria,42876.0,662.0,787.0,0.0,4741.309,87.028,0.0,0.0,9043072.0
2020-09-28,Austria,43432.0,556.0,790.0,3.0,4802.793,87.36,0.0,0.0,9043072.0
2020-09-29,Austria,44041.0,609.0,796.0,6.0,4870.137,88.023,0.0,0.0,9043072.0
2020-09-30,Austria,44813.0,772.0,799.0,3.0,4955.506,88.355,0.0,0.0,9043072.0
2020-10-01,Austria,45686.0,873.0,802.0,3.0,5052.044,88.687,0.0,0.0,9043072.0
2020-10-02,Austria,46374.0,688.0,803.0,1.0,5128.125,88.797,0.0,0.0,9043072.0
2020-10-03,Austria,47432.0,1058.0,809.0,6.0,5245.12,89.461,0.0,0.0,9043072.0
2020-10-04,Austria,48146.0,714.0,813.0,4.0,5324.076,89.903,0.0,0.0,9043072.0
2020-10-05,Austria,48896.0,750.0,818.0,5.0,5407.012,90.456,0.0,0.0,9043072.0
2020-10-06,Austria,49819.0,923.0,822.0,4.0,5509.079,90.898,0.0,0.0,9043072.0
2020-10-07,Austria,50848.0,1029.0,830.0,8.0,5622.868,91.783,0.0,0.0,9043072.0
2020-10-08,Austria,52057.0,1209.0,838.0,8.0,5756.561,92.668,0.0,0.0,9043072.0
2020-10-09,Austria,53188.0,1131.0,842.0,4.0,5881.63,93.11,0.0,0.0,9043072.0
2020-10-10,Austria,54423.0,1235.0,852.0,10.0,6018.198,94.216,0.0,0.0,9043072.0
2020-10-11,Austria,55319.0,896.0,851.0,0.0,6117.28,94.105,0.0,0.0,9043072.0
2020-10-12,Austria,56298.0,979.0,855.0,4.0,6225.539,94.548,0.0,0.0,9043072.0
2020-10-13,Austria,57326.0,1028.0,861.0,6.0,6339.217,95.211,0.0,0.0,9043072.0
2020-10-14,Austria,58672.0,1346.0,872.0,11.0,6488.061,96.427,0.0,0.0,9043072.0
2020-10-15,Austria,60224.0,1552.0,877.0,5.0,6659.684,96.98,0.0,0.0,9043072.0
2020-10-16,Austria,61387.0,1163.0,882.0,5.0,6788.291,97.533,0.0,0.0,9043072.0
2020-10-17,Austria,63134.0,1747.0,889.0,7.0,6981.477,98.307,0.0,0.0,9043072.0
2020-10-18,Austria,64806.0,1672.0,893.0,4.0,7166.37,98.75,0.0,0.0,9043072.0
2020-10-19,Austria,65927.0,1121.0,904.0,11.0,7290.332,99.966,0.0,0.0,9043072.0
2020-10-20,Austria,67451.0,1524.0,914.0,10.0,7458.859,101.072,0.0,0.0,9043072.0
2020-10-21,Austria,69409.0,1958.0,925.0,11.0,7675.378,102.288,0.0,0.0,9043072.0
2020-10-22,Austria,71844.0,2435.0,941.0,16.0,7944.645,104.058,0.0,0.0,9043072.0
2020-10-23,Austria,74415.0,2571.0,954.0,13.0,8228.951,105.495,0.0,0.0,9043072.0
2020-10-24,Austria,78029.0,3614.0,965.0,11.0,8628.594,106.712,0.0,0.0,9043072.0
2020-10-25,Austria,80811.0,2782.0,979.0,14.0,8936.233,108.26,0.0,0.0,9043072.0
2020-10-26,Austria,83267.0,2456.0,992.0,13.0,9207.822,109.697,0.0,0.0,9043072.0
2020-10-27,Austria,86102.0,2835.0,1005.0,13.0,9521.322,111.135,0.0,0.0,9043072.0
2020-10-28,Austria,89496.0,3394.0,1027.0,22.0,9896.637,113.568,0.0,0.0,9043072.0
2020-10-29,Austria,93949.0,4453.0,1056.0,29.0,10389.058,116.774,0.0,0.0,9043072.0
2020-10-30,Austria,99576.0,5627.0,1082.0,26.0,11011.302,119.65,0.0,0.0,9043072.0
2020-10-31,Austria,104925.0,5349.0,1109.0,27.0,11602.805,122.635,0.0,0.0,9043072.0
2020-11-01,Austria,109881.0,4956.0,1130.0,21.0,12150.849,124.958,0.0,0.0,9043072.0
2020-11-02,Austria,114016.0,4135.0,1159.0,29.0,12608.105,128.164,0.0,0.0,9043072.0
2020-11-03,Austria,118198.0,4182.0,1192.0,33.0,13070.558,131.814,0.0,0.0,9043072.0
2020-11-04,Austria,125099.0,6901.0,1227.0,35.0,13833.684,135.684,0.0,0.0,9043072.0
2020-11-05,Austria,132515.0,7416.0,1268.0,41.0,14653.759,140.218,0.0,0.0,9043072.0
2020-11-06,Austria,138979.0,6464.0,1340.0,72.0,15368.561,148.18,0.0,0.0,9043072.0
2020-11-07,Austria,147220.0,8241.0,1377.0,37.0,16279.866,152.271,0.0,0.0,9043072.0
2020-11-08,Austria,153153.0,5933.0,1411.0,34.0,16935.948,156.031,0.0,0.0,9043072.0
2020-11-09,Austria,158746.0,5593.0,1454.0,43.0,17554.433,160.786,0.0,0.0,9043072.0
2020-11-10,Austria,164866.0,6120.0,1499.0,45.0,18231.194,165.762,0.0,0.0,9043072.0
2020-11-11,Austria,172380.0,7514.0,1564.0,65.0,19062.106,172.95,0.0,0.0,9043072.0
2020-11-12,Austria,181642.0,9262.0,1608.0,44.0,20086.316,177.816,0.0,0.0,9043072.0
2020-11-13,Austria,191228.0,9586.0,1661.0,53.0,21146.354,183.677,0.0,0.0,9043072.0
2020-11-14,Austria,198291.0,7063.0,1746.0,85.0,21927.394,193.076,0.0,0.0,9043072.0
2020-11-15,Austria,203956.0,5665.0,1829.0,83.0,22553.84,202.254,0.0,0.0,9043072.0
2020-11-16,Austria,208613.0,4657.0,1887.0,58.0,23068.82,208.668,0.0,0.0,9043072.0
2020-11-17,Austria,214597.0,5984.0,1945.0,58.0,23730.542,215.082,0.0,0.0,9043072.0
2020-11-18,Austria,221688.0,7091.0,2054.0,109.0,24514.678,227.135,0.0,0.0,9043072.0
2020-11-19,Austria,228683.0,6995.0,2116.0,62.0,25288.199,233.991,0.0,0.0,9043072.0
2020-11-20,Austria,235351.0,6668.0,2224.0,108.0,26025.559,245.934,0.0,0.0,9043072.0
2020-11-21,Austria,241962.0,6611.0,2328.0,104.0,26756.615,257.435,0.0,0.0,9043072.0
2020-11-22,Austria,247188.0,5226.0,2388.0,60.0,27334.516,264.07,0.0,0.0,9043072.0
2020-11-23,Austria,250333.0,3145.0,2459.0,71.0,27682.296,271.921,0.0,0.0,9043072.0
2020-11-24,Austria,254710.0,4377.0,2577.0,118.0,28166.313,284.97,0.0,0.0,9043072.0
2020-11-25,Austria,260512.0,5802.0,2667.0,90.0,28807.91,294.922,0.0,0.0,9043072.0
2020-11-26,Austria,266038.0,5526.0,2773.0,106.0,29418.985,306.644,0.0,0.0,9043072.0
2020-11-27,Austria,270992.0,4954.0,2886.0,113.0,29966.808,319.139,0.0,0.0,9043072.0
2020-11-28,Austria,275661.0,4669.0,3018.0,132.0,30483.115,333.736,0.0,0.0,9043072.0
2020-11-29,Austria,279708.0,4047.0,3105.0,87.0,30930.639,343.357,0.0,0.0,9043072.0
2020-11-30,Austria,282456.0,2748.0,3184.0,79.0,31234.519,352.093,0.0,0.0,9043072.0
2020-12-01,Austria,285489.0,3033.0,3325.0,141.0,31569.913,367.685,0.0,0.0,9043072.0
2020-12-02,Austria,289461.0,3972.0,3446.0,121.0,32009.145,381.065,0.0,0.0,9043072.0
2020-12-03,Austria,293430.0,3969.0,3538.0,92.0,32448.044,391.239,0.0,0.0,9043072.0
2020-12-04,Austria,297245.0,3815.0,3651.0,113.0,32869.914,403.734,0.0,0.0,9043072.0
2020-12-05,Austria,300689.0,3444.0,3757.0,106.0,33250.758,415.456,0.0,0.0,9043072.0
2020-12-06,Austria,303430.0,2741.0,3840.0,83.0,33553.863,424.634,0.0,0.0,9043072.0
2020-12-07,Austria,305693.0,2263.0,3897.0,57.0,33804.11,430.938,0.0,0.0,9043072.0
2020-12-08,Austria,308070.0,2377.0,4002.0,105.0,34066.963,442.549,0.0,0.0,9043072.0
2020-12-09,Austria,311002.0,2932.0,4056.0,54.0,34391.189,448.52,0.0,0.0,9043072.0
2020-12-10,Austria,313688.0,2686.0,4163.0,107.0,34688.212,460.352,0.0,0.0,9043072.0
2020-12-11,Austria,316581.0,2893.0,4289.0,126.0,35008.126,474.286,0.0,0.0,9043072.0
2020-12-12,Austria,319822.0,3241.0,4415.0,126.0,35366.521,488.219,0.0,0.0,9043072.0
2020-12-13,Austria,322463.0,2641.0,4473.0,58.0,35658.568,494.633,0.0,0.0,9043072.0
2020-12-14,Austria,325051.0,2588.0,4530.0,57.0,35944.754,500.936,0.0,0.0,9043072.0
2020-12-15,Austria,327679.0,2628.0,4648.0,118.0,36235.363,513.985,0.0,0.0,9043072.0
2020-12-16,Austria,330343.0,2664.0,4764.0,116.0,36529.954,526.812,0.0,0.0,9043072.0
2020-12-17,Austria,332828.0,2485.0,4982.0,218.0,36804.75,550.919,0.0,0.0,9043072.0
2020-12-18,Austria,334913.0,2085.0,5127.0,145.0,37035.313,566.953,0.0,0.0,9043072.0
2020-12-19,Austria,337209.0,2296.0,5209.0,82.0,37289.209,576.021,0.0,0.0,9043072.0
2020-12-20,Austria,338854.0,1645.0,5351.0,142.0,37471.116,591.724,0.0,0.0,9043072.0
2020-12-21,Austria,340373.0,1519.0,5435.0,84.0,37639.09,601.013,0.0,0.0,9043072.0
2020-12-22,Austria,342226.0,1853.0,5540.0,105.0,37843.998,612.624,0.0,0.0,9043072.0
2020-12-23,Austria,344357.0,2131.0,5654.0,114.0,38079.648,625.23,0.0,0.0,9043072.0
2020-12-24,Austria,347204.0,2847.0,5745.0,91.0,38394.475,635.293,0.0,0.0,9043072.0
2020-12-25,Austria,349055.0,1851.0,5783.0,38.0,38599.162,639.495,0.0,0.0,9043072.0
2020-12-26,Austria,350484.0,1429.0,5843.0,60.0,38757.183,646.13,0.0,0.0,9043072.0
2020-12-27,Austria,351892.0,1408.0,5881.0,38.0,38912.883,650.332,0.0,0.0,9043072.0
2020-12-28,Austria,353484.0,1592.0,5931.0,50.0,39088.929,655.861,0.0,0.0,9043072.0
2020-12-29,Austria,355352.0,1868.0,6059.0,128.0,39295.496,670.016,0.0,0.0,9043072.0
2020-12-30,Austria,357902.0,2550.0,6149.0,90.0,39577.48,679.968,0.0,0.0,9043072.0
2020-12-31,Austria,360815.0,2913.0,6222.0,73.0,39899.605,688.041,0.0,0.0,9043072.0
2021-01-01,Austria,362911.0,2096.0,6261.0,39.0,40131.385,692.353,0.0,0.0,9043072.0
2021-01-02,Austria,364302.0,1391.0,6275.0,14.0,40285.204,693.901,0.0,0.0,9043072.0
2021-01-03,Austria,365768.0,1466.0,6324.0,49.0,40447.317,699.32,0.0,0.0,9043072.0
2021-01-04,Austria,367410.0,1642.0,6357.0,33.0,40628.892,702.969,0.0,0.0,9043072.0
2021-01-05,Austria,369721.0,2311.0,6457.0,100.0,40884.447,714.027,0.0,0.0,9043072.0
2021-01-06,Austria,372190.0,2469.0,6525.0,68.0,41157.474,721.547,0.0,0.0,9043072.0
2021-01-07,Austria,374730.0,2540.0,6568.0,43.0,41438.352,726.302,0.0,0.0,9043072.0
2021-01-08,Austria,376793.0,2063.0,6641.0,73.0,41666.482,734.374,31643.0,0.0,9043072.0
2021-01-09,Austria,379071.0,2278.0,6687.0,46.0,41918.388,739.461,0.0,0.0,9043072.0
2021-01-10,Austria,380722.0,1651.0,6723.0,36.0,42100.959,743.442,0.0,0.0,9043072.0
2021-01-11,Austria,382258.0,1536.0,6747.0,24.0,42270.812,746.096,0.0,0.0,9043072.0
2021-01-12,Austria,383833.0,1575.0,6819.0,72.0,42444.979,754.058,0.0,0.0,9043072.0
2021-01-13,Austria,385750.0,1917.0,6868.0,49.0,42656.964,759.476,0.0,0.0,9043072.0
2021-01-14,Austria,389260.0,3510.0,6921.0,53.0,43045.107,765.337,0.0,0.0,9043072.0
2021-01-15,Austria,390788.0,1528.0,6987.0,66.0,43214.076,772.636,116854.0,405.0,9043072.0
2021-01-16,Austria,392511.0,1723.0,7053.0,66.0,43404.609,779.934,0.0,0.0,9043072.0
2021-01-17,Austria,393778.0,1267.0,7082.0,29.0,43544.716,783.141,0.0,0.0,9043072.0
2021-01-18,Austria,394939.0,1161.0,7122.0,40.0,43673.101,787.564,0.0,0.0,9043072.0
2021-01-19,Austria,396425.0,1486.0,7199.0,77.0,43837.426,796.079,0.0,0.0,9043072.0
2021-01-20,Austria,398096.0,1671.0,7237.0,38.0,44022.208,800.281,0.0,0.0,9043072.0
2021-01-21,Austria,399798.0,1702.0,7288.0,51.0,44210.419,805.921,0.0,0.0,9043072.0
2021-01-22,Austria,401886.0,2088.0,7330.0,42.0,44441.314,810.565,210393.0,5032.0,9043072.0
2021-01-23,Austria,403512.0,1626.0,7389.0,59.0,44621.12,817.09,0.0,0.0,9043072.0
2021-01-24,Austria,404714.0,1202.0,7418.0,29.0,44754.039,820.296,0.0,0.0,9043072.0
2021-01-25,Austria,405723.0,1009.0,7451.0,33.0,44865.616,823.946,0.0,0.0,9043072.0
2021-01-26,Austria,407140.0,1417.0,7515.0,64.0,45022.311,831.023,0.0,0.0,9043072.0
2021-01-27,Austria,408781.0,1641.0,7564.0,49.0,45203.776,836.441,0.0,0.0,9043072.0
2021-01-28,Austria,410230.0,1449.0,7607.0,43.0,45364.009,841.196,0.0,0.0,9043072.0
2021-01-29,Austria,411730.0,1500.0,7658.0,51.0,45529.882,846.836,242104.0,22634.0,9043072.0
2021-01-30,Austria,413208.0,1478.0,7703.0,45.0,45693.322,851.812,0.0,0.0,9043072.0
2021-01-31,Austria,414398.0,1190.0,7721.0,18.0,45824.914,853.803,0.0,0.0,9043072.0
2021-02-01,Austria,415522.0,1124.0,7778.0,57.0,45949.208,860.106,0.0,0.0,9043072.0
2021-02-02,Austria,416763.0,1241.0,7847.0,69.0,46086.441,867.736,0.0,0.0,9043072.0
2021-02-03,Austria,418283.0,1520.0,7902.0,55.0,46254.525,873.818,0.0,0.0,9043072.0
2021-02-04,Austria,419801.0,1518.0,7936.0,34.0,46422.388,877.578,0.0,0.0,9043072.0
2021-02-05,Austria,421189.0,1388.0,7973.0,37.0,46575.876,881.669,260757.0,102280.0,9043072.0
2021-02-06,Austria,422522.0,1333.0,7994.0,21.0,46723.282,883.992,0.0,0.0,9043072.0
2021-02-07,Austria,423839.0,1317.0,8012.0,18.0,46868.918,885.982,0.0,0.0,9043072.0
2021-02-08,Austria,424896.0,1057.0,8032.0,20.0,46985.803,888.194,0.0,0.0,9043072.0
2021-02-09,Austria,426093.0,1197.0,8071.0,39.0,47118.17,892.506,0.0,0.0,9043072.0
2021-02-10,Austria,427562.0,1469.0,8114.0,43.0,47280.614,897.261,0.0,0.0,9043072.0
2021-02-11,Austria,429139.0,1577.0,8138.0,24.0,47455.002,899.915,0.0,0.0,9043072.0
2021-02-12,Austria,430870.0,1731.0,8170.0,32.0,47646.419,903.454,289618.0,190868.0,9043072.0
2021-02-13,Austria,432303.0,1433.0,8195.0,25.0,47804.883,906.219,0.0,0.0,9043072.0
2021-02-14,Austria,433487.0,1184.0,8211.0,16.0,47935.812,907.988,0.0,0.0,9043072.0
2021-02-15,Austria,434712.0,1225.0,8221.0,10.0,48071.275,909.094,0.0,0.0,9043072.0
2021-02-16,Austria,436139.0,1427.0,8260.0,39.0,48229.075,913.406,0.0,0.0,9043072.0
2021-02-17,Austria,437874.0,1735.0,8290.0,30.0,48420.935,916.724,0.0,0.0,9043072.0
2021-02-18,Austria,439841.0,1967.0,8312.0,22.0,48638.449,919.157,0.0,0.0,9043072.0
2021-02-19,Austria,441659.0,1818.0,8348.0,36.0,48839.487,923.138,353312.0,230692.0,9043072.0
2021-02-20,Austria,443536.0,1877.0,8368.0,20.0,49047.049,925.349,0.0,0.0,9043072.0
2021-02-21,Austria,445374.0,1838.0,8386.0,18.0,49250.299,927.34,0.0,0.0,9043072.0
2021-02-22,Austria,446644.0,1270.0,8397.0,11.0,49390.738,928.556,0.0,0.0,9043072.0
2021-02-23,Austria,448371.0,1727.0,8434.0,37.0,49581.713,932.648,0.0,0.0,9043072.0
2021-02-24,Austria,450376.0,2005.0,8470.0,36.0,49803.43,936.629,0.0,0.0,9043072.0
2021-02-25,Austria,452767.0,2391.0,8493.0,23.0,50067.831,939.172,0.0,0.0,9043072.0
2021-02-26,Austria,454860.0,2093.0,8515.0,22.0,50299.279,941.605,460224.0,252122.0,9043072.0
2021-02-27,Austria,457317.0,2457.0,8538.0,23.0,50570.979,944.148,0.0,0.0,9043072.0
2021-02-28,Austria,459440.0,2123.0,8561.0,23.0,50805.744,946.692,0.0,0.0,9043072.0
2021-03-01,Austria,460849.0,1409.0,8574.0,13.0,50961.554,948.129,0.0,0.0,9043072.0
2021-03-02,Austria,462769.0,1920.0,8605.0,31.0,51173.871,951.557,0.0,0.0,9043072.0
2021-03-03,Austria,465322.0,2553.0,8625.0,20.0,51456.187,953.769,0.0,0.0,9043072.0
2021-03-04,Austria,467646.0,2324.0,8652.0,27.0,51713.179,956.755,0.0,0.0,9043072.0
2021-03-05,Austria,470314.0,2668.0,8669.0,17.0,52008.211,958.634,614937.0,267356.0,9043072.0
2021-03-06,Austria,472871.0,2557.0,8694.0,25.0,52290.969,961.399,0.0,0.0,9043072.0
2021-03-07,Austria,475070.0,2199.0,8713.0,19.0,52534.139,963.5,0.0,0.0,9043072.0
2021-03-08,Austria,476980.0,1910.0,8732.0,19.0,52745.35,965.601,0.0,0.0,9043072.0
2021-03-09,Austria,479391.0,2411.0,8757.0,25.0,53011.963,968.366,0.0,0.0,9043072.0
2021-03-10,Austria,481919.0,2528.0,8776.0,19.0,53291.514,970.467,0.0,0.0,9043072.0
2021-03-11,Austria,484916.0,2997.0,8798.0,22.0,53622.928,972.899,0.0,0.0,9043072.0
2021-03-12,Austria,488042.0,3126.0,8831.0,33.0,53968.607,976.549,843397.0,298331.0,9043072.0
2021-03-13,Austria,491065.0,3023.0,8856.0,25.0,54302.896,979.313,0.0,0.0,9043072.0
2021-03-14,Austria,493568.0,2503.0,8873.0,17.0,54579.683,981.193,0.0,0.0,9043072.0
2021-03-15,Austria,495464.0,1896.0,8892.0,19.0,54789.346,983.294,0.0,0.0,9043072.0
2021-03-16,Austria,497889.0,2425.0,8925.0,33.0,55057.507,986.943,0.0,0.0,9043072.0
2021-03-17,Austria,501224.0,3335.0,8956.0,31.0,55426.298,990.371,0.0,0.0,9043072.0
2021-03-18,Austria,504581.0,3357.0,8982.0,26.0,55797.521,993.247,0.0,0.0,9043072.0
2021-03-19,Austria,508096.0,3515.0,9024.0,42.0,56186.216,997.891,1034743.0,346335.0,9043072.0
2021-03-20,Austria,511440.0,3344.0,9052.0,28.0,56556.002,1000.987,0.0,0.0,9043072.0
2021-03-21,Austria,514153.0,2713.0,9074.0,22.0,56856.011,1003.42,0.0,0.0,9043072.0
2021-03-22,Austria,516565.0,2412.0,9089.0,15.0,57122.734,1005.079,0.0,0.0,9043072.0
2021-03-23,Austria,519980.0,3415.0,9121.0,32.0,57500.372,1008.617,0.0,0.0,9043072.0
2021-03-24,Austria,523269.0,3289.0,9151.0,30.0,57864.075,1011.935,0.0,0.0,9043072.0
2021-03-25,Austria,526393.0,3124.0,9178.0,27.0,58209.533,1014.921,0.0,0.0,9043072.0
2021-03-26,Austria,530288.0,3895.0,9200.0,22.0,58640.25,1017.353,1190819.0,439911.0,9043072.0
2021-03-27,Austria,533786.0,3498.0,9231.0,31.0,59027.065,1020.781,0.0,0.0,9043072.0
2021-03-28,Austria,536465.0,2679.0,9256.0,25.0,59323.314,1023.546,0.0,0.0,9043072.0
2021-03-29,Austria,539541.0,3076.0,9275.0,19.0,59663.464,1025.647,0.0,0.0,9043072.0
2021-03-30,Austria,542542.0,3001.0,9308.0,33.0,59995.32,1029.296,0.0,0.0,9043072.0
2021-03-31,Austria,546229.0,3687.0,9339.0,31.0,60403.036,1032.724,0.0,0.0,9043072.0
2021-04-01,Austria,549592.0,3363.0,9368.0,29.0,60774.923,1035.931,0.0,0.0,9043072.0
2021-04-02,Austria,552729.0,3137.0,9397.0,29.0,61121.818,1039.138,1334767.0,521360.0,9043072.0
2021-04-03,Austria,556012.0,3283.0,9434.0,37.0,61484.858,1043.23,0.0,0.0,9043072.0
2021-04-04,Austria,558755.0,2743.0,9449.0,15.0,61788.184,1044.888,0.0,0.0,9043072.0
2021-04-05,Austria,560972.0,2217.0,9482.0,33.0,62033.344,1048.537,0.0,0.0,9043072.0
2021-04-06,Austria,562907.0,1935.0,9517.0,35.0,62247.32,1052.408,0.0,0.0,9043072.0
2021-04-07,Austria,566008.0,3101.0,9546.0,29.0,62590.235,1055.615,0.0,0.0,9043072.0
2021-04-08,Austria,568914.0,2906.0,9586.0,40.0,62911.586,1060.038,0.0,0.0,9043072.0
2021-04-09,Austria,571616.0,2702.0,9624.0,38.0,63210.378,1064.24,1551534.0,660010.0,9043072.0
2021-04-10,Austria,574755.0,3139.0,9662.0,38.0,63557.495,1068.442,0.0,0.0,9043072.0
2021-04-11,Austria,577007.0,2252.0,9687.0,25.0,63806.525,1071.207,0.0,0.0,9043072.0
2021-04-12,Austria,578950.0,1943.0,9706.0,19.0,64021.386,1073.308,0.0,0.0,9043072.0
2021-04-13,Austria,581263.0,2313.0,9748.0,42.0,64277.162,1077.952,0.0,0.0,9043072.0
2021-04-14,Austria,584205.0,2942.0,9779.0,31.0,64602.493,1081.38,0.0,0.0,9043072.0
2021-04-15,Austria,586883.0,2678.0,9813.0,34.0,64898.632,1085.14,0.0,0.0,9043072.0
2021-04-16,Austria,589299.0,2416.0,9843.0,30.0,65165.798,1088.458,1829601.0,758361.0,9043072.0
2021-04-17,Austria,591347.0,2048.0,9870.0,27.0,65392.269,1091.443,0.0,0.0,9043072.0
2021-04-18,Austria,593423.0,2076.0,9898.0,28.0,65621.837,1094.54,0.0,0.0,9043072.0
2021-04-19,Austria,595540.0,2117.0,9922.0,24.0,65855.939,1097.194,0.0,0.0,9043072.0
2021-04-20,Austria,597566.0,2026.0,9959.0,37.0,66079.978,1101.285,0.0,0.0,9043072.0
2021-04-21,Austria,600089.0,2523.0,9997.0,38.0,66358.976,1105.487,0.0,0.0,9043072.0
2021-04-22,Austria,602494.0,2405.0,10026.0,29.0,66624.926,1108.694,0.0,0.0,9043072.0
2021-04-23,Austria,604823.0,2329.0,10055.0,29.0,66882.471,1111.901,2123356.0,818731.0,9043072.0
2021-04-24,Austria,606954.0,2131.0,10070.0,15.0,67118.121,1113.56,0.0,0.0,9043072.0
2021-04-25,Austria,608979.0,2025.0,10087.0,17.0,67342.049,1115.44,0.0,0.0,9043072.0
2021-04-26,Austria,610545.0,1566.0,10098.0,11.0,67515.22,1116.656,0.0,0.0,9043072.0
2021-04-27,Austria,612170.0,1625.0,10126.0,28.0,67694.916,1119.752,0.0,0.0,9043072.0
2021-04-28,Austria,614510.0,2340.0,10152.0,26.0,67953.678,1122.627,0.0,0.0,9043072.0
2021-04-29,Austria,616739.0,2229.0,10179.0,27.0,68200.165,1125.613,0.0,0.0,9043072.0
2021-04-30,Austria,618870.0,2131.0,10205.0,26.0,68435.815,1128.488,2413862.0,888369.0,9043072.0
2021-05-01,Austria,620485.0,1615.0,10233.0,28.0,68614.404,1131.584,0.0,0.0,9043072.0
2021-05-02,Austria,622110.0,1625.0,10245.0,12.0,68794.1,1132.911,0.0,0.0,9043072.0
2021-05-03,Austria,623201.0,1091.0,10260.0,15.0,68914.745,1134.57,0.0,0.0,9043072.0
2021-05-04,Austria,624595.0,1394.0,10291.0,31.0,69068.896,1137.998,0.0,0.0,9043072.0
2021-05-05,Austria,626239.0,1644.0,10311.0,20.0,69250.693,1140.21,0.0,0.0,9043072.0
2021-05-06,Austria,627484.0,1245.0,10333.0,22.0,69388.367,1142.643,0.0,0.0,9043072.0
2021-05-07,Austria,628817.0,1333.0,10351.0,18.0,69535.773,1144.633,2750249.0,1013081.0,9043072.0
2021-05-08,Austria,630050.0,1233.0,10374.0,23.0,69672.12,1147.177,0.0,0.0,9043072.0
2021-05-09,Austria,631076.0,1026.0,10382.0,8.0,69785.577,1148.061,0.0,0.0,9043072.0
2021-05-10,Austria,631896.0,820.0,10392.0,10.0,69876.254,1149.167,0.0,0.0,9043072.0
2021-05-11,Austria,632766.0,870.0,10413.0,21.0,69972.461,1151.489,0.0,0.0,9043072.0
2021-05-12,Austria,633960.0,1194.0,10428.0,15.0,70104.495,1153.148,0.0,0.0,9043072.0
2021-05-13,Austria,634893.0,933.0,10444.0,16.0,70207.668,1154.917,0.0,0.0,9043072.0
2021-05-14,Austria,635780.0,887.0,10455.0,11.0,70305.755,1156.134,3072091.0,1126168.0,9043072.0
2021-05-15,Austria,636424.0,644.0,10470.0,15.0,70376.969,1157.792,0.0,0.0,9043072.0
2021-05-16,Austria,637097.0,673.0,10474.0,4.0,70451.391,1158.235,0.0,0.0,9043072.0
2021-05-17,Austria,637573.0,476.0,10480.0,6.0,70504.028,1158.898,0.0,0.0,9043072.0
2021-05-18,Austria,638155.0,582.0,10499.0,19.0,70568.386,1160.999,0.0,0.0,9043072.0
2021-05-19,Austria,639054.0,899.0,10508.0,9.0,70667.8,1161.995,0.0,0.0,9043072.0
2021-05-20,Austria,639616.0,562.0,10527.0,19.0,70729.947,1164.096,0.0,0.0,9043072.0
2021-05-21,Austria,640293.0,677.0,10534.0,7.0,70804.811,1164.87,3436064.0,1319762.0,9043072.0
2021-05-22,Austria,640876.0,583.0,10541.0,7.0,70869.28,1165.644,0.0,0.0,9043072.0
2021-05-23,Austria,641380.0,504.0,10546.0,5.0,70925.013,1166.197,0.0,0.0,9043072.0
2021-05-24,Austria,641740.0,360.0,10547.0,1.0,70964.823,1166.307,0.0,0.0,9043072.0
2021-05-25,Austria,642138.0,398.0,10551.0,4.0,71008.834,1166.75,0.0,0.0,9043072.0
2021-05-26,Austria,642583.0,445.0,10566.0,15.0,71058.043,1168.408,0.0,0.0,9043072.0
2021-05-27,Austria,643168.0,585.0,10573.0,7.0,71122.734,1169.182,0.0,0.0,9043072.0
2021-05-28,Austria,643709.0,541.0,10588.0,15.0,71182.558,1170.841,3693155.0,1567833.0,9043072.0
2021-05-29,Austria,644207.0,498.0,10592.0,4.0,71237.628,1171.283,0.0,0.0,9043072.0
2021-05-30,Austria,644586.0,379.0,10596.0,4.0,71279.539,1171.726,0.0,0.0,9043072.0
2021-05-31,Austria,644815.0,229.0,10603.0,7.0,71304.862,1172.5,0.0,0.0,9043072.0
2021-06-01,Austria,645152.0,337.0,10615.0,12.0,71342.128,1173.827,0.0,0.0,9043072.0
2021-06-02,Austria,645552.0,400.0,10621.0,6.0,71386.361,1174.49,0.0,0.0,9043072.0
2021-06-03,Austria,645834.0,282.0,10627.0,6.0,71417.545,1175.154,0.0,0.0,9043072.0
2021-06-04,Austria,646167.0,333.0,10631.0,4.0,71454.369,1175.596,4004704.0,1860647.0,9043072.0
2021-06-05,Austria,646438.0,271.0,10636.0,5.0,71484.336,1176.149,0.0,0.0,9043072.0
2021-06-06,Austria,646800.0,362.0,10639.0,3.0,71524.367,1176.481,0.0,0.0,9043072.0
2021-06-07,Austria,647079.0,279.0,10640.0,1.0,71555.219,1176.591,0.0,0.0,9043072.0
2021-06-08,Austria,647322.0,243.0,10647.0,7.0,71582.091,1177.365,0.0,0.0,9043072.0
2021-06-09,Austria,647688.0,366.0,10650.0,3.0,71622.564,1177.697,0.0,0.0,9043072.0
2021-06-10,Austria,647971.0,283.0,10650.0,0.0,71653.858,1177.697,0.0,0.0,9043072.0
2021-06-11,Austria,648187.0,216.0,10652.0,2.0,71677.744,1177.918,4301440.0,2222749.0,9043072.0
2021-06-12,Austria,648387.0,200.0,10652.0,0.0,71699.86,1177.918,0.0,0.0,9043072.0
2021-06-13,Austria,648620.0,233.0,10661.0,9.0,71725.626,1178.914,0.0,0.0,9043072.0
2021-06-14,Austria,648732.0,112.0,10662.0,1.0,71738.011,1179.024,0.0,0.0,9043072.0
2021-06-15,Austria,648849.0,117.0,10668.0,6.0,71750.949,1179.688,0.0,0.0,9043072.0
2021-06-16,Austria,649002.0,153.0,10671.0,3.0,71767.868,1180.019,0.0,0.0,9043072.0
2021-06-17,Austria,649181.0,179.0,10674.0,3.0,71787.662,1180.351,0.0,0.0,9043072.0
2021-06-18,Austria,649309.0,128.0,10677.0,3.0,71801.817,1180.683,4556384.0,2580451.0,9043072.0
2021-06-19,Austria,649445.0,136.0,10679.0,2.0,71816.856,1180.904,0.0,0.0,9043072.0
2021-06-20,Austria,649576.0,131.0,10680.0,1.0,71831.342,1181.015,0.0,0.0,9043072.0
2021-06-21,Austria,649670.0,94.0,10680.0,0.0,71841.737,1181.015,0.0,0.0,9043072.0
2021-06-22,Austria,649728.0,58.0,10684.0,4.0,71848.151,1181.457,0.0,0.0,9043072.0
2021-06-23,Austria,649845.0,117.0,10686.0,2.0,71861.089,1181.678,0.0,0.0,9043072.0
2021-06-24,Austria,649922.0,77.0,10697.0,11.0,71869.604,1182.894,0.0,0.0,9043072.0
2021-06-25,Austria,650016.0,94.0,10700.0,3.0,71879.998,1183.226,4768402.0,2993730.0,9043072.0
2021-06-26,Austria,650192.0,176.0,10699.0,0.0,71899.461,1183.116,0.0,0.0,9043072.0
2021-06-27,Austria,650261.0,69.0,10700.0,1.0,71907.091,1183.226,0.0,0.0,9043072.0
2021-06-28,Austria,650324.0,63.0,10701.0,1.0,71914.058,1183.337,0.0,0.0,9043072.0
2021-06-29,Austria,650353.0,29.0,10700.0,0.0,71917.264,1183.226,0.0,0.0,9043072.0
2021-06-30,Austria,650412.0,59.0,10702.0,2.0,71923.789,1183.447,0.0,0.0,9043072.0
2021-07-01,Austria,650474.0,62.0,10706.0,4.0,71930.645,1183.89,0.0,0.0,9043072.0
2021-07-02,Austria,650569.0,95.0,10709.0,3.0,71941.15,1184.221,4968644.0,3443131.0,9043072.0
2021-07-03,Austria,650662.0,93.0,10709.0,0.0,71951.434,1184.221,0.0,0.0,9043072.0
2021-07-04,Austria,650737.0,75.0,10709.0,0.0,71959.728,1184.221,0.0,0.0,9043072.0
2021-07-05,Austria,650817.0,80.0,10713.0,4.0,71968.574,1184.664,0.0,0.0,9043072.0
2021-07-06,Austria,650901.0,84.0,10718.0,5.0,71977.863,1185.217,0.0,0.0,9043072.0
2021-07-07,Austria,651008.0,107.0,10719.0,1.0,71989.696,1185.327,0.0,0.0,9043072.0
2021-07-08,Austria,651128.0,120.0,10721.0,2.0,72002.965,1185.548,0.0,0.0,9043072.0
2021-07-09,Austria,651291.0,163.0,10722.0,1.0,72020.99,1185.659,5119932.0,3816011.0,9043072.0
2021-07-10,Austria,651453.0,162.0,10723.0,1.0,72038.904,1185.77,0.0,0.0,9043072.0
2021-07-11,Austria,651612.0,159.0,10723.0,0.0,72056.487,1185.77,0.0,0.0,9043072.0
2021-07-12,Austria,651804.0,192.0,10723.0,0.0,72077.719,1185.77,0.0,0.0,9043072.0
2021-07-13,Austria,652022.0,218.0,10724.0,1.0,72101.826,1185.88,0.0,0.0,9043072.0
2021-07-14,Austria,652354.0,332.0,10726.0,2.0,72138.539,1186.101,0.0,0.0,9043072.0
2021-07-15,Austria,652660.0,306.0,10727.0,1.0,72172.377,1186.212,0.0,0.0,9043072.0
2021-07-16,Austria,653001.0,341.0,10728.0,1.0,72210.085,1186.323,5230330.0,4149290.0,9043072.0
2021-07-17,Austria,653412.0,411.0,10728.0,0.0,72255.534,1186.323,0.0,0.0,9043072.0
2021-07-18,Austria,653735.0,323.0,10729.0,1.0,72291.252,1186.433,0.0,0.0,9043072.0
2021-07-19,Austria,653998.0,263.0,10729.0,0.0,72320.335,1186.433,0.0,0.0,9043072.0
2021-07-20,Austria,654314.0,316.0,10729.0,0.0,72355.279,1186.433,0.0,0.0,9043072.0
2021-07-21,Austria,654745.0,431.0,10729.0,0.0,72402.94,1186.433,0.0,0.0,9043072.0
2021-07-22,Austria,655197.0,452.0,10730.0,1.0,72452.923,1186.544,0.0,0.0,9043072.0
2021-07-23,Austria,655589.0,392.0,10730.0,0.0,72496.271,1186.544,5321597.0,4447098.0,9043072.0
2021-07-24,Austria,655938.0,349.0,10731.0,1.0,72534.864,1186.654,0.0,0.0,9043072.0
2021-07-25,Austria,656270.0,332.0,10731.0,0.0,72571.577,1186.654,0.0,0.0,9043072.0
2021-07-26,Austria,656582.0,312.0,10732.0,1.0,72606.079,1186.765,0.0,0.0,9043072.0
2021-07-27,Austria,656949.0,367.0,10737.0,5.0,72646.663,1187.318,0.0,0.0,9043072.0
2021-07-28,Austria,657501.0,552.0,10737.0,0.0,72707.704,1187.318,0.0,0.0,9043072.0
2021-07-29,Austria,658004.0,503.0,10737.0,0.0,72763.326,1187.318,0.0,0.0,9043072.0
2021-07-30,Austria,658518.0,514.0,10737.0,0.0,72820.166,1187.318,5378128.0,4712057.0,9043072.0
2021-07-31,Austria,659056.0,538.0,10737.0,0.0,72879.659,1187.318,0.0,0.0,9043072.0
2021-08-01,Austria,659508.0,452.0,10738.0,1.0,72929.642,1187.428,0.0,0.0,9043072.0
2021-08-02,Austria,659872.0,364.0,10739.0,1.0,72969.893,1187.539,0.0,0.0,9043072.0
2021-08-03,Austria,660262.0,390.0,10742.0,3.0,73013.02,1187.871,0.0,0.0,9043072.0
2021-08-04,Austria,660854.0,592.0,10744.0,2.0,73078.485,1188.092,0.0,0.0,9043072.0
2021-08-05,Austria,661359.0,505.0,10745.0,1.0,73134.329,1188.202,0.0,0.0,9043072.0
2021-08-06,Austria,661922.0,563.0,10748.0,3.0,73196.586,1188.534,5434129.0,4937652.0,9043072.0
2021-08-07,Austria,662529.0,607.0,10750.0,2.0,73263.71,1188.755,0.0,0.0,9043072.0
2021-08-08,Austria,663082.0,553.0,10750.0,0.0,73324.861,1188.755,0.0,0.0,9043072.0
2021-08-09,Austria,663532.0,450.0,10750.0,0.0,73374.623,1188.755,0.0,0.0,9043072.0
2021-08-10,Austria,664133.0,601.0,10751.0,1.0,73441.083,1188.866,0.0,0.0,9043072.0
2021-08-11,Austria,665035.0,902.0,10752.0,1.0,73540.828,1188.976,0.0,0.0,9043072.0
2021-08-12,Austria,665885.0,850.0,10753.0,1.0,73634.822,1189.087,0.0,0.0,9043072.0
2021-08-13,Austria,666890.0,1005.0,10753.0,0.0,73745.957,1189.087,5472282.0,5091823.0,9043072.0
2021-08-14,Austria,667841.0,951.0,10754.0,1.0,73851.121,1189.198,0.0,0.0,9043072.0
2021-08-15,Austria,668732.0,891.0,10756.0,2.0,73949.649,1189.419,0.0,0.0,9043072.0
2021-08-16,Austria,669506.0,774.0,10757.0,1.0,74035.239,1189.529,0.0,0.0,9043072.0
2021-08-17,Austria,670372.0,866.0,10757.0,0.0,74131.003,1189.529,0.0,0.0,9043072.0
2021-08-18,Austria,671593.0,1221.0,10757.0,0.0,74266.024,1189.529,0.0,0.0,9043072.0
2021-08-19,Austria,672819.0,1226.0,10760.0,3.0,74401.597,1189.861,0.0,0.0,9043072.0
2021-08-20,Austria,674077.0,1258.0,10761.0,1.0,74540.709,1189.972,5517576.0,5211205.0,9043072.0
2021-08-21,Austria,675405.0,1328.0,10761.0,0.0,74687.562,1189.972,0.0,0.0,9043072.0
2021-08-22,Austria,676526.0,1121.0,10762.0,1.0,74811.524,1190.082,0.0,0.0,9043072.0
2021-08-23,Austria,677603.0,1077.0,10763.0,1.0,74930.621,1190.193,0.0,0.0,9043072.0
2021-08-24,Austria,678605.0,1002.0,10768.0,5.0,75041.424,1190.746,0.0,0.0,9043072.0
2021-08-25,Austria,680179.0,1574.0,10770.0,2.0,75215.48,1190.967,0.0,0.0,9043072.0
2021-08-26,Austria,681617.0,1438.0,10772.0,2.0,75374.497,1191.188,0.0,0.0,9043072.0
2021-08-27,Austria,683219.0,1602.0,10776.0,4.0,75551.649,1191.63,5565041.0,5275045.0,9043072.0
2021-08-28,Austria,684541.0,1322.0,10777.0,1.0,75697.838,1191.741,0.0,0.0,9043072.0
2021-08-29,Austria,685956.0,1415.0,10781.0,4.0,75854.311,1192.183,0.0,0.0,9043072.0
2021-08-30,Austria,687076.0,1120.0,10782.0,1.0,75978.163,1192.294,0.0,0.0,9043072.0
2021-08-31,Austria,688305.0,1229.0,10772.0,0.0,76114.068,1191.188,0.0,0.0,9043072.0
2021-09-01,Austria,690153.0,1848.0,10775.0,3.0,76318.424,1191.52,0.0,0.0,9043072.0
2021-09-02,Austria,691663.0,1510.0,10778.0,3.0,76485.402,1191.852,0.0,0.0,9043072.0
2021-09-03,Austria,693416.0,1753.0,10785.0,7.0,76679.252,1192.626,5613564.0,5327210.0,9043072.0
2021-09-04,Austria,695131.0,1715.0,10790.0,5.0,76868.9,1193.179,0.0,0.0,9043072.0
2021-09-05,Austria,696905.0,1774.0,10793.0,3.0,77065.073,1193.51,0.0,0.0,9043072.0
2021-09-06,Austria,697510.0,605.0,10801.0,8.0,77131.975,1194.395,0.0,0.0,9043072.0
2021-09-07,Austria,698948.0,1438.0,10812.0,11.0,77290.991,1195.611,0.0,0.0,9043072.0
2021-09-08,Austria,701216.0,2268.0,10815.0,3.0,77541.791,1195.943,0.0,0.0,9043072.0
2021-09-09,Austria,703572.0,2356.0,10822.0,7.0,77802.322,1196.717,0.0,0.0,9043072.0
2021-09-10,Austria,705913.0,2341.0,10832.0,10.0,78061.194,1197.823,5666949.0,5373696.0,9043072.0
2021-09-11,Austria,708173.0,2260.0,10837.0,5.0,78311.109,1198.376,0.0,0.0,9043072.0
2021-09-12,Austria,710030.0,1857.0,10839.0,2.0,78516.46,1198.597,0.0,0.0,9043072.0
2021-09-13,Austria,711573.0,1543.0,10840.0,1.0,78687.088,1198.708,0.0,0.0,9043072.0
2021-09-14,Austria,713269.0,1696.0,10849.0,9.0,78874.635,1199.703,0.0,0.0,9043072.0
2021-09-15,Austria,715893.0,2624.0,10856.0,7.0,79164.802,1200.477,0.0,0.0,9043072.0
2021-09-16,Austria,718091.0,2198.0,10870.0,14.0,79407.861,1202.025,0.0,0.0,9043072.0
2021-09-17,Austria,720455.0,2364.0,10882.0,12.0,79669.276,1203.352,5725168.0,5421589.0,9043072.0
2021-09-18,Austria,722357.0,1902.0,10889.0,7.0,79879.603,1204.126,0.0,0.0,9043072.0
2021-09-19,Austria,724035.0,1678.0,10895.0,6.0,80065.159,1204.79,0.0,0.0,9043072.0
2021-09-20,Austria,725434.0,1399.0,10896.0,1.0,80219.863,1204.9,0.0,0.0,9043072.0
2021-09-21,Austria,726674.0,1240.0,10918.0,22.0,80356.985,1207.333,0.0,0.0,9043072.0
2021-09-22,Austria,728696.0,2022.0,10933.0,15.0,80580.581,1208.992,0.0,0.0,9043072.0
2021-09-23,Austria,730403.0,1707.0,10943.0,10.0,80769.345,1210.098,0.0,0.0,9043072.0
2021-09-24,Austria,732157.0,1754.0,10953.0,10.0,80963.305,1211.203,5780633.0,5469088.0,9043072.0
2021-09-25,Austria,734302.0,2145.0,10961.0,8.0,81200.504,1212.088,0.0,0.0,9043072.0
2021-09-26,Austria,735890.0,1588.0,10969.0,8.0,81376.108,1212.973,0.0,0.0,9043072.0
2021-09-27,Austria,737202.0,1312.0,10976.0,7.0,81521.191,1213.747,0.0,0.0,9043072.0
2021-09-28,Austria,738763.0,1561.0,10986.0,10.0,81693.809,1214.853,0.0,0.0,9043072.0
2021-09-29,Austria,741046.0,2283.0,10998.0,12.0,81946.268,1216.18,0.0,0.0,9043072.0
2021-09-30,Austria,743095.0,2049.0,11009.0,11.0,82172.85,1217.396,0.0,0.0,9043072.0
2021-10-01,Austria,744964.0,1869.0,11014.0,5.0,82379.528,1217.949,5824231.0,5511668.0,9043072.0
2021-10-02,Austria,746380.0,1416.0,11021.0,7.0,82536.112,1218.723,0.0,0.0,9043072.0
2021-10-03,Austria,748825.0,2445.0,11026.0,5.0,82806.484,1219.276,0.0,0.0,9043072.0
2021-10-04,Austria,750229.0,1404.0,11034.0,8.0,82961.741,1220.161,0.0,0.0,9043072.0
2021-10-05,Austria,751139.0,910.0,11049.0,15.0,83062.371,1221.819,0.0,0.0,9043072.0
2021-10-06,Austria,753832.0,2693.0,11061.0,12.0,83360.168,1223.146,0.0,0.0,9043072.0
2021-10-07,Austria,755797.0,1965.0,11072.0,11.0,83577.461,1224.363,0.0,0.0,9043072.0
2021-10-08,Austria,757675.0,1878.0,11084.0,12.0,83785.134,1225.69,5859298.0,5555677.0,9043072.0
2021-10-09,Austria,759543.0,1868.0,11090.0,6.0,83991.701,1226.353,0.0,0.0,9043072.0
2021-10-10,Austria,761218.0,1675.0,11096.0,6.0,84176.926,1227.017,0.0,0.0,9043072.0
2021-10-11,Austria,762538.0,1320.0,11106.0,10.0,84322.894,1228.122,0.0,0.0,9043072.0
2021-10-12,Austria,763928.0,1390.0,11120.0,14.0,84476.603,1229.671,0.0,0.0,9043072.0
2021-10-13,Austria,766542.0,2614.0,11135.0,15.0,84765.664,1231.329,0.0,0.0,9043072.0
2021-10-14,Austria,768711.0,2169.0,11143.0,8.0,85005.516,1232.214,0.0,0.0,9043072.0
2021-10-15,Austria,771143.0,2432.0,11151.0,8.0,85274.451,1233.099,5888582.0,5596507.0,9043072.0
2021-10-16,Austria,773540.0,2397.0,11161.0,10.0,85539.516,1234.204,0.0,0.0,9043072.0
2021-10-17,Austria,775782.0,2242.0,11167.0,6.0,85787.44,1234.868,0.0,0.0,9043072.0
2021-10-18,Austria,777679.0,1897.0,11180.0,13.0,85997.214,1236.306,0.0,0.0,9043072.0
2021-10-19,Austria,780269.0,2590.0,11196.0,16.0,86283.621,1238.075,0.0,0.0,9043072.0
2021-10-20,Austria,783996.0,3727.0,11209.0,13.0,86695.76,1239.512,0.0,0.0,9043072.0
2021-10-21,Austria,787644.0,3648.0,11220.0,11.0,87099.163,1240.729,0.0,0.0,9043072.0
2021-10-22,Austria,791226.0,3582.0,11233.0,13.0,87495.267,1242.166,5924971.0,5636426.0,9043072.0
2021-10-23,Austria,794982.0,3756.0,11245.0,12.0,87910.613,1243.493,0.0,0.0,9043072.0
2021-10-24,Austria,798606.0,3624.0,11251.0,6.0,88311.361,1244.157,0.0,0.0,9043072.0
2021-10-25,Austria,801456.0,2850.0,11261.0,10.0,88626.52,1245.263,0.0,0.0,9043072.0
2021-10-26,Austria,804825.0,3369.0,11279.0,18.0,88999.07,1247.253,0.0,0.0,9043072.0
2021-10-27,Austria,809086.0,4261.0,11289.0,10.0,89470.26,1248.359,0.0,0.0,9043072.0
2021-10-28,Austria,813334.0,4248.0,11316.0,27.0,89940.012,1251.345,0.0,0.0,9043072.0
2021-10-29,Austria,819195.0,5861.0,11333.0,17.0,90588.132,1253.225,5977903.0,5669888.0,9043072.0
2021-10-30,Austria,825297.0,6102.0,11345.0,12.0,91262.903,1254.552,0.0,0.0,9043072.0
2021-10-31,Austria,830981.0,5684.0,11357.0,12.0,91891.45,1255.879,0.0,0.0,9043072.0
2021-11-01,Austria,835504.0,4523.0,11369.0,12.0,92391.612,1257.206,0.0,0.0,9043072.0
2021-11-02,Austria,840902.0,5398.0,11380.0,11.0,92988.533,1258.422,0.0,0.0,9043072.0
2021-11-03,Austria,847408.0,6506.0,11400.0,20.0,93707.979,1260.634,0.0,0.0,9043072.0
2021-11-04,Austria,856002.0,8594.0,11419.0,19.0,94658.32,1262.735,0.0,0.0,9043072.0
2021-11-05,Austria,865390.0,9388.0,11451.0,32.0,95696.462,1266.273,6057119.0,5707062.0,9043072.0
2021-11-06,Austria,875333.0,9943.0,11482.0,31.0,96795.978,1269.701,0.0,0.0,9043072.0
2021-11-07,Austria,883887.0,8554.0,11502.0,20.0,97741.896,1271.913,0.0,0.0,9043072.0
2021-11-08,Austria,892065.0,8178.0,11515.0,13.0,98646.234,1273.35,0.0,0.0,9043072.0
2021-11-09,Austria,899777.0,7712.0,11554.0,39.0,99499.042,1277.663,0.0,0.0,9043072.0
2021-11-10,Austria,911175.0,11398.0,11577.0,23.0,100759.454,1280.207,0.0,0.0,9043072.0
2021-11-11,Austria,923150.0,11975.0,11601.0,24.0,102083.672,1282.861,0.0,0.0,9043072.0
2021-11-12,Austria,934948.0,11798.0,11641.0,40.0,103388.318,1287.284,6194031.0,5753152.0,9043072.0
2021-11-13,Austria,948100.0,13152.0,11689.0,48.0,104842.691,1292.592,0.0,0.0,9043072.0
2021-11-14,Austria,959652.0,11552.0,11706.0,17.0,106120.133,1294.472,0.0,0.0,9043072.0
2021-11-15,Austria,971541.0,11889.0,11746.0,40.0,107434.841,1298.895,0.0,0.0,9043072.0
2021-11-16,Austria,981904.0,10363.0,11807.0,61.0,108580.801,1305.64,0.0,0.0,9043072.0
2021-11-17,Austria,996320.0,14416.0,11848.0,41.0,110174.949,1310.174,0.0,0.0,9043072.0
2021-11-18,Austria,1011465.0,15145.0,11903.0,55.0,111849.712,1316.256,0.0,0.0,9043072.0
2021-11-19,Austria,1027274.0,15809.0,11951.0,48.0,113597.901,1321.564,6307482.0,5807900.0,9043072.0
2021-11-20,Austria,1042571.0,15297.0,11993.0,42.0,115289.472,1326.209,0.0,0.0,9043072.0
2021-11-21,Austria,1056613.0,14042.0,12015.0,22.0,116842.263,1328.641,0.0,0.0,9043072.0
2021-11-22,Austria,1070419.0,13806.0,12042.0,27.0,118368.957,1331.627,0.0,0.0,9043072.0
2021-11-23,Austria,1079932.0,9513.0,12114.0,72.0,119420.922,1339.589,0.0,0.0,9043072.0
2021-11-24,Austria,1095297.0,15365.0,12180.0,66.0,121120.013,1346.887,0.0,0.0,9043072.0
2021-11-25,Austria,1108889.0,13592.0,12233.0,53.0,122623.042,1352.748,0.0,0.0,9043072.0
2021-11-26,Austria,1121134.0,12245.0,12284.0,51.0,123977.118,1358.388,6395342.0,5871563.0,9043072.0
2021-11-27,Austria,1132805.0,11671.0,12349.0,65.0,125267.719,1365.576,0.0,0.0,9043072.0
2021-11-28,Austria,1143283.0,10478.0,12388.0,39.0,126426.396,1369.888,0.0,0.0,9043072.0
2021-11-29,Austria,1151809.0,8526.0,12425.0,37.0,127369.217,1373.98,0.0,0.0,9043072.0
2021-11-30,Austria,1159995.0,8186.0,12492.0,67.0,128274.44,1381.389,0.0,0.0,9043072.0
2021-12-01,Austria,1170362.0,10367.0,12553.0,61.0,129420.843,1388.134,0.0,0.0,9043072.0
2021-12-02,Austria,1179244.0,8882.0,12625.0,72.0,130403.031,1396.096,0.0,0.0,9043072.0
2021-12-03,Austria,1185982.0,6738.0,12693.0,68.0,131148.132,1403.616,6471623.0,5962545.0,9043072.0
2021-12-04,Austria,1193286.0,7304.0,12753.0,60.0,131955.822,1410.251,0.0,0.0,9043072.0
2021-12-05,Austria,1198478.0,5192.0,12796.0,43.0,132529.963,1415.006,0.0,0.0,9043072.0
2021-12-06,Austria,1203103.0,4625.0,12844.0,48.0,133041.405,1420.314,0.0,0.0,9043072.0
2021-12-07,Austria,1207336.0,4233.0,12921.0,77.0,133509.498,1428.829,0.0,0.0,9043072.0
2021-12-08,Austria,1212999.0,5663.0,12979.0,58.0,134135.723,1435.242,0.0,0.0,9043072.0
2021-12-09,Austria,1217436.0,4437.0,13011.0,32.0,134626.375,1438.781,0.0,0.0,9043072.0
2021-12-10,Austria,1221095.0,3659.0,13076.0,65.0,135030.994,1445.969,6535602.0,6061912.0,9043072.0
2021-12-11,Austria,1225555.0,4460.0,13143.0,67.0,135524.189,1453.378,0.0,0.0,9043072.0
2021-12-12,Austria,1228034.0,2479.0,13162.0,19.0,135798.322,1455.479,0.0,0.0,9043072.0
2021-12-13,Austria,1232204.0,4170.0,13218.0,56.0,136259.448,1461.671,0.0,0.0,9043072.0
2021-12-14,Austria,1235063.0,2859.0,13282.0,64.0,136575.602,1468.749,0.0,0.0,9043072.0
2021-12-15,Austria,1239287.0,4224.0,13333.0,51.0,137042.7,1474.388,0.0,0.0,9043072.0
2021-12-16,Austria,1242333.0,3046.0,13386.0,53.0,137379.532,1480.249,0.0,0.0,9043072.0
2021-12-17,Austria,1245232.0,2899.0,13438.0,52.0,137700.109,1485.999,6604196.0,6166779.0,9043072.0
2021-12-18,Austria,1247399.0,2167.0,13462.0,24.0,137939.74,1488.653,0.0,0.0,9043072.0
2021-12-19,Austria,1249641.0,2242.0,13479.0,17.0,138187.665,1490.533,0.0,0.0,9043072.0
2021-12-20,Austria,1251433.0,1792.0,13496.0,17.0,138385.827,1492.413,0.0,0.0,9043072.0
2021-12-21,Austria,1253961.0,2528.0,13538.0,42.0,138665.378,1497.058,0.0,0.0,9043072.0
2021-12-22,Austria,1256230.0,2269.0,13567.0,29.0,138916.289,1500.265,0.0,0.0,9043072.0
2021-12-23,Austria,1258377.0,2147.0,13595.0,28.0,139153.708,1503.361,0.0,0.0,9043072.0
2021-12-24,Austria,1260751.0,2374.0,13617.0,22.0,139416.229,1505.794,6636896.0,6227580.0,9043072.0
2021-12-25,Austria,1262836.0,2085.0,13626.0,9.0,139646.793,1506.789,0.0,0.0,9043072.0
2021-12-26,Austria,1264553.0,1717.0,13634.0,8.0,139836.662,1507.673,0.0,0.0,9043072.0
2021-12-27,Austria,1266103.0,1550.0,13650.0,16.0,140008.064,1509.443,0.0,0.0,9043072.0
2021-12-28,Austria,1268519.0,2416.0,13672.0,22.0,140275.229,1511.876,0.0,0.0,9043072.0
2021-12-29,Austria,1271770.0,3251.0,13689.0,17.0,140634.731,1513.756,0.0,0.0,9043072.0
2021-12-30,Austria,1274995.0,3225.0,13701.0,12.0,140991.358,1515.082,0.0,0.0,9043072.0
2021-12-31,Austria,1278619.0,3624.0,13733.0,32.0,141392.107,1518.621,6659953.0,6279207.0,9043072.0
2022-01-01,Austria,1282227.0,3608.0,13749.0,16.0,141791.086,1520.39,0.0,0.0,9043072.0
2022-01-02,Austria,1285510.0,3283.0,13752.0,3.0,142154.126,1520.722,0.0,0.0,9043072.0
2022-01-03,Austria,1288829.0,3319.0,13759.0,7.0,142521.148,1521.496,0.0,0.0,9043072.0
2022-01-04,Austria,1294325.0,5496.0,13784.0,25.0,143128.906,1524.261,0.0,0.0,9043072.0
2022-01-05,Austria,1304086.0,9761.0,13802.0,18.0,144208.296,1526.251,0.0,0.0,9043072.0
2022-01-06,Austria,1312939.0,8853.0,13823.0,21.0,145187.277,1528.573,0.0,0.0,9043072.0
2022-01-07,Austria,1321725.0,8786.0,13830.0,7.0,146158.85,1529.348,6689649.0,6345622.0,9043072.0
2022-01-08,Austria,1329130.0,7405.0,13844.0,14.0,146977.708,1530.896,0.0,0.0,9043072.0
2022-01-09,Austria,1339421.0,10291.0,13848.0,4.0,148115.707,1531.338,0.0,0.0,9043072.0
2022-01-10,Austria,1350225.0,10804.0,13855.0,7.0,149310.433,1532.112,0.0,0.0,9043072.0
2022-01-11,Austria,1361741.0,11516.0,13872.0,17.0,150583.894,1533.992,0.0,0.0,9043072.0
2022-01-12,Austria,1378747.0,17006.0,13882.0,10.0,152464.45,1535.098,0.0,0.0,9043072.0
2022-01-13,Austria,1394599.0,15852.0,13898.0,16.0,154217.394,1536.867,0.0,0.0,9043072.0
2022-01-14,Austria,1411421.0,16822.0,13905.0,7.0,156077.603,1537.641,6723196.0,6408928.0,9043072.0
2022-01-15,Austria,1428170.0,16749.0,13915.0,10.0,157929.739,1538.747,0.0,0.0,9043072.0
2022-01-16,Austria,1443589.0,15419.0,13920.0,5.0,159634.801,1539.3,0.0,0.0,9043072.0
2022-01-17,Austria,1459306.0,15717.0,13922.0,2.0,161372.817,1539.521,0.0,0.0,9043072.0
2022-01-18,Austria,1475991.0,16685.0,13942.0,20.0,163217.876,1541.733,0.0,0.0,9043072.0
2022-01-19,Austria,1503668.0,27677.0,13956.0,14.0,166278.451,1543.281,0.0,0.0,9043072.0
2022-01-20,Austria,1505501.0,1833.0,13956.0,0.0,166481.147,1543.281,0.0,0.0,9043072.0
2022-01-21,Austria,1530919.0,25418.0,13956.0,0.0,169291.918,1543.281,6750865.0,6446802.0,9043072.0
2022-01-22,Austria,1577588.0,46669.0,13985.0,29.0,174452.664,1546.488,0.0,0.0,9043072.0
2022-01-23,Austria,1600041.0,22453.0,13991.0,6.0,176935.559,1547.151,0.0,0.0,9043072.0
2022-01-24,Austria,1625651.0,25610.0,14000.0,9.0,179767.561,1548.146,0.0,0.0,9043072.0
2022-01-25,Austria,1650597.0,24946.0,14019.0,19.0,182526.137,1550.248,0.0,0.0,9043072.0
2022-01-26,Austria,1684608.0,34011.0,14030.0,11.0,186287.138,1551.464,0.0,0.0,9043072.0
2022-01-27,Austria,1727661.0,43053.0,14042.0,12.0,191048.02,1552.791,0.0,0.0,9043072.0
2022-01-28,Austria,1766292.0,38631.0,14061.0,19.0,195319.909,1554.892,6769864.0,6478692.0,9043072.0
2022-01-29,Austria,1801040.0,34748.0,14077.0,16.0,199162.409,1556.661,0.0,0.0,9043072.0
2022-01-30,Austria,1828167.0,27127.0,14091.0,14.0,202162.163,1558.209,0.0,0.0,9043072.0
2022-01-31,Austria,1855578.0,27411.0,14103.0,12.0,205193.324,1559.536,0.0,0.0,9043072.0
2022-02-01,Austria,1881472.0,25894.0,14127.0,24.0,208056.731,1562.19,0.0,0.0,9043072.0
2022-02-02,Austria,1920882.0,39410.0,14143.0,16.0,212414.763,1563.96,0.0,0.0,9043072.0
2022-02-03,Austria,1959017.0,38135.0,14167.0,24.0,216631.804,1566.614,0.0,0.0,9043072.0
2022-02-04,Austria,1995346.0,36329.0,14192.0,25.0,220649.133,1569.378,6781604.0,6510385.0,9043072.0
2022-02-05,Austria,2027604.0,32258.0,14214.0,22.0,224216.284,1571.811,0.0,0.0,9043072.0
2022-02-06,Austria,2056928.0,29324.0,14232.0,18.0,227458.987,1573.801,0.0,0.0,9043072.0
2022-02-07,Austria,2084227.0,27299.0,14246.0,14.0,230477.762,1575.35,0.0,0.0,9043072.0
2022-02-08,Austria,2111314.0,27087.0,14271.0,25.0,233473.094,1578.114,0.0,0.0,9043072.0
2022-02-09,Austria,2149623.0,38309.0,14293.0,22.0,237709.376,1580.547,0.0,0.0,9043072.0
2022-02-10,Austria,2184873.0,35250.0,14315.0,22.0,241607.387,1582.98,0.0,0.0,9043072.0
2022-02-11,Austria,2217585.0,32712.0,14337.0,22.0,245224.742,1585.413,6789837.0,6534536.0,9043072.0
2022-02-12,Austria,2248713.0,31128.0,14360.0,23.0,248666.935,1587.956,0.0,0.0,9043072.0
2022-02-13,Austria,2274664.0,25951.0,14372.0,12.0,251536.646,1589.283,0.0,0.0,9043072.0
2022-02-14,Austria,2299229.0,24565.0,14392.0,20.0,254253.09,1591.495,0.0,0.0,9043072.0
2022-02-15,Austria,2324406.0,25177.0,14427.0,35.0,257037.21,1595.365,0.0,0.0,9043072.0
2022-02-16,Austria,2362662.0,38256.0,14471.0,44.0,261267.631,1600.231,0.0,0.0,9043072.0
2022-02-17,Austria,2393576.0,30914.0,14503.0,32.0,264686.16,1603.769,0.0,0.0,9043072.0
2022-02-18,Austria,2424742.0,31166.0,14537.0,34.0,268132.555,1607.529,6795015.0,6551129.0,9043072.0
2022-02-19,Austria,2424742.0,0.0,14537.0,0.0,268132.555,1607.529,0.0,0.0,9043072.0
2022-02-20,Austria,2473099.0,48357.0,14581.0,44.0,273479.963,1612.395,0.0,0.0,9043072.0
2022-02-21,Austria,2494535.0,21436.0,14594.0,13.0,275850.397,1613.832,0.0,0.0,9043072.0
2022-02-22,Austria,2515962.0,21427.0,14631.0,37.0,278219.835,1617.924,0.0,0.0,9043072.0
2022-02-23,Austria,2550371.0,34409.0,14661.0,30.0,282024.847,1621.241,0.0,0.0,9043072.0
2022-02-24,Austria,2578962.0,28591.0,14700.0,39.0,285186.494,1625.554,0.0,0.0,9043072.0
2022-02-25,Austria,2610286.0,31324.0,14725.0,25.0,288650.361,1628.318,6798547.0,6562612.0,9043072.0
2022-02-26,Austria,2636258.0,25972.0,14762.0,37.0,291522.394,1632.41,0.0,0.0,9043072.0
2022-02-27,Austria,2659532.0,23274.0,14787.0,25.0,294096.077,1635.174,0.0,0.0,9043072.0
2022-02-28,Austria,2679742.0,20210.0,14809.0,22.0,296330.937,1637.607,0.0,0.0,9043072.0
2022-03-01,Austria,2704530.0,24788.0,14841.0,32.0,299072.041,1641.146,6800252.0,6566726.0,9043072.0
2022-03-02,Austria,2744023.0,39493.0,14888.0,47.0,303439.252,1646.343,0.0,0.0,9043072.0
2022-03-03,Austria,2775589.0,31566.0,14924.0,36.0,306929.88,1650.324,0.0,0.0,9043072.0
2022-03-04,Austria,2808008.0,32419.0,14960.0,36.0,310514.834,1654.305,0.0,0.0,9043072.0
2022-03-05,Austria,2839297.0,31289.0,14986.0,26.0,313974.831,1657.18,0.0,0.0,9043072.0
2020-03-01,Azerbaijan,3.0,3.0,0.0,0.0,0.293,0.0,0.0,0.0,10223344.0
2020-03-02,Azerbaijan,3.0,0.0,0.0,0.0,0.293,0.0,0.0,0.0,10223344.0
2020-03-03,Azerbaijan,3.0,0.0,0.0,0.0,0.293,0.0,0.0,0.0,10223344.0
2020-03-04,Azerbaijan,3.0,0.0,0.0,0.0,0.293,0.0,0.0,0.0,10223344.0
2020-03-05,Azerbaijan,6.0,3.0,0.0,0.0,0.587,0.0,0.0,0.0,10223344.0
2020-03-06,Azerbaijan,6.0,0.0,0.0,0.0,0.587,0.0,0.0,0.0,10223344.0
2020-03-07,Azerbaijan,9.0,3.0,0.0,0.0,0.88,0.0,0.0,0.0,10223344.0
2020-03-08,Azerbaijan,9.0,0.0,0.0,0.0,0.88,0.0,0.0,0.0,10223344.0
2020-03-09,Azerbaijan,9.0,0.0,0.0,0.0,0.88,0.0,0.0,0.0,10223344.0
2020-03-10,Azerbaijan,11.0,2.0,0.0,0.0,1.076,0.0,0.0,0.0,10223344.0
2020-03-11,Azerbaijan,11.0,0.0,0.0,0.0,1.076,0.0,0.0,0.0,10223344.0
2020-03-12,Azerbaijan,11.0,0.0,0.0,0.0,1.076,0.0,0.0,0.0,10223344.0
2020-03-13,Azerbaijan,15.0,4.0,1.0,1.0,1.467,0.098,0.0,0.0,10223344.0
2020-03-14,Azerbaijan,15.0,0.0,1.0,0.0,1.467,0.098,0.0,0.0,10223344.0
2020-03-15,Azerbaijan,23.0,8.0,1.0,0.0,2.25,0.098,0.0,0.0,10223344.0
2020-03-16,Azerbaijan,28.0,5.0,1.0,0.0,2.739,0.098,0.0,0.0,10223344.0
2020-03-17,Azerbaijan,28.0,0.0,1.0,0.0,2.739,0.098,0.0,0.0,10223344.0
2020-03-18,Azerbaijan,28.0,0.0,1.0,0.0,2.739,0.098,0.0,0.0,10223344.0
2020-03-19,Azerbaijan,44.0,16.0,1.0,0.0,4.304,0.098,0.0,0.0,10223344.0
2020-03-20,Azerbaijan,44.0,0.0,1.0,0.0,4.304,0.098,0.0,0.0,10223344.0
2020-03-21,Azerbaijan,53.0,9.0,1.0,0.0,5.184,0.098,0.0,0.0,10223344.0
2020-03-22,Azerbaijan,65.0,12.0,1.0,0.0,6.358,0.098,0.0,0.0,10223344.0
2020-03-23,Azerbaijan,72.0,7.0,1.0,0.0,7.043,0.098,0.0,0.0,10223344.0
2020-03-24,Azerbaijan,87.0,15.0,1.0,0.0,8.51,0.098,0.0,0.0,10223344.0
2020-03-25,Azerbaijan,93.0,6.0,2.0,1.0,9.097,0.196,0.0,0.0,10223344.0
2020-03-26,Azerbaijan,122.0,29.0,3.0,1.0,11.933,0.293,0.0,0.0,10223344.0
2020-03-27,Azerbaijan,165.0,43.0,3.0,0.0,16.14,0.293,0.0,0.0,10223344.0
2020-03-28,Azerbaijan,182.0,17.0,4.0,1.0,17.802,0.391,0.0,0.0,10223344.0
2020-03-29,Azerbaijan,209.0,27.0,4.0,0.0,20.443,0.391,0.0,0.0,10223344.0
2020-03-30,Azerbaijan,273.0,64.0,4.0,0.0,26.704,0.391,0.0,0.0,10223344.0
2020-03-31,Azerbaijan,298.0,25.0,5.0,1.0,29.149,0.489,0.0,0.0,10223344.0
2020-04-01,Azerbaijan,359.0,61.0,5.0,0.0,35.116,0.489,0.0,0.0,10223344.0
2020-04-02,Azerbaijan,400.0,41.0,5.0,0.0,39.126,0.489,0.0,0.0,10223344.0
2020-04-03,Azerbaijan,443.0,43.0,5.0,0.0,43.332,0.489,0.0,0.0,10223344.0
2020-04-04,Azerbaijan,521.0,78.0,5.0,0.0,50.962,0.489,0.0,0.0,10223344.0
2020-04-05,Azerbaijan,584.0,63.0,7.0,2.0,57.124,0.685,0.0,0.0,10223344.0
2020-04-06,Azerbaijan,641.0,57.0,7.0,0.0,62.7,0.685,0.0,0.0,10223344.0
2020-04-07,Azerbaijan,717.0,76.0,8.0,1.0,70.134,0.783,0.0,0.0,10223344.0
2020-04-08,Azerbaijan,822.0,105.0,8.0,0.0,80.404,0.783,0.0,0.0,10223344.0
2020-04-09,Azerbaijan,926.0,104.0,9.0,1.0,90.577,0.88,0.0,0.0,10223344.0
2020-04-10,Azerbaijan,991.0,65.0,10.0,1.0,96.935,0.978,0.0,0.0,10223344.0
2020-04-11,Azerbaijan,1058.0,67.0,11.0,1.0,103.489,1.076,0.0,0.0,10223344.0
2020-04-12,Azerbaijan,1098.0,40.0,11.0,0.0,107.401,1.076,0.0,0.0,10223344.0
2020-04-13,Azerbaijan,1148.0,50.0,12.0,1.0,112.292,1.174,0.0,0.0,10223344.0
2020-04-14,Azerbaijan,1197.0,49.0,13.0,1.0,117.085,1.272,0.0,0.0,10223344.0
2020-04-15,Azerbaijan,1253.0,56.0,13.0,0.0,122.563,1.272,0.0,0.0,10223344.0
2020-04-16,Azerbaijan,1283.0,30.0,15.0,2.0,125.497,1.467,0.0,0.0,10223344.0
2020-04-17,Azerbaijan,1340.0,57.0,15.0,0.0,131.073,1.467,0.0,0.0,10223344.0
2020-04-18,Azerbaijan,1373.0,33.0,18.0,3.0,134.3,1.761,0.0,0.0,10223344.0
2020-04-19,Azerbaijan,1398.0,25.0,19.0,1.0,136.746,1.858,0.0,0.0,10223344.0
2020-04-20,Azerbaijan,1436.0,38.0,19.0,0.0,140.463,1.858,0.0,0.0,10223344.0
2020-04-21,Azerbaijan,1480.0,44.0,20.0,1.0,144.767,1.956,0.0,0.0,10223344.0
2020-04-22,Azerbaijan,1518.0,38.0,20.0,0.0,148.484,1.956,0.0,0.0,10223344.0
2020-04-23,Azerbaijan,1548.0,30.0,20.0,0.0,151.418,1.956,0.0,0.0,10223344.0
2020-04-24,Azerbaijan,1592.0,44.0,21.0,1.0,155.722,2.054,0.0,0.0,10223344.0
2020-04-25,Azerbaijan,1617.0,25.0,21.0,0.0,158.167,2.054,0.0,0.0,10223344.0
2020-04-26,Azerbaijan,1645.0,28.0,21.0,0.0,160.906,2.054,0.0,0.0,10223344.0
2020-04-27,Azerbaijan,1678.0,33.0,22.0,1.0,164.134,2.152,0.0,0.0,10223344.0
2020-04-28,Azerbaijan,1717.0,39.0,22.0,0.0,167.949,2.152,0.0,0.0,10223344.0
2020-04-29,Azerbaijan,1766.0,49.0,23.0,1.0,172.742,2.25,0.0,0.0,10223344.0
2020-04-30,Azerbaijan,1804.0,38.0,24.0,1.0,176.459,2.348,0.0,0.0,10223344.0
2020-05-01,Azerbaijan,1854.0,50.0,25.0,1.0,181.35,2.445,0.0,0.0,10223344.0
2020-05-02,Azerbaijan,1894.0,40.0,25.0,0.0,185.262,2.445,0.0,0.0,10223344.0
2020-05-03,Azerbaijan,1932.0,38.0,25.0,0.0,188.979,2.445,0.0,0.0,10223344.0
2020-05-04,Azerbaijan,1984.0,52.0,26.0,1.0,194.066,2.543,0.0,0.0,10223344.0
2020-05-05,Azerbaijan,2060.0,76.0,26.0,0.0,201.5,2.543,0.0,0.0,10223344.0
2020-05-06,Azerbaijan,2127.0,67.0,28.0,2.0,208.053,2.739,0.0,0.0,10223344.0
2020-05-07,Azerbaijan,2204.0,77.0,28.0,0.0,215.585,2.739,0.0,0.0,10223344.0
2020-05-08,Azerbaijan,2279.0,75.0,28.0,0.0,222.921,2.739,0.0,0.0,10223344.0
2020-05-09,Azerbaijan,2422.0,143.0,31.0,3.0,236.909,3.032,0.0,0.0,10223344.0
2020-05-10,Azerbaijan,2519.0,97.0,32.0,1.0,246.397,3.13,0.0,0.0,10223344.0
2020-05-11,Azerbaijan,2589.0,70.0,32.0,0.0,253.244,3.13,0.0,0.0,10223344.0
2020-05-12,Azerbaijan,2693.0,104.0,33.0,1.0,263.417,3.228,0.0,0.0,10223344.0
2020-05-13,Azerbaijan,2758.0,65.0,35.0,2.0,269.775,3.424,0.0,0.0,10223344.0
2020-05-14,Azerbaijan,2879.0,121.0,35.0,0.0,281.61,3.424,0.0,0.0,10223344.0
2020-05-15,Azerbaijan,2980.0,101.0,36.0,1.0,291.49,3.521,0.0,0.0,10223344.0
2020-05-16,Azerbaijan,3138.0,158.0,36.0,0.0,306.945,3.521,0.0,0.0,10223344.0
2020-05-17,Azerbaijan,3274.0,136.0,39.0,3.0,320.247,3.815,0.0,0.0,10223344.0
2020-05-18,Azerbaijan,3387.0,113.0,40.0,1.0,331.301,3.913,0.0,0.0,10223344.0
2020-05-19,Azerbaijan,3518.0,131.0,41.0,1.0,344.114,4.01,0.0,0.0,10223344.0
2020-05-20,Azerbaijan,3631.0,113.0,43.0,2.0,355.168,4.206,0.0,0.0,10223344.0
2020-05-21,Azerbaijan,3749.0,118.0,44.0,1.0,366.71,4.304,0.0,0.0,10223344.0
2020-05-22,Azerbaijan,3855.0,106.0,46.0,2.0,377.078,4.5,0.0,0.0,10223344.0
2020-05-23,Azerbaijan,3982.0,127.0,49.0,3.0,389.501,4.793,0.0,0.0,10223344.0
2020-05-24,Azerbaijan,4122.0,140.0,49.0,0.0,403.195,4.793,0.0,0.0,10223344.0
2020-05-25,Azerbaijan,4271.0,149.0,51.0,2.0,417.769,4.989,0.0,0.0,10223344.0
2020-05-26,Azerbaijan,4403.0,132.0,52.0,1.0,430.681,5.086,0.0,0.0,10223344.0
2020-05-27,Azerbaijan,4568.0,165.0,54.0,2.0,446.821,5.282,0.0,0.0,10223344.0
2020-05-28,Azerbaijan,4759.0,191.0,56.0,2.0,465.503,5.478,0.0,0.0,10223344.0
2020-05-29,Azerbaijan,4989.0,230.0,58.0,2.0,488.001,5.673,0.0,0.0,10223344.0
2020-05-30,Azerbaijan,5246.0,257.0,61.0,3.0,513.139,5.967,0.0,0.0,10223344.0
2020-05-31,Azerbaijan,5494.0,248.0,63.0,2.0,537.398,6.162,0.0,0.0,10223344.0
2020-06-01,Azerbaijan,5662.0,168.0,68.0,5.0,553.831,6.651,0.0,0.0,10223344.0
2020-06-02,Azerbaijan,5935.0,273.0,71.0,3.0,580.534,6.945,0.0,0.0,10223344.0
2020-06-03,Azerbaijan,6260.0,325.0,76.0,5.0,612.324,7.434,0.0,0.0,10223344.0
2020-06-04,Azerbaijan,6522.0,262.0,78.0,2.0,637.952,7.63,0.0,0.0,10223344.0
2020-06-05,Azerbaijan,6860.0,338.0,82.0,4.0,671.013,8.021,0.0,0.0,10223344.0
2020-06-06,Azerbaijan,7239.0,379.0,84.0,2.0,708.085,8.216,0.0,0.0,10223344.0
2020-06-07,Azerbaijan,7553.0,314.0,88.0,4.0,738.799,8.608,0.0,0.0,10223344.0
2020-06-08,Azerbaijan,7876.0,323.0,93.0,5.0,770.394,9.097,0.0,0.0,10223344.0
2020-06-09,Azerbaijan,8191.0,315.0,98.0,5.0,801.206,9.586,0.0,0.0,10223344.0
2020-06-10,Azerbaijan,8530.0,339.0,102.0,4.0,834.365,9.977,0.0,0.0,10223344.0
2020-06-11,Azerbaijan,8882.0,352.0,108.0,6.0,868.796,10.564,0.0,0.0,10223344.0
2020-06-12,Azerbaijan,9218.0,336.0,113.0,5.0,901.662,11.053,0.0,0.0,10223344.0
2020-06-13,Azerbaijan,9570.0,352.0,115.0,2.0,936.093,11.249,0.0,0.0,10223344.0
2020-06-14,Azerbaijan,9957.0,387.0,119.0,4.0,973.947,11.64,0.0,0.0,10223344.0
2020-06-15,Azerbaijan,10324.0,367.0,122.0,3.0,1009.846,11.933,0.0,0.0,10223344.0
2020-06-16,Azerbaijan,10662.0,338.0,126.0,4.0,1042.907,12.325,0.0,0.0,10223344.0
2020-06-17,Azerbaijan,10991.0,329.0,133.0,7.0,1075.089,13.009,0.0,0.0,10223344.0
2020-06-18,Azerbaijan,11329.0,338.0,139.0,6.0,1108.15,13.596,0.0,0.0,10223344.0
2020-06-19,Azerbaijan,11767.0,438.0,143.0,4.0,1150.993,13.988,0.0,0.0,10223344.0
2020-06-20,Azerbaijan,12238.0,471.0,148.0,5.0,1197.064,14.477,0.0,0.0,10223344.0
2020-06-21,Azerbaijan,12729.0,491.0,154.0,6.0,1245.092,15.064,0.0,0.0,10223344.0
2020-06-22,Azerbaijan,13207.0,478.0,161.0,7.0,1291.847,15.748,0.0,0.0,10223344.0
2020-06-23,Azerbaijan,13715.0,508.0,167.0,6.0,1341.538,16.335,0.0,0.0,10223344.0
2020-06-24,Azerbaijan,14305.0,590.0,174.0,7.0,1399.249,17.02,0.0,0.0,10223344.0
2020-06-25,Azerbaijan,14852.0,547.0,180.0,6.0,1452.754,17.607,0.0,0.0,10223344.0
2020-06-26,Azerbaijan,15369.0,517.0,187.0,7.0,1503.324,18.291,0.0,0.0,10223344.0
2020-06-27,Azerbaijan,15890.0,521.0,193.0,6.0,1554.286,18.878,0.0,0.0,10223344.0
2020-06-28,Azerbaijan,16424.0,534.0,198.0,5.0,1606.519,19.367,0.0,0.0,10223344.0
2020-06-29,Azerbaijan,16968.0,544.0,206.0,8.0,1659.731,20.15,0.0,0.0,10223344.0
2020-06-30,Azerbaijan,17524.0,556.0,213.0,7.0,1714.116,20.835,0.0,0.0,10223344.0
2020-07-01,Azerbaijan,18112.0,588.0,220.0,7.0,1771.632,21.519,0.0,0.0,10223344.0
2020-07-02,Azerbaijan,18684.0,572.0,228.0,8.0,1827.582,22.302,0.0,0.0,10223344.0
2020-07-03,Azerbaijan,19267.0,583.0,235.0,7.0,1884.608,22.987,0.0,0.0,10223344.0
2020-07-04,Azerbaijan,19801.0,534.0,241.0,6.0,1936.842,23.574,0.0,0.0,10223344.0
2020-07-05,Azerbaijan,20324.0,523.0,250.0,9.0,1987.999,24.454,0.0,0.0,10223344.0
2020-07-06,Azerbaijan,20837.0,513.0,258.0,8.0,2038.179,25.236,0.0,0.0,10223344.0
2020-07-07,Azerbaijan,21374.0,537.0,265.0,7.0,2090.705,25.921,0.0,0.0,10223344.0
2020-07-08,Azerbaijan,21916.0,542.0,274.0,9.0,2143.721,26.801,0.0,0.0,10223344.0
2020-07-09,Azerbaijan,22464.0,548.0,284.0,10.0,2197.324,27.78,0.0,0.0,10223344.0
2020-07-10,Azerbaijan,22990.0,526.0,292.0,8.0,2248.775,28.562,0.0,0.0,10223344.0
2020-07-11,Azerbaijan,23521.0,531.0,298.0,6.0,2300.715,29.149,0.0,0.0,10223344.0
2020-07-12,Azerbaijan,24041.0,520.0,306.0,8.0,2351.579,29.931,0.0,0.0,10223344.0
2020-07-13,Azerbaijan,24570.0,529.0,313.0,7.0,2403.323,30.616,0.0,0.0,10223344.0
2020-07-14,Azerbaijan,25113.0,543.0,319.0,6.0,2456.437,31.203,0.0,0.0,10223344.0
2020-07-15,Azerbaijan,25672.0,559.0,326.0,7.0,2511.116,31.888,0.0,0.0,10223344.0
2020-07-16,Azerbaijan,26165.0,493.0,334.0,8.0,2559.339,32.67,0.0,0.0,10223344.0
2020-07-17,Azerbaijan,26636.0,471.0,341.0,7.0,2605.41,33.355,0.0,0.0,10223344.0
2020-07-18,Azerbaijan,27133.0,497.0,349.0,8.0,2654.024,34.138,0.0,0.0,10223344.0
2020-07-19,Azerbaijan,27521.0,388.0,354.0,5.0,2691.976,34.627,0.0,0.0,10223344.0
2020-07-20,Azerbaijan,27890.0,369.0,363.0,9.0,2728.07,35.507,0.0,0.0,10223344.0
2020-07-21,Azerbaijan,28242.0,352.0,376.0,13.0,2762.501,36.779,0.0,0.0,10223344.0
2020-07-22,Azerbaijan,28633.0,391.0,385.0,9.0,2800.747,37.659,0.0,0.0,10223344.0
2020-07-23,Azerbaijan,28980.0,347.0,391.0,6.0,2834.689,38.246,0.0,0.0,10223344.0
2020-07-24,Azerbaijan,29312.0,332.0,400.0,9.0,2867.164,39.126,0.0,0.0,10223344.0
2020-07-25,Azerbaijan,29633.0,321.0,408.0,8.0,2898.562,39.909,0.0,0.0,10223344.0
2020-07-26,Azerbaijan,30050.0,417.0,417.0,9.0,2939.351,40.789,0.0,0.0,10223344.0
2020-07-27,Azerbaijan,30446.0,396.0,423.0,6.0,2978.086,41.376,0.0,0.0,10223344.0
2020-07-28,Azerbaijan,30858.0,412.0,430.0,7.0,3018.386,42.061,0.0,0.0,10223344.0
2020-07-29,Azerbaijan,31221.0,363.0,438.0,8.0,3053.893,42.843,0.0,0.0,10223344.0
2020-07-30,Azerbaijan,31560.0,339.0,441.0,3.0,3087.053,43.137,0.0,0.0,10223344.0
2020-07-31,Azerbaijan,31878.0,318.0,448.0,7.0,3118.158,43.821,0.0,0.0,10223344.0
2020-08-01,Azerbaijan,32157.0,279.0,454.0,6.0,3145.448,44.408,0.0,0.0,10223344.0
2020-08-02,Azerbaijan,32443.0,286.0,462.0,8.0,3173.423,45.191,0.0,0.0,10223344.0
2020-08-03,Azerbaijan,32684.0,241.0,468.0,6.0,3196.997,45.778,0.0,0.0,10223344.0
2020-08-04,Azerbaijan,32910.0,226.0,473.0,5.0,3219.103,46.267,0.0,0.0,10223344.0
2020-08-05,Azerbaijan,33103.0,193.0,476.0,3.0,3237.982,46.56,0.0,0.0,10223344.0
2020-08-06,Azerbaijan,33247.0,144.0,479.0,3.0,3252.067,46.854,0.0,0.0,10223344.0
2020-08-07,Azerbaijan,33376.0,129.0,483.0,4.0,3264.685,47.245,0.0,0.0,10223344.0
2020-08-08,Azerbaijan,33481.0,105.0,488.0,5.0,3274.956,47.734,0.0,0.0,10223344.0
2020-08-09,Azerbaijan,33568.0,87.0,490.0,2.0,3283.466,47.93,0.0,0.0,10223344.0
2020-08-10,Azerbaijan,33647.0,79.0,492.0,2.0,3291.193,48.125,0.0,0.0,10223344.0
2020-08-11,Azerbaijan,33731.0,84.0,495.0,3.0,3299.41,48.419,0.0,0.0,10223344.0
2020-08-12,Azerbaijan,33824.0,93.0,497.0,2.0,3308.506,48.614,0.0,0.0,10223344.0
2020-08-13,Azerbaijan,33915.0,91.0,500.0,3.0,3317.408,48.908,0.0,0.0,10223344.0
2020-08-14,Azerbaijan,34018.0,103.0,504.0,4.0,3327.483,49.299,0.0,0.0,10223344.0
2020-08-15,Azerbaijan,34107.0,89.0,506.0,2.0,3336.188,49.495,0.0,0.0,10223344.0
2020-08-16,Azerbaijan,34219.0,112.0,506.0,0.0,3347.144,49.495,0.0,0.0,10223344.0
2020-08-17,Azerbaijan,34343.0,124.0,508.0,2.0,3359.273,49.69,0.0,0.0,10223344.0
2020-08-18,Azerbaijan,34474.0,131.0,509.0,1.0,3372.086,49.788,0.0,0.0,10223344.0
2020-08-19,Azerbaijan,34620.0,146.0,510.0,1.0,3386.368,49.886,0.0,0.0,10223344.0
2020-08-20,Azerbaijan,34759.0,139.0,510.0,0.0,3399.964,49.886,0.0,0.0,10223344.0
2020-08-21,Azerbaijan,34921.0,162.0,512.0,2.0,3415.81,50.081,0.0,0.0,10223344.0
2020-08-22,Azerbaijan,35105.0,184.0,515.0,3.0,3433.808,50.375,0.0,0.0,10223344.0
2020-08-23,Azerbaijan,35274.0,169.0,518.0,3.0,3450.339,50.668,0.0,0.0,10223344.0
2020-08-24,Azerbaijan,35426.0,152.0,519.0,1.0,3465.207,50.766,0.0,0.0,10223344.0
2020-08-25,Azerbaijan,35559.0,133.0,521.0,2.0,3478.216,50.962,0.0,0.0,10223344.0
2020-08-26,Azerbaijan,35707.0,148.0,522.0,1.0,3492.693,51.06,0.0,0.0,10223344.0
2020-08-27,Azerbaijan,35844.0,137.0,524.0,2.0,3506.094,51.255,0.0,0.0,10223344.0
2020-08-28,Azerbaijan,35986.0,142.0,527.0,3.0,3519.983,51.549,0.0,0.0,10223344.0
2020-08-29,Azerbaijan,36174.0,188.0,529.0,2.0,3538.373,51.744,0.0,0.0,10223344.0
2020-08-30,Azerbaijan,36309.0,135.0,531.0,2.0,3551.578,51.94,0.0,0.0,10223344.0
2020-08-31,Azerbaijan,36435.0,126.0,534.0,3.0,3563.902,52.233,0.0,0.0,10223344.0
2020-09-01,Azerbaijan,36578.0,143.0,536.0,2.0,3577.89,52.429,0.0,0.0,10223344.0
2020-09-02,Azerbaijan,36732.0,154.0,538.0,2.0,3592.954,52.625,0.0,0.0,10223344.0
2020-09-03,Azerbaijan,36899.0,167.0,541.0,3.0,3609.289,52.918,0.0,0.0,10223344.0
2020-09-04,Azerbaijan,37031.0,132.0,543.0,2.0,3622.2,53.114,0.0,0.0,10223344.0
2020-09-05,Azerbaijan,37192.0,161.0,545.0,2.0,3637.949,53.309,0.0,0.0,10223344.0
2020-09-06,Azerbaijan,37329.0,137.0,548.0,3.0,3651.349,53.603,0.0,0.0,10223344.0
2020-09-07,Azerbaijan,37418.0,89.0,551.0,3.0,3660.055,53.896,0.0,0.0,10223344.0
2020-09-08,Azerbaijan,37557.0,139.0,552.0,1.0,3673.651,53.994,0.0,0.0,10223344.0
2020-09-09,Azerbaijan,37732.0,175.0,555.0,3.0,3690.769,54.288,0.0,0.0,10223344.0
2020-09-10,Azerbaijan,37874.0,142.0,556.0,1.0,3704.659,54.385,0.0,0.0,10223344.0
2020-09-11,Azerbaijan,38037.0,163.0,557.0,1.0,3720.603,54.483,0.0,0.0,10223344.0
2020-09-12,Azerbaijan,38172.0,135.0,559.0,2.0,3733.808,54.679,0.0,0.0,10223344.0
2020-09-13,Azerbaijan,38327.0,155.0,562.0,3.0,3748.969,54.972,0.0,0.0,10223344.0
2020-09-14,Azerbaijan,38403.0,76.0,564.0,2.0,3756.403,55.168,0.0,0.0,10223344.0
2020-09-15,Azerbaijan,38517.0,114.0,566.0,2.0,3767.554,55.363,0.0,0.0,10223344.0
2020-09-16,Azerbaijan,38658.0,141.0,569.0,3.0,3781.346,55.657,0.0,0.0,10223344.0
2020-09-17,Azerbaijan,38777.0,119.0,571.0,2.0,3792.986,55.853,0.0,0.0,10223344.0
2020-09-18,Azerbaijan,38894.0,117.0,572.0,1.0,3804.43,55.95,0.0,0.0,10223344.0
2020-09-19,Azerbaijan,39042.0,148.0,574.0,2.0,3818.907,56.146,0.0,0.0,10223344.0
2020-09-20,Azerbaijan,39188.0,146.0,575.0,1.0,3833.188,56.244,0.0,0.0,10223344.0
2020-09-21,Azerbaijan,39280.0,92.0,576.0,1.0,3842.187,56.342,0.0,0.0,10223344.0
2020-09-22,Azerbaijan,39378.0,98.0,578.0,2.0,3851.773,56.537,0.0,0.0,10223344.0
2020-09-23,Azerbaijan,39524.0,146.0,580.0,2.0,3866.054,56.733,0.0,0.0,10223344.0
2020-09-24,Azerbaijan,39686.0,162.0,581.0,1.0,3881.9,56.831,0.0,0.0,10223344.0
2020-09-25,Azerbaijan,39787.0,101.0,583.0,2.0,3891.779,57.026,0.0,0.0,10223344.0
2020-09-26,Azerbaijan,39895.0,108.0,585.0,2.0,3902.343,57.222,0.0,0.0,10223344.0
2020-09-27,Azerbaijan,40023.0,128.0,586.0,1.0,3914.864,57.32,0.0,0.0,10223344.0
2020-09-28,Azerbaijan,40061.0,38.0,588.0,2.0,3918.581,57.515,0.0,0.0,10223344.0
2020-09-29,Azerbaijan,40119.0,58.0,590.0,2.0,3924.254,57.711,0.0,0.0,10223344.0
2020-09-30,Azerbaijan,40229.0,110.0,591.0,1.0,3935.014,57.809,0.0,0.0,10223344.0
2020-10-01,Azerbaijan,40309.0,80.0,593.0,2.0,3942.839,58.005,0.0,0.0,10223344.0
2020-10-02,Azerbaijan,40453.0,144.0,594.0,1.0,3956.924,58.102,0.0,0.0,10223344.0
2020-10-03,Azerbaijan,40561.0,108.0,595.0,1.0,3967.489,58.2,0.0,0.0,10223344.0
2020-10-04,Azerbaijan,40691.0,130.0,596.0,1.0,3980.205,58.298,0.0,0.0,10223344.0
2020-10-05,Azerbaijan,40788.0,97.0,598.0,2.0,3989.693,58.494,0.0,0.0,10223344.0
2020-10-06,Azerbaijan,40931.0,143.0,600.0,2.0,4003.68,58.689,0.0,0.0,10223344.0
2020-10-07,Azerbaijan,41113.0,182.0,602.0,2.0,4021.483,58.885,0.0,0.0,10223344.0
2020-10-08,Azerbaijan,41304.0,191.0,603.0,1.0,4040.165,58.983,0.0,0.0,10223344.0
2020-10-09,Azerbaijan,41519.0,215.0,605.0,2.0,4061.196,59.178,0.0,0.0,10223344.0
2020-10-10,Azerbaijan,41752.0,233.0,608.0,3.0,4083.987,59.472,0.0,0.0,10223344.0
2020-10-11,Azerbaijan,41982.0,230.0,609.0,1.0,4106.484,59.57,0.0,0.0,10223344.0
2020-10-12,Azerbaijan,42104.0,122.0,609.0,0.0,4118.418,59.57,0.0,0.0,10223344.0
2020-10-13,Azerbaijan,42381.0,277.0,612.0,3.0,4145.512,59.863,0.0,0.0,10223344.0
2020-10-14,Azerbaijan,42750.0,369.0,616.0,4.0,4181.606,60.254,0.0,0.0,10223344.0
2020-10-15,Azerbaijan,43280.0,530.0,619.0,3.0,4233.448,60.548,0.0,0.0,10223344.0
2020-10-16,Azerbaijan,43789.0,509.0,621.0,2.0,4283.236,60.743,0.0,0.0,10223344.0
2020-10-17,Azerbaijan,44317.0,528.0,623.0,2.0,4334.883,60.939,0.0,0.0,10223344.0
2020-10-18,Azerbaijan,44964.0,647.0,626.0,3.0,4398.17,61.232,0.0,0.0,10223344.0
2020-10-19,Azerbaijan,45295.0,331.0,630.0,4.0,4430.546,61.624,0.0,0.0,10223344.0
2020-10-20,Azerbaijan,45879.0,584.0,635.0,5.0,4487.671,62.113,0.0,0.0,10223344.0
2020-10-21,Azerbaijan,46593.0,714.0,642.0,7.0,4557.511,62.797,0.0,0.0,10223344.0
2020-10-22,Azerbaijan,47418.0,825.0,648.0,6.0,4638.208,63.384,0.0,0.0,10223344.0
2020-10-23,Azerbaijan,48221.0,803.0,656.0,8.0,4716.754,64.167,0.0,0.0,10223344.0
2020-10-24,Azerbaijan,49013.0,792.0,664.0,8.0,4794.224,64.949,0.0,0.0,10223344.0
2020-10-25,Azerbaijan,49959.0,946.0,671.0,7.0,4886.757,65.634,0.0,0.0,10223344.0
2020-10-26,Azerbaijan,50486.0,527.0,679.0,8.0,4938.306,66.417,0.0,0.0,10223344.0
2020-10-27,Azerbaijan,51149.0,663.0,688.0,9.0,5003.157,67.297,0.0,0.0,10223344.0
2020-10-28,Azerbaijan,52137.0,988.0,699.0,11.0,5099.799,68.373,0.0,0.0,10223344.0
2020-10-29,Azerbaijan,53152.0,1015.0,708.0,9.0,5199.082,69.253,0.0,0.0,10223344.0
2020-10-30,Azerbaijan,54174.0,1022.0,718.0,10.0,5299.049,70.231,0.0,0.0,10223344.0
2020-10-31,Azerbaijan,55269.0,1095.0,730.0,12.0,5406.157,71.405,0.0,0.0,10223344.0
2020-11-01,Azerbaijan,56444.0,1175.0,740.0,10.0,5521.09,72.383,0.0,0.0,10223344.0
2020-11-02,Azerbaijan,57040.0,596.0,753.0,13.0,5579.388,73.655,0.0,0.0,10223344.0
2020-11-03,Azerbaijan,58282.0,1242.0,768.0,15.0,5700.874,75.122,0.0,0.0,10223344.0
2020-11-04,Azerbaijan,59509.0,1227.0,780.0,12.0,5820.894,76.296,0.0,0.0,10223344.0
2020-11-05,Azerbaijan,60873.0,1364.0,794.0,14.0,5954.314,77.665,0.0,0.0,10223344.0
2020-11-06,Azerbaijan,62338.0,1465.0,811.0,17.0,6097.613,79.328,0.0,0.0,10223344.0
2020-11-07,Azerbaijan,63748.0,1410.0,824.0,13.0,6235.533,80.6,0.0,0.0,10223344.0
2020-11-08,Azerbaijan,65411.0,1663.0,840.0,16.0,6398.2,82.165,0.0,0.0,10223344.0
2020-11-09,Azerbaijan,66046.0,635.0,852.0,12.0,6460.313,83.339,0.0,0.0,10223344.0
2020-11-10,Azerbaijan,67392.0,1346.0,867.0,15.0,6591.972,84.806,0.0,0.0,10223344.0
2020-11-11,Azerbaijan,68594.0,1202.0,885.0,18.0,6709.546,86.567,0.0,0.0,10223344.0
2020-11-12,Azerbaijan,70216.0,1622.0,905.0,20.0,6868.203,88.523,0.0,0.0,10223344.0
2020-11-13,Azerbaijan,71580.0,1364.0,927.0,22.0,7001.623,90.675,0.0,0.0,10223344.0
2020-11-14,Azerbaijan,73429.0,1849.0,946.0,19.0,7182.484,92.533,0.0,0.0,10223344.0
2020-11-15,Azerbaijan,75688.0,2259.0,967.0,21.0,7403.448,94.587,0.0,0.0,10223344.0
2020-11-16,Azerbaijan,77083.0,1395.0,985.0,18.0,7539.901,96.348,0.0,0.0,10223344.0
2020-11-17,Azerbaijan,79158.0,2075.0,1005.0,20.0,7742.868,98.304,0.0,0.0,10223344.0
2020-11-18,Azerbaijan,81397.0,2239.0,1030.0,25.0,7961.876,100.75,0.0,0.0,10223344.0
2020-11-19,Azerbaijan,83994.0,2597.0,1053.0,23.0,8215.903,103.0,0.0,0.0,10223344.0
2020-11-20,Azerbaijan,87163.0,3169.0,1079.0,26.0,8525.88,105.543,0.0,0.0,10223344.0
2020-11-21,Azerbaijan,89898.0,2735.0,1107.0,28.0,8793.405,108.282,0.0,0.0,10223344.0
2020-11-22,Azerbaijan,93094.0,3196.0,1131.0,24.0,9106.022,110.629,0.0,0.0,10223344.0
2020-11-23,Azerbaijan,95281.0,2187.0,1160.0,29.0,9319.945,113.466,0.0,0.0,10223344.0
2020-11-24,Azerbaijan,98927.0,3646.0,1194.0,34.0,9676.579,116.792,0.0,0.0,10223344.0
2020-11-25,Azerbaijan,102396.0,3469.0,1224.0,30.0,10015.901,119.726,0.0,0.0,10223344.0
2020-11-26,Azerbaijan,106101.0,3705.0,1256.0,32.0,10378.307,122.856,0.0,0.0,10223344.0
2020-11-27,Azerbaijan,109813.0,3712.0,1291.0,35.0,10741.397,126.28,0.0,0.0,10223344.0
2020-11-28,Azerbaijan,114025.0,4212.0,1323.0,32.0,11153.396,129.41,0.0,0.0,10223344.0
2020-11-29,Azerbaijan,118195.0,4170.0,1361.0,38.0,11561.286,133.127,0.0,0.0,10223344.0
2020-11-30,Azerbaijan,121176.0,2981.0,1392.0,31.0,11852.873,136.159,0.0,0.0,10223344.0
2020-12-01,Azerbaijan,125602.0,4426.0,1433.0,41.0,12285.804,140.169,0.0,0.0,10223344.0
2020-12-02,Azerbaijan,129544.0,3942.0,1470.0,37.0,12671.392,143.789,0.0,0.0,10223344.0
2020-12-03,Azerbaijan,133733.0,4189.0,1510.0,40.0,13081.141,147.701,0.0,0.0,10223344.0
2020-12-04,Azerbaijan,138000.0,4267.0,1551.0,41.0,13498.519,151.712,0.0,0.0,10223344.0
2020-12-05,Azerbaijan,142323.0,4323.0,1593.0,42.0,13921.374,155.82,0.0,0.0,10223344.0
2020-12-06,Azerbaijan,146679.0,4356.0,1632.0,39.0,14347.458,159.635,0.0,0.0,10223344.0
2020-12-07,Azerbaijan,149765.0,3086.0,1675.0,43.0,14649.316,163.841,0.0,0.0,10223344.0
2020-12-08,Azerbaijan,154152.0,4387.0,1713.0,38.0,15078.432,167.558,0.0,0.0,10223344.0
2020-12-09,Azerbaijan,158555.0,4403.0,1755.0,42.0,15509.113,171.666,0.0,0.0,10223344.0
2020-12-10,Azerbaijan,162774.0,4219.0,1793.0,38.0,15921.796,175.383,0.0,0.0,10223344.0
2020-12-11,Azerbaijan,167155.0,4381.0,1840.0,47.0,16350.325,179.98,0.0,0.0,10223344.0
2020-12-12,Azerbaijan,171423.0,4268.0,1883.0,43.0,16767.801,184.186,0.0,0.0,10223344.0
2020-12-13,Azerbaijan,175874.0,4451.0,1922.0,39.0,17203.177,188.001,0.0,0.0,10223344.0
2020-12-14,Azerbaijan,178986.0,3112.0,1966.0,44.0,17507.579,192.305,0.0,0.0,10223344.0
2020-12-15,Azerbaijan,183259.0,4273.0,2007.0,41.0,17925.544,196.315,0.0,0.0,10223344.0
2020-12-16,Azerbaijan,187336.0,4077.0,2050.0,43.0,18324.337,200.521,0.0,0.0,10223344.0
2020-12-17,Azerbaijan,191460.0,4124.0,2088.0,38.0,18727.727,204.238,0.0,0.0,10223344.0
2020-12-18,Azerbaijan,195422.0,3962.0,2133.0,45.0,19115.272,208.64,0.0,0.0,10223344.0
2020-12-19,Azerbaijan,199127.0,3705.0,2175.0,42.0,19477.678,212.748,0.0,0.0,10223344.0
2020-12-20,Azerbaijan,202088.0,2961.0,2210.0,35.0,19767.309,216.172,0.0,0.0,10223344.0
2020-12-21,Azerbaijan,203593.0,1505.0,2253.0,43.0,19914.521,220.378,0.0,0.0,10223344.0
2020-12-22,Azerbaijan,205877.0,2284.0,2294.0,41.0,20137.931,224.388,0.0,0.0,10223344.0
2020-12-23,Azerbaijan,208211.0,2334.0,2340.0,46.0,20366.232,228.888,0.0,0.0,10223344.0
2020-12-24,Azerbaijan,210061.0,1850.0,2380.0,40.0,20547.191,232.801,0.0,0.0,10223344.0
2020-12-25,Azerbaijan,211764.0,1703.0,2416.0,36.0,20713.77,236.322,0.0,0.0,10223344.0
2020-12-26,Azerbaijan,213192.0,1428.0,2454.0,38.0,20853.451,240.039,0.0,0.0,10223344.0
2020-12-27,Azerbaijan,214711.0,1519.0,2499.0,45.0,21002.032,244.441,0.0,0.0,10223344.0
2020-12-28,Azerbaijan,215483.0,772.0,2538.0,39.0,21077.546,248.255,0.0,0.0,10223344.0
2020-12-29,Azerbaijan,216584.0,1101.0,2575.0,37.0,21185.24,251.875,0.0,0.0,10223344.0
2020-12-30,Azerbaijan,217636.0,1052.0,2609.0,34.0,21288.142,255.2,0.0,0.0,10223344.0
2020-12-31,Azerbaijan,218700.0,1064.0,2641.0,32.0,21392.218,258.33,0.0,0.0,10223344.0
2021-01-01,Azerbaijan,219041.0,341.0,2670.0,29.0,21425.573,261.167,0.0,0.0,10223344.0
2021-01-02,Azerbaijan,219462.0,421.0,2703.0,33.0,21466.753,264.395,0.0,0.0,10223344.0
2021-01-03,Azerbaijan,220265.0,803.0,2733.0,30.0,21545.299,267.329,0.0,0.0,10223344.0
2021-01-04,Azerbaijan,220599.0,334.0,2761.0,28.0,21577.969,270.068,0.0,0.0,10223344.0
2021-01-05,Azerbaijan,221401.0,802.0,2792.0,31.0,21656.417,273.1,0.0,0.0,10223344.0
2021-01-06,Azerbaijan,222200.0,799.0,2818.0,26.0,21734.571,275.644,0.0,0.0,10223344.0
2021-01-07,Azerbaijan,222885.0,685.0,2845.0,27.0,21801.575,278.285,0.0,0.0,10223344.0
2021-01-08,Azerbaijan,223417.0,532.0,2869.0,24.0,21853.613,280.632,0.0,0.0,10223344.0
2021-01-09,Azerbaijan,224050.0,633.0,2890.0,21.0,21915.53,282.686,0.0,0.0,10223344.0
2021-01-10,Azerbaijan,224651.0,601.0,2909.0,19.0,21974.317,284.545,0.0,0.0,10223344.0
2021-01-11,Azerbaijan,224827.0,176.0,2926.0,17.0,21991.532,286.208,0.0,0.0,10223344.0
2021-01-12,Azerbaijan,225346.0,519.0,2941.0,15.0,22042.298,287.675,0.0,0.0,10223344.0
2021-01-13,Azerbaijan,225820.0,474.0,2957.0,16.0,22088.663,289.24,0.0,0.0,10223344.0
2021-01-14,Azerbaijan,226200.0,380.0,2971.0,14.0,22125.833,290.609,0.0,0.0,10223344.0
2021-01-15,Azerbaijan,226549.0,349.0,2983.0,12.0,22159.97,291.783,0.0,0.0,10223344.0
2021-01-16,Azerbaijan,226951.0,402.0,2998.0,15.0,22199.292,293.25,0.0,0.0,10223344.0
2021-01-17,Azerbaijan,227273.0,322.0,3009.0,11.0,22230.789,294.326,0.0,0.0,10223344.0
2021-01-18,Azerbaijan,227391.0,118.0,3022.0,13.0,22242.331,295.598,0.0,0.0,10223344.0
2021-01-19,Azerbaijan,227696.0,305.0,3032.0,10.0,22272.165,296.576,0.0,0.0,10223344.0
2021-01-20,Azerbaijan,228028.0,332.0,3044.0,12.0,22304.639,297.75,0.0,0.0,10223344.0
2021-01-21,Azerbaijan,228246.0,218.0,3053.0,9.0,22325.963,298.63,0.0,0.0,10223344.0
2021-01-22,Azerbaijan,228526.0,280.0,3064.0,11.0,22353.351,299.706,0.0,0.0,10223344.0
2021-01-23,Azerbaijan,228688.0,162.0,3072.0,8.0,22369.197,300.489,0.0,0.0,10223344.0
2021-01-24,Azerbaijan,228975.0,287.0,3082.0,10.0,22397.27,301.467,0.0,0.0,10223344.0
2021-01-25,Azerbaijan,229032.0,57.0,3093.0,11.0,22402.846,302.543,0.0,0.0,10223344.0
2021-01-26,Azerbaijan,229358.0,326.0,3100.0,7.0,22434.734,303.228,0.0,0.0,10223344.0
2021-01-27,Azerbaijan,229584.0,226.0,3105.0,5.0,22456.84,303.717,0.0,0.0,10223344.0
2021-01-28,Azerbaijan,229793.0,209.0,3113.0,8.0,22477.283,304.499,0.0,0.0,10223344.0
2021-01-29,Azerbaijan,229935.0,142.0,3119.0,6.0,22491.173,305.086,0.0,0.0,10223344.0
2021-01-30,Azerbaijan,230066.0,131.0,3126.0,7.0,22503.987,305.771,0.0,0.0,10223344.0
2021-01-31,Azerbaijan,230219.0,153.0,3132.0,6.0,22518.953,306.358,0.0,0.0,10223344.0
2021-02-01,Azerbaijan,230296.0,77.0,3136.0,4.0,22526.484,306.749,0.0,0.0,10223344.0
2021-02-02,Azerbaijan,230455.0,159.0,3141.0,5.0,22542.037,307.238,0.0,0.0,10223344.0
2021-02-03,Azerbaijan,230617.0,162.0,3145.0,4.0,22557.883,307.629,0.0,0.0,10223344.0
2021-02-04,Azerbaijan,230769.0,152.0,3148.0,3.0,22572.751,307.923,0.0,0.0,10223344.0
2021-02-05,Azerbaijan,230907.0,138.0,3153.0,5.0,22586.25,308.412,0.0,0.0,10223344.0
2021-02-06,Azerbaijan,231022.0,115.0,3156.0,3.0,22597.498,308.705,65000.0,0.0,10223344.0
2021-02-07,Azerbaijan,231154.0,132.0,3158.0,2.0,22610.41,308.901,0.0,0.0,10223344.0
2021-02-08,Azerbaijan,231198.0,44.0,3161.0,3.0,22614.714,309.194,0.0,0.0,10223344.0
2021-02-09,Azerbaijan,231362.0,164.0,3163.0,2.0,22630.756,309.39,0.0,0.0,10223344.0
2021-02-10,Azerbaijan,231509.0,147.0,3167.0,4.0,22645.135,309.781,0.0,0.0,10223344.0
2021-02-11,Azerbaijan,231649.0,140.0,3170.0,3.0,22658.829,310.075,0.0,0.0,10223344.0
2021-02-12,Azerbaijan,231840.0,191.0,3173.0,3.0,22677.511,310.368,0.0,0.0,10223344.0
2021-02-13,Azerbaijan,231995.0,155.0,3178.0,5.0,22692.673,310.857,0.0,0.0,10223344.0
2021-02-14,Azerbaijan,232123.0,128.0,3180.0,2.0,22705.193,311.053,0.0,0.0,10223344.0
2021-02-15,Azerbaijan,232197.0,74.0,3183.0,3.0,22712.431,311.346,0.0,0.0,10223344.0
2021-02-16,Azerbaijan,232337.0,140.0,3185.0,2.0,22726.126,311.542,0.0,0.0,10223344.0
2021-02-17,Azerbaijan,232491.0,154.0,3187.0,2.0,22741.189,311.738,0.0,0.0,10223344.0
2021-02-18,Azerbaijan,232636.0,145.0,3190.0,3.0,22755.372,312.031,0.0,0.0,10223344.0
2021-02-19,Azerbaijan,232829.0,193.0,3193.0,3.0,22774.251,312.324,0.0,0.0,10223344.0
2021-02-20,Azerbaijan,232973.0,144.0,3195.0,2.0,22788.336,312.52,0.0,0.0,10223344.0
2021-02-21,Azerbaijan,233129.0,156.0,3198.0,3.0,22803.595,312.813,0.0,0.0,10223344.0
2021-02-22,Azerbaijan,233201.0,72.0,3202.0,4.0,22810.638,313.205,0.0,0.0,10223344.0
2021-02-23,Azerbaijan,233424.0,223.0,3204.0,2.0,22832.451,313.4,0.0,0.0,10223344.0
2021-02-24,Azerbaijan,233644.0,220.0,3206.0,2.0,22853.97,313.596,0.0,0.0,10223344.0
2021-02-25,Azerbaijan,233770.0,126.0,3209.0,3.0,22866.295,313.889,0.0,0.0,10223344.0
2021-02-26,Azerbaijan,233989.0,219.0,3213.0,4.0,22887.717,314.281,0.0,0.0,10223344.0
2021-02-27,Azerbaijan,234267.0,278.0,3218.0,5.0,22914.909,314.77,0.0,0.0,10223344.0
2021-02-28,Azerbaijan,234537.0,270.0,3220.0,2.0,22941.319,314.965,0.0,0.0,10223344.0
2021-03-01,Azerbaijan,234662.0,125.0,3223.0,3.0,22953.546,315.259,293360.0,0.0,10223344.0
2021-03-02,Azerbaijan,235014.0,352.0,3225.0,2.0,22987.977,315.455,0.0,0.0,10223344.0
2021-03-03,Azerbaijan,235333.0,319.0,3230.0,5.0,23019.18,315.944,337315.0,0.0,10223344.0
2021-03-04,Azerbaijan,235647.0,314.0,3232.0,2.0,23049.894,316.139,0.0,0.0,10223344.0
2021-03-05,Azerbaijan,236012.0,365.0,3235.0,3.0,23085.597,316.433,0.0,0.0,10223344.0
2021-03-06,Azerbaijan,236365.0,353.0,3238.0,3.0,23120.126,316.726,0.0,0.0,10223344.0
2021-03-07,Azerbaijan,236768.0,403.0,3241.0,3.0,23159.545,317.02,0.0,0.0,10223344.0
2021-03-08,Azerbaijan,236963.0,195.0,3247.0,6.0,23178.619,317.606,0.0,0.0,10223344.0
2021-03-09,Azerbaijan,237260.0,297.0,3250.0,3.0,23207.671,317.9,411496.0,0.0,10223344.0
2021-03-10,Azerbaijan,237775.0,515.0,3257.0,7.0,23258.046,318.585,428635.0,0.0,10223344.0
2021-03-11,Azerbaijan,238383.0,608.0,3262.0,5.0,23317.517,319.074,436849.0,0.0,10223344.0
2021-03-12,Azerbaijan,238959.0,576.0,3268.0,6.0,23373.859,319.661,443888.0,0.0,10223344.0
2021-03-13,Azerbaijan,239692.0,733.0,3276.0,8.0,23445.558,320.443,450316.0,0.0,10223344.0
2021-03-14,Azerbaijan,240295.0,603.0,3282.0,6.0,23504.54,321.03,453586.0,0.0,10223344.0
2021-03-15,Azerbaijan,240671.0,376.0,3286.0,4.0,23541.319,321.421,0.0,0.0,10223344.0
2021-03-16,Azerbaijan,241651.0,980.0,3298.0,12.0,23637.178,322.595,0.0,0.0,10223344.0
2021-03-17,Azerbaijan,242491.0,840.0,3307.0,9.0,23719.343,323.475,0.0,0.0,10223344.0
2021-03-18,Azerbaijan,243424.0,933.0,3314.0,7.0,23810.604,324.16,0.0,0.0,10223344.0
2021-03-19,Azerbaijan,244303.0,879.0,3325.0,11.0,23896.584,325.236,0.0,0.0,10223344.0
2021-03-20,Azerbaijan,245490.0,1187.0,3339.0,14.0,24012.691,326.605,482664.0,0.0,10223344.0
2021-03-21,Azerbaijan,246304.0,814.0,3351.0,12.0,24092.313,327.779,0.0,0.0,10223344.0
2021-03-22,Azerbaijan,246974.0,670.0,3366.0,15.0,24157.849,329.246,0.0,0.0,10223344.0
2021-03-23,Azerbaijan,248307.0,1333.0,3384.0,18.0,24288.237,331.007,0.0,0.0,10223344.0
2021-03-24,Azerbaijan,249492.0,1185.0,3404.0,20.0,24404.148,332.963,0.0,0.0,10223344.0
2021-03-25,Azerbaijan,250921.0,1429.0,3421.0,17.0,24543.926,334.626,0.0,0.0,10223344.0
2021-03-26,Azerbaijan,252680.0,1759.0,3445.0,24.0,24715.983,336.974,510420.0,0.0,10223344.0
2021-03-27,Azerbaijan,254370.0,1690.0,3464.0,19.0,24881.291,338.832,0.0,0.0,10223344.0
2021-03-28,Azerbaijan,256201.0,1831.0,3491.0,27.0,25060.391,341.473,0.0,0.0,10223344.0
2021-03-29,Azerbaijan,257330.0,1129.0,3513.0,22.0,25170.825,343.625,0.0,0.0,10223344.0
2021-03-30,Azerbaijan,259476.0,2146.0,3538.0,25.0,25380.736,346.071,0.0,0.0,10223344.0
2021-03-31,Azerbaijan,261713.0,2237.0,3567.0,29.0,25599.549,348.907,0.0,0.0,10223344.0
2021-04-01,Azerbaijan,263961.0,2248.0,3593.0,26.0,25819.438,351.451,558485.0,297878.0,10223344.0
2021-04-02,Azerbaijan,266322.0,2361.0,3617.0,24.0,26050.38,353.798,569994.0,319039.0,10223344.0
2021-04-03,Azerbaijan,268174.0,1852.0,3648.0,31.0,26231.534,356.83,582463.0,342350.0,10223344.0
2021-04-04,Azerbaijan,270735.0,2561.0,3677.0,29.0,26482.04,359.667,590914.0,356831.0,10223344.0
2021-04-05,Azerbaijan,271834.0,1099.0,3711.0,34.0,26589.539,362.993,591012.0,356935.0,10223344.0
2021-04-06,Azerbaijan,273869.0,2035.0,3743.0,32.0,26788.593,366.123,611471.0,370820.0,10223344.0
2021-04-07,Azerbaijan,276464.0,2595.0,3780.0,37.0,27042.424,369.742,639463.0,386327.0,10223344.0
2021-04-08,Azerbaijan,279181.0,2717.0,3811.0,31.0,27308.188,372.774,672503.0,396985.0,10223344.0
2021-04-09,Azerbaijan,281387.0,2206.0,3846.0,35.0,27523.969,376.198,706433.0,405289.0,10223344.0
2021-04-10,Azerbaijan,283579.0,2192.0,3879.0,33.0,27738.38,379.426,739319.0,414230.0,10223344.0
2021-04-11,Azerbaijan,285993.0,2414.0,3915.0,36.0,27974.506,382.947,758275.0,418812.0,10223344.0
2021-04-12,Azerbaijan,287144.0,1151.0,3944.0,29.0,28087.092,385.784,758289.0,418898.0,10223344.0
2021-04-13,Azerbaijan,289601.0,2457.0,3978.0,34.0,28327.424,389.109,787066.0,425097.0,10223344.0
2021-04-14,Azerbaijan,291894.0,2293.0,4009.0,31.0,28551.715,392.142,813413.0,429778.0,10223344.0
2021-04-15,Azerbaijan,294211.0,2317.0,4045.0,36.0,28778.353,395.663,837304.0,434487.0,10223344.0
2021-04-16,Azerbaijan,296374.0,2163.0,4077.0,32.0,28989.927,398.793,859338.0,439985.0,10223344.0
2021-04-17,Azerbaijan,298522.0,2148.0,4107.0,30.0,29200.035,401.728,879356.0,445678.0,10223344.0
2021-04-18,Azerbaijan,300666.0,2144.0,4140.0,33.0,29409.751,404.956,889216.0,448145.0,10223344.0
2021-04-19,Azerbaijan,301661.0,995.0,4169.0,29.0,29507.077,407.792,889232.0,448148.0,10223344.0
2021-04-20,Azerbaijan,303858.0,2197.0,4203.0,34.0,29721.977,411.118,899213.0,452997.0,10223344.0
2021-04-21,Azerbaijan,305933.0,2075.0,4235.0,32.0,29924.944,414.248,908672.0,458218.0,10223344.0
2021-04-22,Azerbaijan,307980.0,2047.0,4274.0,39.0,30125.172,418.063,917877.0,464090.0,10223344.0
2021-04-23,Azerbaijan,309789.0,1809.0,4307.0,33.0,30302.12,421.291,926076.0,470315.0,10223344.0
2021-04-24,Azerbaijan,311465.0,1676.0,4342.0,35.0,30466.059,424.714,934906.0,477575.0,10223344.0
2021-04-25,Azerbaijan,313006.0,1541.0,4371.0,29.0,30616.792,427.551,939098.0,484197.0,10223344.0
2021-04-26,Azerbaijan,313812.0,806.0,4402.0,31.0,30695.631,430.583,939460.0,484200.0,10223344.0
2021-04-27,Azerbaijan,315119.0,1307.0,4429.0,27.0,30823.476,433.224,946834.0,493409.0,10223344.0
2021-04-28,Azerbaijan,316521.0,1402.0,4461.0,32.0,30960.613,436.354,953545.0,502569.0,10223344.0
2021-04-29,Azerbaijan,317913.0,1392.0,4490.0,29.0,31096.772,439.191,959804.0,511775.0,10223344.0
2021-04-30,Azerbaijan,319109.0,1196.0,4517.0,27.0,31213.759,441.832,966132.0,522086.0,10223344.0
2021-05-01,Azerbaijan,320322.0,1213.0,4538.0,21.0,31332.409,443.886,971523.0,533683.0,10223344.0
2021-05-02,Azerbaijan,321380.0,1058.0,4561.0,23.0,31435.898,446.136,975208.0,541715.0,10223344.0
2021-05-03,Azerbaijan,321798.0,418.0,4580.0,19.0,31476.785,447.994,0.0,0.0,10223344.0
2021-05-04,Azerbaijan,322761.0,963.0,4597.0,17.0,31570.981,449.657,980005.0,556323.0,10223344.0
2021-05-05,Azerbaijan,323841.0,1080.0,4617.0,20.0,31676.622,451.613,987962.0,578144.0,10223344.0
2021-05-06,Azerbaijan,324685.0,844.0,4635.0,18.0,31759.178,453.374,992252.0,601631.0,10223344.0
2021-05-07,Azerbaijan,325407.0,722.0,4650.0,15.0,31829.801,454.841,996400.0,630516.0,10223344.0
2021-05-08,Azerbaijan,326056.0,649.0,4666.0,16.0,31893.283,456.406,1001968.0,659804.0,10223344.0
2021-05-09,Azerbaijan,326716.0,660.0,4680.0,14.0,31957.841,457.776,1005678.0,681719.0,10223344.0
2021-05-10,Azerbaijan,327087.0,371.0,4698.0,18.0,31994.13,459.537,1005704.0,681863.0,10223344.0
2021-05-11,Azerbaijan,327601.0,514.0,4713.0,15.0,32044.407,461.004,1009487.0,696419.0,10223344.0
2021-05-12,Azerbaijan,328159.0,558.0,4726.0,13.0,32098.988,462.275,1014495.0,713015.0,10223344.0
2021-05-13,Azerbaijan,328668.0,509.0,4742.0,16.0,32148.776,463.84,1019352.0,729173.0,10223344.0
2021-05-14,Azerbaijan,328994.0,326.0,4754.0,12.0,32180.664,465.014,1022479.0,739153.0,10223344.0
2021-05-15,Azerbaijan,329371.0,377.0,4768.0,14.0,32217.541,466.384,1026376.0,751050.0,10223344.0
2021-05-16,Azerbaijan,329843.0,472.0,4779.0,11.0,32263.709,467.46,1030831.0,764218.0,10223344.0
2021-05-17,Azerbaijan,330269.0,426.0,4792.0,13.0,32305.379,468.731,0.0,0.0,10223344.0
2021-05-18,Azerbaijan,330701.0,432.0,4802.0,10.0,32347.635,469.709,1042781.0,791876.0,10223344.0
2021-05-19,Azerbaijan,331040.0,339.0,4814.0,12.0,32380.794,470.883,1054414.0,808878.0,10223344.0
2021-05-20,Azerbaijan,331477.0,437.0,4828.0,14.0,32423.54,472.253,1068493.0,823210.0,10223344.0
2021-05-21,Azerbaijan,331883.0,406.0,4839.0,11.0,32463.253,473.328,1089886.0,834919.0,10223344.0
2021-05-22,Azerbaijan,332235.0,352.0,4851.0,12.0,32497.684,474.502,1115044.0,846519.0,10223344.0
2021-05-23,Azerbaijan,332454.0,219.0,4860.0,9.0,32519.105,475.383,1134376.0,852593.0,10223344.0
2021-05-24,Azerbaijan,332610.0,156.0,4867.0,7.0,32534.364,476.067,1134398.0,852686.0,10223344.0
2021-05-25,Azerbaijan,332894.0,284.0,4877.0,10.0,32562.144,477.045,1158631.0,862740.0,10223344.0
2021-05-26,Azerbaijan,333097.0,203.0,4885.0,8.0,32582.001,477.828,1184780.0,871206.0,10223344.0
2021-05-27,Azerbaijan,333317.0,220.0,4891.0,6.0,32603.52,478.415,1226201.0,880688.0,10223344.0
2021-05-28,Azerbaijan,333559.0,242.0,4896.0,5.0,32627.191,478.904,1279356.0,889829.0,10223344.0
2021-05-29,Azerbaijan,333723.0,164.0,4903.0,7.0,32643.233,479.589,1313364.0,894710.0,10223344.0
2021-05-30,Azerbaijan,333864.0,141.0,4907.0,4.0,32657.025,479.98,1352778.0,900031.0,10223344.0
2021-05-31,Azerbaijan,333956.0,92.0,4913.0,6.0,32666.024,480.567,1352958.0,900258.0,10223344.0
2021-06-01,Azerbaijan,334132.0,176.0,4921.0,8.0,32683.239,481.349,1404898.0,907817.0,10223344.0
2021-06-02,Azerbaijan,334288.0,156.0,4926.0,5.0,32698.499,481.838,1452774.0,914320.0,10223344.0
2021-06-03,Azerbaijan,334416.0,128.0,4929.0,3.0,32711.019,482.132,1497993.0,920089.0,10223344.0
2021-06-04,Azerbaijan,334539.0,123.0,4933.0,4.0,32723.05,482.523,1540259.0,925460.0,10223344.0
2021-06-05,Azerbaijan,334647.0,108.0,4936.0,3.0,32733.614,482.817,1581890.0,931195.0,10223344.0
2021-06-06,Azerbaijan,334715.0,68.0,4941.0,5.0,32740.266,483.306,1611165.0,935004.0,10223344.0
2021-06-07,Azerbaijan,334747.0,32.0,4945.0,4.0,32743.396,483.697,1611499.0,935271.0,10223344.0
2021-06-08,Azerbaijan,334849.0,102.0,4947.0,2.0,32753.373,483.893,1646054.0,940356.0,10223344.0
2021-06-09,Azerbaijan,334917.0,68.0,4948.0,1.0,32760.025,483.99,1679448.0,945428.0,10223344.0
2021-06-10,Azerbaijan,334992.0,75.0,4951.0,3.0,32767.361,484.284,1712118.0,949920.0,10223344.0
2021-06-11,Azerbaijan,335065.0,73.0,4951.0,0.0,32774.501,484.284,1748035.0,953988.0,10223344.0
2021-06-12,Azerbaijan,335126.0,61.0,4953.0,2.0,32780.468,484.479,1783506.0,959361.0,10223344.0
2021-06-13,Azerbaijan,335171.0,45.0,4953.0,0.0,32784.87,484.479,1810857.0,964462.0,10223344.0
2021-06-14,Azerbaijan,335196.0,25.0,4955.0,2.0,32787.315,484.675,1811104.0,964537.0,10223344.0
2021-06-15,Azerbaijan,335264.0,68.0,4958.0,3.0,32793.966,484.969,1842954.0,973392.0,10223344.0
2021-06-16,Azerbaijan,335291.0,27.0,4959.0,1.0,32796.607,485.066,1859485.0,979837.0,10223344.0
2021-06-17,Azerbaijan,335339.0,48.0,4959.0,0.0,32801.303,485.066,1885031.0,992847.0,10223344.0
2021-06-18,Azerbaijan,335399.0,60.0,4961.0,2.0,32807.172,485.262,1908805.0,1007149.0,10223344.0
2021-06-19,Azerbaijan,335437.0,38.0,4961.0,0.0,32810.888,485.262,0.0,0.0,10223344.0
2021-06-20,Azerbaijan,335493.0,56.0,4962.0,1.0,32816.366,485.36,1949635.0,1039823.0,10223344.0
2021-06-21,Azerbaijan,335521.0,28.0,4963.0,1.0,32819.105,485.458,1949646.0,1040027.0,10223344.0
2021-06-22,Azerbaijan,335568.0,47.0,4963.0,0.0,32823.702,485.458,1971930.0,1060586.0,10223344.0
2021-06-23,Azerbaijan,335625.0,57.0,4965.0,2.0,32829.278,485.653,1997612.0,1082728.0,10223344.0
2021-06-24,Azerbaijan,335676.0,51.0,4965.0,0.0,32834.266,485.653,2034554.0,1111796.0,10223344.0
2021-06-25,Azerbaijan,335741.0,65.0,4967.0,2.0,32840.624,485.849,2070526.0,1148125.0,10223344.0
2021-06-26,Azerbaijan,335796.0,55.0,4967.0,0.0,32846.004,485.849,2112110.0,1181622.0,10223344.0
2021-06-27,Azerbaijan,335836.0,40.0,4968.0,1.0,32849.917,485.947,2138684.0,1209743.0,10223344.0
2021-06-28,Azerbaijan,335874.0,38.0,4970.0,2.0,32853.634,486.142,2139001.0,1210034.0,10223344.0
2021-06-29,Azerbaijan,335961.0,87.0,4973.0,3.0,32862.144,486.436,2174186.0,1248055.0,10223344.0
2021-06-30,Azerbaijan,336047.0,86.0,4974.0,1.0,32870.556,486.534,2214990.0,1296229.0,10223344.0
2021-07-01,Azerbaijan,336122.0,75.0,4975.0,1.0,32877.892,486.631,2256816.0,1340292.0,10223344.0
2021-07-02,Azerbaijan,336223.0,101.0,4977.0,2.0,32887.771,486.827,2290808.0,1379921.0,10223344.0
2021-07-03,Azerbaijan,336318.0,95.0,4977.0,0.0,32897.064,486.827,2321863.0,1418584.0,10223344.0
2021-07-04,Azerbaijan,336417.0,99.0,4978.0,1.0,32906.748,486.925,2345077.0,1447687.0,10223344.0
2021-07-05,Azerbaijan,336479.0,62.0,4978.0,0.0,32912.812,486.925,2345371.0,1448162.0,10223344.0
2021-07-06,Azerbaijan,336557.0,78.0,4978.0,0.0,32920.442,486.925,2371796.0,1483659.0,10223344.0
2021-07-07,Azerbaijan,336684.0,127.0,4979.0,1.0,32932.864,487.023,2396007.0,1514617.0,10223344.0
2021-07-08,Azerbaijan,336788.0,104.0,4980.0,1.0,32943.037,487.12,2417173.0,1546929.0,10223344.0
2021-07-09,Azerbaijan,336962.0,174.0,4982.0,2.0,32960.057,487.316,2437929.0,1577683.0,10223344.0
2021-07-10,Azerbaijan,337098.0,136.0,4984.0,2.0,32973.36,487.512,2459102.0,1610116.0,10223344.0
2021-07-11,Azerbaijan,337254.0,156.0,4984.0,0.0,32988.619,487.512,2474911.0,1633039.0,10223344.0
2021-07-12,Azerbaijan,337323.0,69.0,4987.0,3.0,32995.368,487.805,2475180.0,1633334.0,10223344.0
2021-07-13,Azerbaijan,337456.0,133.0,4988.0,1.0,33008.378,487.903,2494551.0,1664747.0,10223344.0
2021-07-14,Azerbaijan,337602.0,146.0,4988.0,0.0,33022.659,487.903,2512773.0,1688221.0,10223344.0
2021-07-15,Azerbaijan,337801.0,199.0,4990.0,2.0,33042.124,488.099,2530767.0,1711960.0,10223344.0
2021-07-16,Azerbaijan,337970.0,169.0,4990.0,0.0,33058.655,488.099,2548890.0,1734611.0,10223344.0
2021-07-17,Azerbaijan,338183.0,213.0,4991.0,1.0,33079.489,488.196,2566320.0,1757167.0,10223344.0
2021-07-18,Azerbaijan,338438.0,255.0,4992.0,1.0,33104.432,488.294,2580819.0,1776537.0,10223344.0
2021-07-19,Azerbaijan,338586.0,148.0,4994.0,2.0,33118.909,488.49,2581000.0,1776839.0,10223344.0
2021-07-20,Azerbaijan,338837.0,251.0,4994.0,0.0,33143.461,488.49,2591666.0,1792209.0,10223344.0
2021-07-21,Azerbaijan,339062.0,225.0,4998.0,4.0,33165.469,488.881,2597118.0,1801782.0,10223344.0
2021-07-22,Azerbaijan,339274.0,212.0,4999.0,1.0,33186.206,488.979,2602510.0,1813457.0,10223344.0
2021-07-23,Azerbaijan,339645.0,371.0,5002.0,3.0,33222.495,489.272,0.0,0.0,10223344.0
2021-07-24,Azerbaijan,340057.0,412.0,5002.0,0.0,33262.795,489.272,2634015.0,1882972.0,10223344.0
2021-07-25,Azerbaijan,340443.0,386.0,5006.0,4.0,33300.552,489.664,2654076.0,1909821.0,10223344.0
2021-07-26,Azerbaijan,340715.0,272.0,5009.0,3.0,33327.158,489.957,2654273.0,1910056.0,10223344.0
2021-07-27,Azerbaijan,341183.0,468.0,5011.0,2.0,33372.936,490.153,2686492.0,1945857.0,10223344.0
2021-07-28,Azerbaijan,341933.0,750.0,5014.0,3.0,33446.297,490.446,2731114.0,1982925.0,10223344.0
2021-07-29,Azerbaijan,342548.0,615.0,5019.0,5.0,33506.453,490.935,2777752.0,2020534.0,10223344.0
2021-07-30,Azerbaijan,343216.0,668.0,5022.0,3.0,33571.794,491.229,2827855.0,2057717.0,10223344.0
2021-07-31,Azerbaijan,343849.0,633.0,5023.0,1.0,33633.711,491.327,2880131.0,2092231.0,10223344.0
2021-08-01,Azerbaijan,344520.0,671.0,5027.0,4.0,33699.345,491.718,2923477.0,2117301.0,10223344.0
2021-08-02,Azerbaijan,344951.0,431.0,5030.0,3.0,33741.504,492.011,2924126.0,2117496.0,10223344.0
2021-08-03,Azerbaijan,345882.0,931.0,5034.0,4.0,33832.57,492.402,2971686.0,2147721.0,10223344.0
2021-08-04,Azerbaijan,346878.0,996.0,5039.0,5.0,33929.994,492.892,3013620.0,2173808.0,10223344.0
2021-08-05,Azerbaijan,348074.0,1196.0,5043.0,4.0,34046.981,493.283,3053560.0,2197491.0,10223344.0
2021-08-06,Azerbaijan,349316.0,1242.0,5051.0,8.0,34168.468,494.065,0.0,0.0,10223344.0
2021-08-07,Azerbaijan,350605.0,1289.0,5056.0,5.0,34294.552,494.554,3129512.0,2241256.0,10223344.0
2021-08-08,Azerbaijan,351825.0,1220.0,5063.0,7.0,34413.886,495.239,3160484.0,2257759.0,10223344.0
2021-08-09,Azerbaijan,352926.0,1101.0,5072.0,9.0,34521.581,496.119,3160755.0,2257999.0,10223344.0
2021-08-10,Azerbaijan,354662.0,1736.0,5084.0,12.0,34691.389,497.293,3200107.0,2277935.0,10223344.0
2021-08-11,Azerbaijan,357058.0,2396.0,5095.0,11.0,34925.754,498.369,3243487.0,2299824.0,10223344.0
2021-08-12,Azerbaijan,359732.0,2674.0,5109.0,14.0,35187.312,499.739,3287430.0,2320161.0,10223344.0
2021-08-13,Azerbaijan,361501.0,1769.0,5125.0,16.0,35360.348,501.304,3332017.0,2339121.0,10223344.0
2021-08-14,Azerbaijan,365009.0,3508.0,5138.0,13.0,35703.484,502.575,3380387.0,2358955.0,10223344.0
2021-08-15,Azerbaijan,368002.0,2993.0,5153.0,15.0,35996.245,504.043,3419938.0,2374294.0,10223344.0
2021-08-16,Azerbaijan,369853.0,1851.0,5170.0,17.0,36177.302,505.705,3420144.0,2374339.0,10223344.0
2021-08-17,Azerbaijan,373175.0,3322.0,5188.0,18.0,36502.244,507.466,3473806.0,2392409.0,10223344.0
2021-08-18,Azerbaijan,377304.0,4129.0,5208.0,20.0,36906.124,509.422,3526467.0,2406267.0,10223344.0
2021-08-19,Azerbaijan,380918.0,3614.0,5231.0,23.0,37259.629,511.672,3574157.0,2416859.0,10223344.0
2021-08-20,Azerbaijan,384886.0,3968.0,5252.0,21.0,37647.76,513.726,3617203.0,2428268.0,10223344.0
2021-08-21,Azerbaijan,388437.0,3551.0,5279.0,27.0,37995.102,516.367,3667494.0,2442691.0,10223344.0
2021-08-22,Azerbaijan,391506.0,3069.0,5308.0,29.0,38295.298,519.204,3713143.0,2457233.0,10223344.0
2021-08-23,Azerbaijan,394451.0,2945.0,5340.0,32.0,38583.364,522.334,3713422.0,2457302.0,10223344.0
2021-08-24,Azerbaijan,398034.0,3583.0,5370.0,30.0,38933.836,525.268,3772533.0,2477140.0,10223344.0
2021-08-25,Azerbaijan,401828.0,3794.0,5403.0,33.0,39304.948,528.496,3830650.0,2504655.0,10223344.0
2021-08-26,Azerbaijan,405542.0,3714.0,5434.0,31.0,39668.234,531.529,3884713.0,2534824.0,10223344.0
2021-08-27,Azerbaijan,409745.0,4203.0,5469.0,35.0,40079.352,534.952,3929404.0,2564353.0,10223344.0
2021-08-28,Azerbaijan,413986.0,4241.0,5512.0,43.0,40494.187,539.158,0.0,0.0,10223344.0
2021-08-29,Azerbaijan,417996.0,4010.0,5553.0,41.0,40886.426,543.169,4042976.0,2644830.0,10223344.0
2021-08-30,Azerbaijan,421103.0,3107.0,5592.0,39.0,41190.339,546.983,4043744.0,2645287.0,10223344.0
2021-08-31,Azerbaijan,424891.0,3788.0,5636.0,44.0,41560.863,551.287,4113716.0,2692024.0,10223344.0
2021-09-01,Azerbaijan,428736.0,3845.0,5677.0,41.0,41936.963,555.298,4179684.0,2731755.0,10223344.0
2021-09-02,Azerbaijan,432495.0,3759.0,5722.0,45.0,42304.651,559.699,4239851.0,2770082.0,10223344.0
2021-09-03,Azerbaijan,436257.0,3762.0,5760.0,38.0,42672.632,563.416,4287967.0,2807726.0,10223344.0
2021-09-04,Azerbaijan,439562.0,3305.0,5800.0,40.0,42995.912,567.329,4329571.0,2844726.0,10223344.0
2021-09-05,Azerbaijan,442872.0,3310.0,5842.0,42.0,43319.681,571.437,4358794.0,2876480.0,10223344.0
2021-09-06,Azerbaijan,445278.0,2406.0,5879.0,37.0,43555.025,575.056,4359737.0,2876644.0,10223344.0
2021-09-07,Azerbaijan,447725.0,2447.0,5920.0,41.0,43794.379,579.067,4391664.0,2915485.0,10223344.0
2021-09-08,Azerbaijan,447725.0,0.0,5920.0,0.0,43794.379,579.067,0.0,0.0,10223344.0
2021-09-09,Azerbaijan,447725.0,0.0,5920.0,0.0,43794.379,579.067,4442484.0,2987966.0,10223344.0
2021-09-10,Azerbaijan,455044.0,7319.0,6031.0,111.0,44510.289,589.924,4465644.0,3027390.0,10223344.0
2021-09-11,Azerbaijan,455044.0,0.0,6031.0,0.0,44510.289,589.924,0.0,0.0,10223344.0
2021-09-12,Azerbaijan,455044.0,0.0,6031.0,0.0,44510.289,589.924,4507038.0,3102902.0,10223344.0
2021-09-13,Azerbaijan,461249.0,6205.0,6134.0,103.0,45117.234,599.999,4508115.0,3103091.0,10223344.0
2021-09-14,Azerbaijan,463326.0,2077.0,6167.0,33.0,45320.396,603.227,4530138.0,3150289.0,10223344.0
2021-09-15,Azerbaijan,463326.0,0.0,6167.0,0.0,45320.396,603.227,4551501.0,3194350.0,10223344.0
2021-09-16,Azerbaijan,467173.0,3847.0,6227.0,60.0,45696.692,609.096,4570812.0,3235423.0,10223344.0
2021-09-17,Azerbaijan,467173.0,0.0,6227.0,0.0,45696.692,609.096,0.0,0.0,10223344.0
2021-09-18,Azerbaijan,467173.0,0.0,6227.0,0.0,45696.692,609.096,0.0,0.0,10223344.0
2021-09-19,Azerbaijan,467173.0,0.0,6227.0,0.0,45696.692,609.096,4619432.0,3357117.0,10223344.0
2021-09-20,Azerbaijan,473459.0,6286.0,6327.0,100.0,46311.559,618.878,4619842.0,3357732.0,10223344.0
2021-09-21,Azerbaijan,475053.0,1594.0,6353.0,26.0,46467.477,621.421,4636579.0,3406844.0,10223344.0
2021-09-22,Azerbaijan,476409.0,1356.0,6370.0,17.0,46600.114,623.084,4652121.0,3454764.0,10223344.0
2021-09-23,Azerbaijan,477587.0,1178.0,6394.0,24.0,46715.341,625.431,4668637.0,3500836.0,10223344.0
2021-09-24,Azerbaijan,478715.0,1128.0,6415.0,21.0,46825.677,627.485,4683453.0,3544276.0,10223344.0
2021-09-25,Azerbaijan,479814.0,1099.0,6433.0,18.0,46933.176,629.246,4700096.0,3593494.0,10223344.0
2021-09-26,Azerbaijan,480843.0,1029.0,6457.0,24.0,47033.828,631.594,4713750.0,3636195.0,10223344.0
2021-09-27,Azerbaijan,481401.0,558.0,6476.0,19.0,47088.409,633.452,4713775.0,3636800.0,10223344.0
2021-09-28,Azerbaijan,481401.0,0.0,6476.0,0.0,47088.409,633.452,0.0,0.0,10223344.0
2021-09-29,Azerbaijan,483128.0,1727.0,6513.0,37.0,47257.336,637.071,4745715.0,3740237.0,10223344.0
2021-09-30,Azerbaijan,483902.0,774.0,6525.0,12.0,47333.045,638.245,4762232.0,3792396.0,10223344.0
2021-10-01,Azerbaijan,484591.0,689.0,6543.0,18.0,47400.44,640.006,4778843.0,3844517.0,10223344.0
2021-10-02,Azerbaijan,485275.0,684.0,6559.0,16.0,47467.345,641.571,4794136.0,3889854.0,10223344.0
2021-10-03,Azerbaijan,485987.0,712.0,6573.0,14.0,47536.99,642.94,4808142.0,3928797.0,10223344.0
2021-10-04,Azerbaijan,486378.0,391.0,6584.0,11.0,47575.236,644.016,4808374.0,3929626.0,10223344.0
2021-10-05,Azerbaijan,487204.0,826.0,6599.0,15.0,47656.031,645.484,4824323.0,3971249.0,10223344.0
2021-10-06,Azerbaijan,488213.0,1009.0,6611.0,12.0,47754.727,646.657,4837342.0,4004178.0,10223344.0
2021-10-07,Azerbaijan,488213.0,0.0,6611.0,0.0,47754.727,646.657,0.0,0.0,10223344.0
2021-10-08,Azerbaijan,490130.0,1917.0,6638.0,27.0,47942.239,649.298,4863636.0,4059419.0,10223344.0
2021-10-09,Azerbaijan,491147.0,1017.0,6654.0,16.0,48041.717,650.863,4877452.0,4085493.0,10223344.0
2021-10-10,Azerbaijan,492179.0,1032.0,6664.0,10.0,48142.663,651.842,4889178.0,4107600.0,10223344.0
2021-10-11,Azerbaijan,492790.0,611.0,6677.0,13.0,48202.428,653.113,4889404.0,4107885.0,10223344.0
2021-10-12,Azerbaijan,494067.0,1277.0,6692.0,15.0,48327.338,654.58,4903419.0,4133680.0,10223344.0
2021-10-13,Azerbaijan,495332.0,1265.0,6709.0,17.0,48451.074,656.243,0.0,0.0,10223344.0
2021-10-14,Azerbaijan,496780.0,1448.0,6720.0,11.0,48592.711,657.319,4929657.0,4177277.0,10223344.0
2021-10-15,Azerbaijan,498630.0,1850.0,6734.0,14.0,48773.669,658.689,4942003.0,4196348.0,10223344.0
2021-10-16,Azerbaijan,498630.0,0.0,6734.0,0.0,48773.669,658.689,0.0,0.0,10223344.0
2021-10-17,Azerbaijan,502207.0,3577.0,6765.0,31.0,49123.555,661.721,4964151.0,4230281.0,10223344.0
2021-10-18,Azerbaijan,503452.0,1245.0,6778.0,13.0,49245.335,662.992,4964341.0,4230682.0,10223344.0
2021-10-19,Azerbaijan,505554.0,2102.0,6793.0,15.0,49450.943,664.46,4976945.0,4249138.0,10223344.0
2021-10-20,Azerbaijan,507857.0,2303.0,6809.0,16.0,49676.212,666.025,4991242.0,4266230.0,10223344.0
2021-10-21,Azerbaijan,509862.0,2005.0,6829.0,20.0,49872.331,667.981,0.0,4281946.0,10223344.0
2021-10-22,Azerbaijan,511974.0,2112.0,6847.0,18.0,50078.917,669.742,0.0,4296058.0,10223344.0
2021-10-23,Azerbaijan,514289.0,2315.0,6869.0,22.0,50305.36,671.894,0.0,4310597.0,10223344.0
2021-10-24,Azerbaijan,516325.0,2036.0,6894.0,25.0,50504.512,674.339,0.0,4323145.0,10223344.0
2021-10-25,Azerbaijan,517802.0,1477.0,6915.0,21.0,50648.985,676.393,0.0,4323260.0,10223344.0
2021-10-26,Azerbaijan,520068.0,2266.0,6939.0,24.0,50870.635,678.741,0.0,4338145.0,10223344.0
2021-10-27,Azerbaijan,522368.0,2300.0,6966.0,27.0,51095.61,681.382,0.0,4350541.0,10223344.0
2021-10-28,Azerbaijan,524788.0,2420.0,6995.0,29.0,51332.323,684.218,0.0,4363976.0,10223344.0
2021-10-29,Azerbaijan,526920.0,2132.0,7021.0,26.0,51540.866,686.762,0.0,4377464.0,10223344.0
2021-10-30,Azerbaijan,529109.0,2189.0,7049.0,28.0,51754.983,689.5,0.0,4390426.0,10223344.0
2021-10-31,Azerbaijan,531370.0,2261.0,7074.0,25.0,51976.144,691.946,0.0,4402450.0,10223344.0
2021-11-01,Azerbaijan,532570.0,1200.0,7101.0,27.0,52093.522,694.587,0.0,4402511.0,10223344.0
2021-11-02,Azerbaijan,534748.0,2178.0,7132.0,31.0,52306.564,697.619,0.0,4414295.0,10223344.0
2021-11-03,Azerbaijan,537004.0,2256.0,7153.0,21.0,52527.236,699.673,0.0,0.0,10223344.0
2021-11-04,Azerbaijan,539710.0,2706.0,7182.0,29.0,52791.924,702.51,0.0,0.0,10223344.0
2021-11-05,Azerbaijan,542150.0,2440.0,7208.0,26.0,53030.594,705.053,0.0,0.0,10223344.0
2021-11-06,Azerbaijan,544650.0,2500.0,7241.0,33.0,53275.132,708.281,0.0,0.0,10223344.0
2021-11-07,Azerbaijan,547281.0,2631.0,7269.0,28.0,53532.484,711.02,0.0,0.0,10223344.0
2021-11-08,Azerbaijan,548591.0,1310.0,7293.0,24.0,53660.622,713.367,4997514.0,4435101.0,10223344.0
2021-11-09,Azerbaijan,550446.0,1855.0,7320.0,27.0,53842.07,716.008,4999583.0,4438477.0,10223344.0
2021-11-10,Azerbaijan,552322.0,1876.0,7342.0,22.0,54025.571,718.16,0.0,0.0,10223344.0
2021-11-11,Azerbaijan,554096.0,1774.0,7372.0,30.0,54199.096,721.095,5007657.0,4454456.0,10223344.0
2021-11-12,Azerbaijan,556430.0,2334.0,7397.0,25.0,54427.397,723.54,5012689.0,4464036.0,10223344.0
2021-11-13,Azerbaijan,558431.0,2001.0,7416.0,19.0,54623.125,725.399,5018158.0,4473436.0,10223344.0
2021-11-14,Azerbaijan,560853.0,2422.0,7445.0,29.0,54860.034,728.235,5022350.0,4480614.0,10223344.0
2021-11-15,Azerbaijan,561925.0,1072.0,7471.0,26.0,54964.892,730.779,5022490.0,4480735.0,10223344.0
2021-11-16,Azerbaijan,563940.0,2015.0,7502.0,31.0,55161.99,733.811,5028482.0,4490360.0,10223344.0
2021-11-17,Azerbaijan,565965.0,2025.0,7524.0,22.0,55360.066,735.963,5033346.0,4498072.0,10223344.0
2021-11-18,Azerbaijan,568089.0,2124.0,7551.0,27.0,55567.826,738.604,5038225.0,4505772.0,10223344.0
2021-11-19,Azerbaijan,570322.0,2233.0,7579.0,28.0,55786.248,741.343,5042611.0,4512674.0,10223344.0
2021-11-20,Azerbaijan,572085.0,1763.0,7599.0,20.0,55958.696,743.299,5047093.0,4519516.0,10223344.0
2021-11-21,Azerbaijan,573974.0,1889.0,7624.0,25.0,56143.469,745.744,5050602.0,4524841.0,10223344.0
2021-11-22,Azerbaijan,574799.0,825.0,7657.0,33.0,56224.167,748.972,5050605.0,4524851.0,10223344.0
2021-11-23,Azerbaijan,576703.0,1904.0,7686.0,29.0,56410.407,751.809,5055303.0,4532579.0,10223344.0
2021-11-24,Azerbaijan,578627.0,1924.0,7709.0,23.0,56598.604,754.059,5059543.0,4538992.0,10223344.0
2021-11-25,Azerbaijan,580507.0,1880.0,7736.0,27.0,56782.497,756.7,5063688.0,4544439.0,10223344.0
2021-11-26,Azerbaijan,582504.0,1997.0,7767.0,31.0,56977.834,759.732,5067433.0,4549652.0,10223344.0
2021-11-27,Azerbaijan,584121.0,1617.0,7789.0,22.0,57136.002,761.884,5071264.0,4555457.0,10223344.0
2021-11-28,Azerbaijan,585783.0,1662.0,7807.0,18.0,57298.571,763.644,5074275.0,4559863.0,10223344.0
2021-11-29,Azerbaijan,586640.0,857.0,7833.0,26.0,57382.399,766.188,5074341.0,4559877.0,10223344.0
2021-11-30,Azerbaijan,588318.0,1678.0,7856.0,23.0,57546.533,768.437,5079349.0,4566911.0,10223344.0
2021-12-01,Azerbaijan,590113.0,1795.0,7884.0,28.0,57722.111,771.176,5083530.0,4573036.0,10223344.0
2021-12-02,Azerbaijan,591885.0,1772.0,7905.0,21.0,57895.44,773.23,5087717.0,4578492.0,10223344.0
2021-12-03,Azerbaijan,593588.0,1703.0,7929.0,24.0,58062.02,775.578,5091635.0,4583569.0,10223344.0
2021-12-04,Azerbaijan,594994.0,1406.0,7947.0,18.0,58199.548,777.339,5095524.0,4588915.0,10223344.0
2021-12-05,Azerbaijan,596388.0,1394.0,7967.0,20.0,58335.903,779.295,5098541.0,4593278.0,10223344.0
2021-12-06,Azerbaijan,596973.0,585.0,7983.0,16.0,58393.125,780.86,5098684.0,4593286.0,10223344.0
2021-12-07,Azerbaijan,598503.0,1530.0,8004.0,21.0,58542.782,782.914,5103256.0,4597903.0,10223344.0
2021-12-08,Azerbaijan,599713.0,1210.0,8019.0,15.0,58661.139,784.381,5107205.0,4601258.0,10223344.0
2021-12-09,Azerbaijan,601028.0,1315.0,8038.0,19.0,58789.766,786.24,5110938.0,4605616.0,10223344.0
2021-12-10,Azerbaijan,602137.0,1109.0,8055.0,17.0,58898.243,787.903,5114379.0,4609478.0,10223344.0
2021-12-11,Azerbaijan,603254.0,1117.0,8070.0,15.0,59007.503,789.37,5117826.0,4613676.0,10223344.0
2021-12-12,Azerbaijan,604480.0,1226.0,8088.0,18.0,59127.424,791.131,5120573.0,4617224.0,10223344.0
2021-12-13,Azerbaijan,604998.0,518.0,8104.0,16.0,59178.093,792.696,5120575.0,4617228.0,10223344.0
2021-12-14,Azerbaijan,605920.0,922.0,8123.0,19.0,59268.279,794.554,5124934.0,4622381.0,10223344.0
2021-12-15,Azerbaijan,607076.0,1156.0,8137.0,14.0,59381.353,795.924,5128454.0,4626667.0,10223344.0
2021-12-16,Azerbaijan,608060.0,984.0,8149.0,12.0,59477.603,797.097,5131789.0,4630793.0,10223344.0
2021-12-17,Azerbaijan,608815.0,755.0,8167.0,18.0,59551.454,798.858,5134947.0,4634404.0,10223344.0
2021-12-18,Azerbaijan,609397.0,582.0,8182.0,15.0,59608.383,800.325,5138212.0,4638622.0,10223344.0
2021-12-19,Azerbaijan,610318.0,921.0,8199.0,17.0,59698.47,801.988,5140913.0,4641869.0,10223344.0
2021-12-20,Azerbaijan,610895.0,577.0,8208.0,9.0,59754.91,802.868,5140918.0,4641918.0,10223344.0
2021-12-21,Azerbaijan,611557.0,662.0,8222.0,14.0,59819.664,804.238,5144676.0,4645903.0,10223344.0
2021-12-22,Azerbaijan,612205.0,648.0,8238.0,16.0,59883.048,805.803,5147759.0,4649537.0,10223344.0
2021-12-23,Azerbaijan,613059.0,854.0,8257.0,19.0,59966.582,807.661,5150711.0,4653005.0,10223344.0
2021-12-24,Azerbaijan,613618.0,559.0,8269.0,12.0,60021.261,808.835,5153329.0,4656209.0,10223344.0
2021-12-25,Azerbaijan,614119.0,501.0,8284.0,15.0,60070.267,810.302,5155907.0,4659458.0,10223344.0
2021-12-26,Azerbaijan,614630.0,511.0,8297.0,13.0,60120.25,811.574,0.0,0.0,10223344.0
2021-12-27,Azerbaijan,614936.0,306.0,8308.0,11.0,60150.182,812.65,5157956.0,4662029.0,10223344.0
2021-12-28,Azerbaijan,615312.0,376.0,8324.0,16.0,60186.96,814.215,5161039.0,4666161.0,10223344.0
2021-12-29,Azerbaijan,615842.0,530.0,8332.0,8.0,60238.802,814.998,5163947.0,4669820.0,10223344.0
2021-12-30,Azerbaijan,616352.0,510.0,8346.0,14.0,60288.688,816.367,5166741.0,4673411.0,10223344.0
2021-12-31,Azerbaijan,616947.0,595.0,8358.0,12.0,60346.888,817.541,5169382.0,4676520.0,10223344.0
2022-01-01,Azerbaijan,617311.0,364.0,8365.0,7.0,60382.493,818.225,5169392.0,4676580.0,10223344.0
2022-01-02,Azerbaijan,617679.0,368.0,8375.0,10.0,60418.489,819.204,5169401.0,4676609.0,10223344.0
2022-01-03,Azerbaijan,617952.0,273.0,8383.0,8.0,60445.193,819.986,5169419.0,4676664.0,10223344.0
2022-01-04,Azerbaijan,618365.0,413.0,8398.0,15.0,60485.591,821.453,5169431.0,4676760.0,10223344.0
2022-01-05,Azerbaijan,618918.0,553.0,8409.0,11.0,60539.683,822.529,5171942.0,4680213.0,10223344.0
2022-01-06,Azerbaijan,619502.0,584.0,8422.0,13.0,60596.807,823.801,5175536.0,4684670.0,10223344.0
2022-01-07,Azerbaijan,620049.0,547.0,8431.0,9.0,60650.312,824.681,5178595.0,4688646.0,10223344.0
2022-01-08,Azerbaijan,620679.0,630.0,8437.0,6.0,60711.935,825.268,5181783.0,4692515.0,10223344.0
2022-01-09,Azerbaijan,621234.0,555.0,8445.0,8.0,60766.223,826.051,5184045.0,4695326.0,10223344.0
2022-01-10,Azerbaijan,621563.0,329.0,8457.0,12.0,60798.404,827.224,5184066.0,4695363.0,10223344.0
2022-01-11,Azerbaijan,622236.0,673.0,8471.0,14.0,60864.234,828.594,5187462.0,4699487.0,10223344.0
2022-01-12,Azerbaijan,622881.0,645.0,8480.0,9.0,60927.325,829.474,5190347.0,4703255.0,10223344.0
2022-01-13,Azerbaijan,623555.0,674.0,8490.0,10.0,60993.252,830.452,5193025.0,4706413.0,10223344.0
2022-01-14,Azerbaijan,624208.0,653.0,8497.0,7.0,61057.126,831.137,0.0,0.0,10223344.0
2022-01-15,Azerbaijan,624918.0,710.0,8510.0,13.0,61126.575,832.409,5198072.0,4712091.0,10223344.0
2022-01-16,Azerbaijan,625726.0,808.0,8521.0,11.0,61205.609,833.485,5200328.0,4714478.0,10223344.0
2022-01-17,Azerbaijan,626085.0,359.0,8529.0,8.0,61240.725,834.267,5200330.0,4714478.0,10223344.0
2022-01-18,Azerbaijan,627015.0,930.0,8541.0,12.0,61331.693,835.441,5203374.0,4717982.0,10223344.0
2022-01-19,Azerbaijan,628166.0,1151.0,8550.0,9.0,61444.279,836.321,5206120.0,4720935.0,10223344.0
2022-01-20,Azerbaijan,629352.0,1186.0,8564.0,14.0,61560.288,837.691,5208739.0,4723586.0,10223344.0
2022-01-21,Azerbaijan,630420.0,1068.0,8581.0,17.0,61664.755,839.354,5209461.0,4724359.0,10223344.0
2022-01-22,Azerbaijan,632034.0,1614.0,8597.0,16.0,61822.629,840.919,5212082.0,4727150.0,10223344.0
2022-01-23,Azerbaijan,633731.0,1697.0,8610.0,13.0,61988.621,842.19,5214124.0,4729272.0,10223344.0
2022-01-24,Azerbaijan,634488.0,757.0,8619.0,9.0,62062.668,843.071,5214125.0,4729273.0,10223344.0
2022-01-25,Azerbaijan,636956.0,2468.0,8632.0,13.0,62304.076,844.342,5217380.0,4732155.0,10223344.0
2022-01-26,Azerbaijan,640148.0,3192.0,8650.0,18.0,62616.302,846.103,5220001.0,4734704.0,10223344.0
2022-01-27,Azerbaijan,643509.0,3361.0,8664.0,14.0,62945.06,847.472,5222566.0,4736905.0,10223344.0
2022-01-28,Azerbaijan,647073.0,3564.0,8683.0,19.0,63293.674,849.331,5225069.0,4738970.0,10223344.0
2022-01-29,Azerbaijan,651341.0,4268.0,8700.0,17.0,63711.15,850.994,5228014.0,4740859.0,10223344.0
2022-01-30,Azerbaijan,656284.0,4943.0,8720.0,20.0,64194.651,852.95,5230388.0,4742169.0,10223344.0
2022-01-31,Azerbaijan,658470.0,2186.0,8734.0,14.0,64408.475,854.319,5230388.0,4742174.0,10223344.0
2022-02-01,Azerbaijan,663693.0,5223.0,8755.0,21.0,64919.365,856.373,5233696.0,4743594.0,10223344.0
2022-02-02,Azerbaijan,670313.0,6620.0,8779.0,24.0,65566.903,858.721,5236758.0,4745006.0,10223344.0
2022-02-03,Azerbaijan,676426.0,6113.0,8797.0,18.0,66164.848,860.482,5239838.0,4746927.0,10223344.0
2022-02-04,Azerbaijan,683476.0,7050.0,8823.0,26.0,66854.446,863.025,5242827.0,4748738.0,10223344.0
2022-02-05,Azerbaijan,691180.0,7704.0,8846.0,23.0,67608.016,865.275,5245925.0,4750763.0,10223344.0
2022-02-06,Azerbaijan,698654.0,7474.0,8871.0,25.0,68339.087,867.72,0.0,0.0,10223344.0
2022-02-07,Azerbaijan,703334.0,4680.0,8898.0,27.0,68796.863,870.361,5248383.0,4752395.0,10223344.0
2022-02-08,Azerbaijan,710366.0,7032.0,8920.0,22.0,69484.701,872.513,5252035.0,4754599.0,10223344.0
2022-02-09,Azerbaijan,718145.0,7779.0,8948.0,28.0,70245.607,875.252,5255473.0,4756764.0,10223344.0
2022-02-10,Azerbaijan,725777.0,7632.0,8972.0,24.0,70992.133,877.599,5258618.0,4758803.0,10223344.0
2022-02-11,Azerbaijan,732380.0,6603.0,8998.0,26.0,71638.008,880.143,5261495.0,4760705.0,10223344.0
2022-02-12,Azerbaijan,738328.0,5948.0,9027.0,29.0,72219.814,882.979,5264564.0,4762493.0,10223344.0
2022-02-13,Azerbaijan,745169.0,6841.0,9050.0,23.0,72888.969,885.229,5267458.0,4764254.0,10223344.0
2022-02-14,Azerbaijan,747918.0,2749.0,9077.0,27.0,73157.863,887.87,5267544.0,4764378.0,10223344.0
2022-02-15,Azerbaijan,752605.0,4687.0,9105.0,28.0,73616.324,890.609,5270596.0,4766430.0,10223344.0
2022-02-16,Azerbaijan,759753.0,7148.0,9127.0,22.0,74315.508,892.761,5273971.0,4768299.0,10223344.0
2022-02-17,Azerbaijan,764202.0,4449.0,9157.0,30.0,74750.688,895.695,5280393.0,4772019.0,10223344.0
2022-02-18,Azerbaijan,768019.0,3817.0,9182.0,25.0,75124.049,898.141,0.0,0.0,10223344.0
2022-02-19,Azerbaijan,771709.0,3690.0,9211.0,29.0,75484.988,900.977,0.0,0.0,10223344.0
2022-02-20,Azerbaijan,774394.0,2685.0,9235.0,24.0,75747.622,903.325,0.0,0.0,10223344.0
2022-02-21,Azerbaijan,775432.0,1038.0,9261.0,26.0,75849.155,905.868,0.0,0.0,10223344.0
2022-02-22,Azerbaijan,777804.0,2372.0,9280.0,19.0,76081.173,907.726,0.0,0.0,10223344.0
2022-02-23,Azerbaijan,779783.0,1979.0,9307.0,27.0,76274.749,910.367,0.0,0.0,10223344.0
2022-02-24,Azerbaijan,781538.0,1755.0,9330.0,23.0,76446.415,912.617,0.0,0.0,10223344.0
2022-02-25,Azerbaijan,782748.0,1210.0,9358.0,28.0,76564.772,915.356,0.0,0.0,10223344.0
2022-02-26,Azerbaijan,782748.0,0.0,9358.0,0.0,76564.772,915.356,0.0,0.0,10223344.0
2022-02-27,Azerbaijan,785301.0,2553.0,9400.0,42.0,76814.494,919.464,0.0,0.0,10223344.0
2022-02-28,Azerbaijan,785670.0,369.0,9417.0,17.0,76850.588,921.127,0.0,0.0,10223344.0
2022-03-01,Azerbaijan,786502.0,832.0,9438.0,21.0,76931.971,923.181,0.0,0.0,10223344.0
2022-03-02,Azerbaijan,787367.0,865.0,9454.0,16.0,77016.581,924.746,0.0,0.0,10223344.0
2022-03-03,Azerbaijan,787937.0,570.0,9473.0,19.0,77072.336,926.605,0.0,0.0,10223344.0
2022-03-04,Azerbaijan,788525.0,588.0,9488.0,15.0,77129.851,928.072,0.0,0.0,10223344.0
2022-03-05,Azerbaijan,788958.0,433.0,9500.0,12.0,77172.205,929.246,0.0,0.0,10223344.0
2020-03-16,Bahamas,1.0,1.0,0.0,0.0,2.519,0.0,0.0,0.0,396914.0
2020-03-17,Bahamas,1.0,0.0,0.0,0.0,2.519,0.0,0.0,0.0,396914.0
2020-03-18,Bahamas,1.0,0.0,0.0,0.0,2.519,0.0,0.0,0.0,396914.0
2020-03-19,Bahamas,3.0,2.0,0.0,0.0,7.558,0.0,0.0,0.0,396914.0
2020-03-20,Bahamas,3.0,0.0,0.0,0.0,7.558,0.0,0.0,0.0,396914.0
2020-03-21,Bahamas,4.0,1.0,0.0,0.0,10.078,0.0,0.0,0.0,396914.0
2020-03-22,Bahamas,4.0,0.0,0.0,0.0,10.078,0.0,0.0,0.0,396914.0
2020-03-23,Bahamas,4.0,0.0,0.0,0.0,10.078,0.0,0.0,0.0,396914.0
2020-03-24,Bahamas,5.0,1.0,0.0,0.0,12.597,0.0,0.0,0.0,396914.0
2020-03-25,Bahamas,5.0,0.0,0.0,0.0,12.597,0.0,0.0,0.0,396914.0
2020-03-26,Bahamas,9.0,4.0,0.0,0.0,22.675,0.0,0.0,0.0,396914.0
2020-03-27,Bahamas,10.0,1.0,0.0,0.0,25.194,0.0,0.0,0.0,396914.0
2020-03-28,Bahamas,10.0,0.0,0.0,0.0,25.194,0.0,0.0,0.0,396914.0
2020-03-29,Bahamas,11.0,1.0,0.0,0.0,27.714,0.0,0.0,0.0,396914.0
2020-03-30,Bahamas,14.0,3.0,0.0,0.0,35.272,0.0,0.0,0.0,396914.0
2020-03-31,Bahamas,14.0,0.0,0.0,0.0,35.272,0.0,0.0,0.0,396914.0
2020-04-01,Bahamas,21.0,7.0,1.0,1.0,52.908,2.519,0.0,0.0,396914.0
2020-04-02,Bahamas,24.0,3.0,1.0,0.0,60.466,2.519,0.0,0.0,396914.0
2020-04-03,Bahamas,24.0,0.0,1.0,0.0,60.466,2.519,0.0,0.0,396914.0
2020-04-04,Bahamas,28.0,4.0,4.0,3.0,70.544,10.078,0.0,0.0,396914.0
2020-04-05,Bahamas,28.0,0.0,4.0,0.0,70.544,10.078,0.0,0.0,396914.0
2020-04-06,Bahamas,29.0,1.0,5.0,1.0,73.064,12.597,0.0,0.0,396914.0
2020-04-07,Bahamas,33.0,4.0,6.0,1.0,83.141,15.117,0.0,0.0,396914.0
2020-04-08,Bahamas,40.0,7.0,7.0,1.0,100.777,17.636,0.0,0.0,396914.0
2020-04-09,Bahamas,41.0,1.0,8.0,1.0,103.297,20.155,0.0,0.0,396914.0
2020-04-10,Bahamas,42.0,1.0,8.0,0.0,105.816,20.155,0.0,0.0,396914.0
2020-04-11,Bahamas,46.0,4.0,8.0,0.0,115.894,20.155,0.0,0.0,396914.0
2020-04-12,Bahamas,46.0,0.0,8.0,0.0,115.894,20.155,0.0,0.0,396914.0
2020-04-13,Bahamas,47.0,1.0,8.0,0.0,118.414,20.155,0.0,0.0,396914.0
2020-04-14,Bahamas,49.0,2.0,8.0,0.0,123.452,20.155,0.0,0.0,396914.0
2020-04-15,Bahamas,49.0,0.0,8.0,0.0,123.452,20.155,0.0,0.0,396914.0
2020-04-16,Bahamas,53.0,4.0,8.0,0.0,133.53,20.155,0.0,0.0,396914.0
2020-04-17,Bahamas,54.0,1.0,9.0,1.0,136.05,22.675,0.0,0.0,396914.0
2020-04-18,Bahamas,55.0,1.0,9.0,0.0,138.569,22.675,0.0,0.0,396914.0
2020-04-19,Bahamas,55.0,0.0,9.0,0.0,138.569,22.675,0.0,0.0,396914.0
2020-04-20,Bahamas,60.0,5.0,9.0,0.0,151.166,22.675,0.0,0.0,396914.0
2020-04-21,Bahamas,65.0,5.0,9.0,0.0,163.763,22.675,0.0,0.0,396914.0
2020-04-22,Bahamas,65.0,0.0,9.0,0.0,163.763,22.675,0.0,0.0,396914.0
2020-04-23,Bahamas,72.0,7.0,11.0,2.0,181.399,27.714,0.0,0.0,396914.0
2020-04-24,Bahamas,73.0,1.0,11.0,0.0,183.919,27.714,0.0,0.0,396914.0
2020-04-25,Bahamas,78.0,5.0,11.0,0.0,196.516,27.714,0.0,0.0,396914.0
2020-04-26,Bahamas,80.0,2.0,11.0,0.0,201.555,27.714,0.0,0.0,396914.0
2020-04-27,Bahamas,80.0,0.0,11.0,0.0,201.555,27.714,0.0,0.0,396914.0
2020-04-28,Bahamas,80.0,0.0,11.0,0.0,201.555,27.714,0.0,0.0,396914.0
2020-04-29,Bahamas,80.0,0.0,11.0,0.0,201.555,27.714,0.0,0.0,396914.0
2020-04-30,Bahamas,81.0,1.0,11.0,0.0,204.074,27.714,0.0,0.0,396914.0
2020-05-01,Bahamas,81.0,0.0,11.0,0.0,204.074,27.714,0.0,0.0,396914.0
2020-05-02,Bahamas,83.0,2.0,11.0,0.0,209.113,27.714,0.0,0.0,396914.0
2020-05-03,Bahamas,83.0,0.0,11.0,0.0,209.113,27.714,0.0,0.0,396914.0
2020-05-04,Bahamas,83.0,0.0,11.0,0.0,209.113,27.714,0.0,0.0,396914.0
2020-05-05,Bahamas,89.0,6.0,11.0,0.0,224.23,27.714,0.0,0.0,396914.0
2020-05-06,Bahamas,92.0,3.0,11.0,0.0,231.788,27.714,0.0,0.0,396914.0
2020-05-07,Bahamas,92.0,0.0,11.0,0.0,231.788,27.714,0.0,0.0,396914.0
2020-05-08,Bahamas,92.0,0.0,11.0,0.0,231.788,27.714,0.0,0.0,396914.0
2020-05-09,Bahamas,92.0,0.0,11.0,0.0,231.788,27.714,0.0,0.0,396914.0
2020-05-10,Bahamas,92.0,0.0,11.0,0.0,231.788,27.714,0.0,0.0,396914.0
2020-05-11,Bahamas,93.0,1.0,11.0,0.0,234.308,27.714,0.0,0.0,396914.0
2020-05-12,Bahamas,93.0,0.0,11.0,0.0,234.308,27.714,0.0,0.0,396914.0
2020-05-13,Bahamas,94.0,1.0,11.0,0.0,236.827,27.714,0.0,0.0,396914.0
2020-05-14,Bahamas,96.0,2.0,11.0,0.0,241.866,27.714,0.0,0.0,396914.0
2020-05-15,Bahamas,96.0,0.0,11.0,0.0,241.866,27.714,0.0,0.0,396914.0
2020-05-16,Bahamas,96.0,0.0,11.0,0.0,241.866,27.714,0.0,0.0,396914.0
2020-05-17,Bahamas,96.0,0.0,11.0,0.0,241.866,27.714,0.0,0.0,396914.0
2020-05-18,Bahamas,96.0,0.0,11.0,0.0,241.866,27.714,0.0,0.0,396914.0
2020-05-19,Bahamas,96.0,0.0,11.0,0.0,241.866,27.714,0.0,0.0,396914.0
2020-05-20,Bahamas,97.0,1.0,11.0,0.0,244.385,27.714,0.0,0.0,396914.0
2020-05-21,Bahamas,97.0,0.0,11.0,0.0,244.385,27.714,0.0,0.0,396914.0
2020-05-22,Bahamas,97.0,0.0,11.0,0.0,244.385,27.714,0.0,0.0,396914.0
2020-05-23,Bahamas,100.0,3.0,11.0,0.0,251.944,27.714,0.0,0.0,396914.0
2020-05-24,Bahamas,100.0,0.0,11.0,0.0,251.944,27.714,0.0,0.0,396914.0
2020-05-25,Bahamas,100.0,0.0,11.0,0.0,251.944,27.714,0.0,0.0,396914.0
2020-05-26,Bahamas,100.0,0.0,11.0,0.0,251.944,27.714,0.0,0.0,396914.0
2020-05-27,Bahamas,100.0,0.0,11.0,0.0,251.944,27.714,0.0,0.0,396914.0
2020-05-28,Bahamas,101.0,1.0,11.0,0.0,254.463,27.714,0.0,0.0,396914.0
2020-05-29,Bahamas,102.0,1.0,11.0,0.0,256.983,27.714,0.0,0.0,396914.0
2020-05-30,Bahamas,102.0,0.0,11.0,0.0,256.983,27.714,0.0,0.0,396914.0
2020-05-31,Bahamas,102.0,0.0,11.0,0.0,256.983,27.714,0.0,0.0,396914.0
2020-06-01,Bahamas,102.0,0.0,11.0,0.0,256.983,27.714,0.0,0.0,396914.0
2020-06-02,Bahamas,102.0,0.0,11.0,0.0,256.983,27.714,0.0,0.0,396914.0
2020-06-03,Bahamas,102.0,0.0,11.0,0.0,256.983,27.714,0.0,0.0,396914.0
2020-06-04,Bahamas,102.0,0.0,11.0,0.0,256.983,27.714,0.0,0.0,396914.0
2020-06-05,Bahamas,102.0,0.0,11.0,0.0,256.983,27.714,0.0,0.0,396914.0
2020-06-06,Bahamas,103.0,1.0,11.0,0.0,259.502,27.714,0.0,0.0,396914.0
2020-06-07,Bahamas,103.0,0.0,11.0,0.0,259.502,27.714,0.0,0.0,396914.0
2020-06-08,Bahamas,103.0,0.0,11.0,0.0,259.502,27.714,0.0,0.0,396914.0
2020-06-09,Bahamas,103.0,0.0,11.0,0.0,259.502,27.714,0.0,0.0,396914.0
2020-06-10,Bahamas,103.0,0.0,11.0,0.0,259.502,27.714,0.0,0.0,396914.0
2020-06-11,Bahamas,103.0,0.0,11.0,0.0,259.502,27.714,0.0,0.0,396914.0
2020-06-12,Bahamas,103.0,0.0,11.0,0.0,259.502,27.714,0.0,0.0,396914.0
2020-06-13,Bahamas,103.0,0.0,11.0,0.0,259.502,27.714,0.0,0.0,396914.0
2020-06-14,Bahamas,103.0,0.0,11.0,0.0,259.502,27.714,0.0,0.0,396914.0
2020-06-15,Bahamas,103.0,0.0,11.0,0.0,259.502,27.714,0.0,0.0,396914.0
2020-06-16,Bahamas,104.0,1.0,11.0,0.0,262.021,27.714,0.0,0.0,396914.0
2020-06-17,Bahamas,104.0,0.0,11.0,0.0,262.021,27.714,0.0,0.0,396914.0
2020-06-18,Bahamas,104.0,0.0,11.0,0.0,262.021,27.714,0.0,0.0,396914.0
2020-06-19,Bahamas,104.0,0.0,11.0,0.0,262.021,27.714,0.0,0.0,396914.0
2020-06-20,Bahamas,104.0,0.0,11.0,0.0,262.021,27.714,0.0,0.0,396914.0
2020-06-21,Bahamas,104.0,0.0,11.0,0.0,262.021,27.714,0.0,0.0,396914.0
2020-06-22,Bahamas,104.0,0.0,11.0,0.0,262.021,27.714,0.0,0.0,396914.0
2020-06-23,Bahamas,104.0,0.0,11.0,0.0,262.021,27.714,0.0,0.0,396914.0
2020-06-24,Bahamas,104.0,0.0,11.0,0.0,262.021,27.714,0.0,0.0,396914.0
2020-06-25,Bahamas,104.0,0.0,11.0,0.0,262.021,27.714,0.0,0.0,396914.0
2020-06-26,Bahamas,104.0,0.0,11.0,0.0,262.021,27.714,0.0,0.0,396914.0
2020-06-27,Bahamas,104.0,0.0,11.0,0.0,262.021,27.714,0.0,0.0,396914.0
2020-06-28,Bahamas,104.0,0.0,11.0,0.0,262.021,27.714,0.0,0.0,396914.0
2020-06-29,Bahamas,104.0,0.0,11.0,0.0,262.021,27.714,0.0,0.0,396914.0
2020-06-30,Bahamas,104.0,0.0,11.0,0.0,262.021,27.714,0.0,0.0,396914.0
2020-07-01,Bahamas,104.0,0.0,11.0,0.0,262.021,27.714,0.0,0.0,396914.0
2020-07-02,Bahamas,104.0,0.0,11.0,0.0,262.021,27.714,0.0,0.0,396914.0
2020-07-03,Bahamas,104.0,0.0,11.0,0.0,262.021,27.714,0.0,0.0,396914.0
2020-07-04,Bahamas,104.0,0.0,11.0,0.0,262.021,27.714,0.0,0.0,396914.0
2020-07-05,Bahamas,104.0,0.0,11.0,0.0,262.021,27.714,0.0,0.0,396914.0
2020-07-06,Bahamas,104.0,0.0,11.0,0.0,262.021,27.714,0.0,0.0,396914.0
2020-07-07,Bahamas,104.0,0.0,11.0,0.0,262.021,27.714,0.0,0.0,396914.0
2020-07-08,Bahamas,106.0,2.0,11.0,0.0,267.06,27.714,0.0,0.0,396914.0
2020-07-09,Bahamas,107.0,1.0,11.0,0.0,269.58,27.714,0.0,0.0,396914.0
2020-07-10,Bahamas,108.0,1.0,11.0,0.0,272.099,27.714,0.0,0.0,396914.0
2020-07-11,Bahamas,111.0,3.0,11.0,0.0,279.658,27.714,0.0,0.0,396914.0
2020-07-12,Bahamas,111.0,0.0,11.0,0.0,279.658,27.714,0.0,0.0,396914.0
2020-07-13,Bahamas,113.0,2.0,11.0,0.0,284.696,27.714,0.0,0.0,396914.0
2020-07-14,Bahamas,116.0,3.0,11.0,0.0,292.255,27.714,0.0,0.0,396914.0
2020-07-15,Bahamas,119.0,3.0,11.0,0.0,299.813,27.714,0.0,0.0,396914.0
2020-07-16,Bahamas,124.0,5.0,11.0,0.0,312.41,27.714,0.0,0.0,396914.0
2020-07-17,Bahamas,129.0,5.0,11.0,0.0,325.007,27.714,0.0,0.0,396914.0
2020-07-18,Bahamas,138.0,9.0,11.0,0.0,347.682,27.714,0.0,0.0,396914.0
2020-07-19,Bahamas,153.0,15.0,11.0,0.0,385.474,27.714,0.0,0.0,396914.0
2020-07-20,Bahamas,174.0,21.0,11.0,0.0,438.382,27.714,0.0,0.0,396914.0
2020-07-21,Bahamas,194.0,20.0,11.0,0.0,488.771,27.714,0.0,0.0,396914.0
2020-07-22,Bahamas,219.0,25.0,11.0,0.0,551.757,27.714,0.0,0.0,396914.0
2020-07-23,Bahamas,274.0,55.0,11.0,0.0,690.326,27.714,0.0,0.0,396914.0
2020-07-24,Bahamas,316.0,42.0,11.0,0.0,796.142,27.714,0.0,0.0,396914.0
2020-07-25,Bahamas,326.0,10.0,11.0,0.0,821.337,27.714,0.0,0.0,396914.0
2020-07-26,Bahamas,342.0,16.0,11.0,0.0,861.648,27.714,0.0,0.0,396914.0
2020-07-27,Bahamas,382.0,40.0,11.0,0.0,962.425,27.714,0.0,0.0,396914.0
2020-07-28,Bahamas,447.0,65.0,11.0,0.0,1126.189,27.714,0.0,0.0,396914.0
2020-07-29,Bahamas,484.0,37.0,11.0,0.0,1219.408,27.714,0.0,0.0,396914.0
2020-07-30,Bahamas,508.0,24.0,14.0,3.0,1279.874,35.272,0.0,0.0,396914.0
2020-07-31,Bahamas,574.0,66.0,14.0,0.0,1446.157,35.272,0.0,0.0,396914.0
2020-08-01,Bahamas,599.0,25.0,14.0,0.0,1509.143,35.272,0.0,0.0,396914.0
2020-08-02,Bahamas,648.0,49.0,14.0,0.0,1632.595,35.272,0.0,0.0,396914.0
2020-08-03,Bahamas,679.0,31.0,14.0,0.0,1710.698,35.272,0.0,0.0,396914.0
2020-08-04,Bahamas,715.0,36.0,14.0,0.0,1801.398,35.272,0.0,0.0,396914.0
2020-08-05,Bahamas,751.0,36.0,14.0,0.0,1892.098,35.272,0.0,0.0,396914.0
2020-08-06,Bahamas,761.0,10.0,14.0,0.0,1917.292,35.272,0.0,0.0,396914.0
2020-08-07,Bahamas,830.0,69.0,14.0,0.0,2091.133,35.272,0.0,0.0,396914.0
2020-08-08,Bahamas,878.0,48.0,14.0,0.0,2212.066,35.272,0.0,0.0,396914.0
2020-08-09,Bahamas,898.0,20.0,15.0,1.0,2262.455,37.792,0.0,0.0,396914.0
2020-08-10,Bahamas,945.0,47.0,15.0,0.0,2380.868,37.792,0.0,0.0,396914.0
2020-08-11,Bahamas,989.0,44.0,15.0,0.0,2491.724,37.792,0.0,0.0,396914.0
2020-08-12,Bahamas,1036.0,47.0,15.0,0.0,2610.137,37.792,0.0,0.0,396914.0
2020-08-13,Bahamas,1089.0,53.0,15.0,0.0,2743.667,37.792,0.0,0.0,396914.0
2020-08-14,Bahamas,1119.0,30.0,17.0,2.0,2819.251,42.83,0.0,0.0,396914.0
2020-08-15,Bahamas,1252.0,133.0,17.0,0.0,3154.336,42.83,0.0,0.0,396914.0
2020-08-16,Bahamas,1315.0,63.0,18.0,1.0,3313.06,45.35,0.0,0.0,396914.0
2020-08-17,Bahamas,1329.0,14.0,19.0,1.0,3348.332,47.869,0.0,0.0,396914.0
2020-08-18,Bahamas,1424.0,95.0,20.0,1.0,3587.679,50.389,0.0,0.0,396914.0
2020-08-19,Bahamas,1531.0,107.0,22.0,2.0,3857.259,55.428,0.0,0.0,396914.0
2020-08-20,Bahamas,1610.0,79.0,23.0,1.0,4056.294,57.947,0.0,0.0,396914.0
2020-08-21,Bahamas,1703.0,93.0,27.0,4.0,4290.602,68.025,0.0,0.0,396914.0
2020-08-22,Bahamas,1765.0,62.0,27.0,0.0,4446.807,68.025,0.0,0.0,396914.0
2020-08-23,Bahamas,1784.0,19.0,29.0,2.0,4494.676,73.064,0.0,0.0,396914.0
2020-08-24,Bahamas,1798.0,14.0,44.0,15.0,4529.949,110.855,0.0,0.0,396914.0
2020-08-25,Bahamas,1813.0,15.0,46.0,2.0,4567.74,115.894,0.0,0.0,396914.0
2020-08-26,Bahamas,1923.0,110.0,48.0,2.0,4844.878,120.933,0.0,0.0,396914.0
2020-08-27,Bahamas,2020.0,97.0,48.0,0.0,5089.264,120.933,0.0,0.0,396914.0
2020-08-28,Bahamas,2057.0,37.0,50.0,2.0,5182.483,125.972,0.0,0.0,396914.0
2020-08-29,Bahamas,2135.0,78.0,50.0,0.0,5378.999,125.972,0.0,0.0,396914.0
2020-08-30,Bahamas,2167.0,32.0,50.0,0.0,5459.621,125.972,0.0,0.0,396914.0
2020-08-31,Bahamas,2217.0,50.0,50.0,0.0,5585.593,125.972,0.0,0.0,396914.0
2020-09-01,Bahamas,2276.0,59.0,50.0,0.0,5734.24,125.972,0.0,0.0,396914.0
2020-09-02,Bahamas,2337.0,61.0,50.0,0.0,5887.925,125.972,0.0,0.0,396914.0
2020-09-03,Bahamas,2386.0,49.0,50.0,0.0,6011.378,125.972,0.0,0.0,396914.0
2020-09-04,Bahamas,2386.0,0.0,50.0,0.0,6011.378,125.972,0.0,0.0,396914.0
2020-09-05,Bahamas,2476.0,90.0,55.0,5.0,6238.127,138.569,0.0,0.0,396914.0
2020-09-06,Bahamas,2506.0,30.0,56.0,1.0,6313.71,141.088,0.0,0.0,396914.0
2020-09-07,Bahamas,2546.0,40.0,58.0,2.0,6414.488,146.127,0.0,0.0,396914.0
2020-09-08,Bahamas,2585.0,39.0,59.0,1.0,6512.746,148.647,0.0,0.0,396914.0
2020-09-09,Bahamas,2721.0,136.0,63.0,4.0,6855.389,158.725,0.0,0.0,396914.0
2020-09-10,Bahamas,2721.0,0.0,63.0,0.0,6855.389,158.725,0.0,0.0,396914.0
2020-09-11,Bahamas,2814.0,93.0,65.0,2.0,7089.697,163.763,0.0,0.0,396914.0
2020-09-12,Bahamas,2928.0,114.0,67.0,2.0,7376.913,168.802,0.0,0.0,396914.0
2020-09-13,Bahamas,2928.0,0.0,67.0,0.0,7376.913,168.802,0.0,0.0,396914.0
2020-09-14,Bahamas,3008.0,80.0,68.0,1.0,7578.468,171.322,0.0,0.0,396914.0
2020-09-15,Bahamas,3032.0,24.0,69.0,1.0,7638.934,173.841,0.0,0.0,396914.0
2020-09-16,Bahamas,3087.0,55.0,69.0,0.0,7777.503,173.841,0.0,0.0,396914.0
2020-09-17,Bahamas,3177.0,90.0,69.0,0.0,8004.253,173.841,0.0,0.0,396914.0
2020-09-18,Bahamas,3177.0,0.0,69.0,0.0,8004.253,173.841,0.0,0.0,396914.0
2020-09-19,Bahamas,3214.0,37.0,73.0,4.0,8097.472,183.919,0.0,0.0,396914.0
2020-09-20,Bahamas,3315.0,101.0,74.0,1.0,8351.935,186.438,0.0,0.0,396914.0
2020-09-21,Bahamas,3418.0,103.0,75.0,1.0,8611.437,188.958,0.0,0.0,396914.0
2020-09-22,Bahamas,3467.0,49.0,77.0,2.0,8734.89,193.997,0.0,0.0,396914.0
2020-09-23,Bahamas,3618.0,151.0,80.0,3.0,9115.325,201.555,0.0,0.0,396914.0
2020-09-24,Bahamas,3699.0,81.0,86.0,6.0,9319.399,216.672,0.0,0.0,396914.0
2020-09-25,Bahamas,3790.0,91.0,89.0,3.0,9548.668,224.23,0.0,0.0,396914.0
2020-09-26,Bahamas,3790.0,0.0,89.0,0.0,9548.668,224.23,0.0,0.0,396914.0
2020-09-27,Bahamas,3838.0,48.0,89.0,0.0,9669.601,224.23,0.0,0.0,396914.0
2020-09-28,Bahamas,3838.0,0.0,89.0,0.0,9669.601,224.23,0.0,0.0,396914.0
2020-09-29,Bahamas,3903.0,65.0,91.0,2.0,9833.364,229.269,0.0,0.0,396914.0
2020-09-30,Bahamas,4123.0,220.0,96.0,5.0,10387.641,241.866,0.0,0.0,396914.0
2020-10-01,Bahamas,4123.0,0.0,96.0,0.0,10387.641,241.866,0.0,0.0,396914.0
2020-10-02,Bahamas,4220.0,97.0,96.0,0.0,10632.026,241.866,0.0,0.0,396914.0
2020-10-03,Bahamas,4332.0,112.0,96.0,0.0,10914.203,241.866,0.0,0.0,396914.0
2020-10-04,Bahamas,4409.0,77.0,96.0,0.0,11108.2,241.866,0.0,0.0,396914.0
2020-10-05,Bahamas,4452.0,43.0,96.0,0.0,11216.536,241.866,0.0,0.0,396914.0
2020-10-06,Bahamas,4559.0,107.0,100.0,4.0,11486.115,251.944,0.0,0.0,396914.0
2020-10-07,Bahamas,4713.0,154.0,102.0,2.0,11874.109,256.983,0.0,0.0,396914.0
2020-10-08,Bahamas,4713.0,0.0,102.0,0.0,11874.109,256.983,0.0,0.0,396914.0
2020-10-09,Bahamas,4713.0,0.0,102.0,0.0,11874.109,256.983,0.0,0.0,396914.0
2020-10-10,Bahamas,5023.0,310.0,106.0,4.0,12655.134,267.06,0.0,0.0,396914.0
2020-10-11,Bahamas,5078.0,55.0,107.0,1.0,12793.703,269.58,0.0,0.0,396914.0
2020-10-12,Bahamas,5163.0,85.0,108.0,1.0,13007.856,272.099,0.0,0.0,396914.0
2020-10-13,Bahamas,5163.0,0.0,108.0,0.0,13007.856,272.099,0.0,0.0,396914.0
2020-10-14,Bahamas,5191.0,28.0,109.0,1.0,13078.4,274.619,0.0,0.0,396914.0
2020-10-15,Bahamas,5385.0,194.0,112.0,3.0,13567.171,282.177,0.0,0.0,396914.0
2020-10-16,Bahamas,5517.0,132.0,114.0,2.0,13899.736,287.216,0.0,0.0,396914.0
2020-10-17,Bahamas,5628.0,111.0,116.0,2.0,14179.394,292.255,0.0,0.0,396914.0
2020-10-18,Bahamas,5703.0,75.0,122.0,6.0,14368.352,307.371,0.0,0.0,396914.0
2020-10-19,Bahamas,5773.0,70.0,123.0,1.0,14544.712,309.891,0.0,0.0,396914.0
2020-10-20,Bahamas,5923.0,150.0,124.0,1.0,14922.628,312.41,0.0,0.0,396914.0
2020-10-21,Bahamas,6051.0,128.0,127.0,3.0,15245.116,319.969,0.0,0.0,396914.0
2020-10-22,Bahamas,6135.0,84.0,130.0,3.0,15456.749,327.527,0.0,0.0,396914.0
2020-10-23,Bahamas,6268.0,133.0,130.0,0.0,15791.834,327.527,0.0,0.0,396914.0
2020-10-24,Bahamas,6268.0,0.0,130.0,0.0,15791.834,327.527,0.0,0.0,396914.0
2020-10-25,Bahamas,6410.0,142.0,132.0,2.0,16149.594,332.566,0.0,0.0,396914.0
2020-10-26,Bahamas,6410.0,0.0,132.0,0.0,16149.594,332.566,0.0,0.0,396914.0
2020-10-27,Bahamas,6502.0,92.0,136.0,4.0,16381.382,342.643,0.0,0.0,396914.0
2020-10-28,Bahamas,6549.0,47.0,136.0,0.0,16499.796,342.643,0.0,0.0,396914.0
2020-10-29,Bahamas,6607.0,58.0,138.0,2.0,16645.923,347.682,0.0,0.0,396914.0
2020-10-30,Bahamas,6644.0,37.0,142.0,4.0,16739.142,357.76,0.0,0.0,396914.0
2020-10-31,Bahamas,6714.0,70.0,144.0,2.0,16915.503,362.799,0.0,0.0,396914.0
2020-11-01,Bahamas,6714.0,0.0,144.0,0.0,16915.503,362.799,0.0,0.0,396914.0
2020-11-02,Bahamas,6735.0,21.0,146.0,2.0,16968.411,367.838,0.0,0.0,396914.0
2020-11-03,Bahamas,6790.0,55.0,149.0,3.0,17106.98,375.396,0.0,0.0,396914.0
2020-11-04,Bahamas,6843.0,53.0,150.0,1.0,17240.511,377.916,0.0,0.0,396914.0
2020-11-05,Bahamas,6882.0,39.0,150.0,0.0,17338.769,377.916,0.0,0.0,396914.0
2020-11-06,Bahamas,6882.0,0.0,150.0,0.0,17338.769,377.916,0.0,0.0,396914.0
2020-11-07,Bahamas,6947.0,65.0,152.0,2.0,17502.532,382.954,0.0,0.0,396914.0
2020-11-08,Bahamas,6947.0,0.0,152.0,0.0,17502.532,382.954,0.0,0.0,396914.0
2020-11-09,Bahamas,6964.0,17.0,154.0,2.0,17545.362,387.993,0.0,0.0,396914.0
2020-11-10,Bahamas,7012.0,48.0,154.0,0.0,17666.295,387.993,0.0,0.0,396914.0
2020-11-11,Bahamas,7060.0,48.0,154.0,0.0,17787.228,387.993,0.0,0.0,396914.0
2020-11-12,Bahamas,7124.0,64.0,155.0,1.0,17948.472,390.513,0.0,0.0,396914.0
2020-11-13,Bahamas,7163.0,39.0,155.0,0.0,18046.731,390.513,0.0,0.0,396914.0
2020-11-14,Bahamas,7163.0,0.0,155.0,0.0,18046.731,390.513,0.0,0.0,396914.0
2020-11-15,Bahamas,7186.0,23.0,156.0,1.0,18104.678,393.032,0.0,0.0,396914.0
2020-11-16,Bahamas,7256.0,70.0,163.0,7.0,18281.038,410.668,0.0,0.0,396914.0
2020-11-17,Bahamas,7312.0,56.0,163.0,0.0,18422.127,410.668,0.0,0.0,396914.0
2020-11-18,Bahamas,7323.0,11.0,163.0,0.0,18449.841,410.668,0.0,0.0,396914.0
2020-11-19,Bahamas,7348.0,25.0,163.0,0.0,18512.826,410.668,0.0,0.0,396914.0
2020-11-20,Bahamas,7367.0,19.0,163.0,0.0,18560.696,410.668,0.0,0.0,396914.0
2020-11-21,Bahamas,7395.0,28.0,163.0,0.0,18631.24,410.668,0.0,0.0,396914.0
2020-11-22,Bahamas,7413.0,18.0,163.0,0.0,18676.59,410.668,0.0,0.0,396914.0
2020-11-23,Bahamas,7431.0,18.0,163.0,0.0,18721.94,410.668,0.0,0.0,396914.0
2020-11-24,Bahamas,7460.0,29.0,163.0,0.0,18795.003,410.668,0.0,0.0,396914.0
2020-11-25,Bahamas,7469.0,9.0,163.0,0.0,18817.678,410.668,0.0,0.0,396914.0
2020-11-26,Bahamas,7482.0,13.0,163.0,0.0,18850.431,410.668,0.0,0.0,396914.0
2020-11-27,Bahamas,7496.0,14.0,163.0,0.0,18885.703,410.668,0.0,0.0,396914.0
